id,date,ligne,four,probleme,equipement,famille,duree_min,source,famille_norm,equipement_norm,famille_affichage,equipement_affichage
1,2024-01-01,L11,Four 1,Changement du porte pincette,pincette,Section n°5,15.0,import_2024,section n°5,pincette,Section n°5,pincette
2,2024-01-02,L11,Four 1,Mauvaise fonctionnement de rippeur,rippeur,Section n°7,20.0,import_2024,section n°7,rippeur,Section n°7,rippeur
3,2024-01-02,L11,Four 1,changement de rippeur,rippeur,Section n°8,25.0,import_2024,section n°8,rippeur,Section n°8,rippeur
4,2024-01-03,L11,Four 1,Toute seule,Machine,Machine,10.0,import_2024,machine,machine,Machine,Machine
5,2024-01-03,L11,Four 1,Réglage,Transfert,ATC,10.0,import_2024,atc,transfert,ATC,Transfert
6,2024-01-04,L11,Four 1,Probléme de ventillation,ventillation,Section n°1,30.0,import_2024,section n°1,ventillation,Section n°1,ventillation
7,2024-01-04,L11,Four 1,Probléme de palier,palier,Section n°6,20.0,import_2024,section n°6,palier,Section n°6,palier
8,2024-01-04,L11,Four 1,Probléme de palier,palier,Section n°6,20.0,import_2024,section n°6,palier,Section n°6,palier
9,2024-01-05,L11,Four 1,Changement ciseau,Mécanisme ciseaux,Machine,20.0,import_2024,machine,mécanisme ciseaux,Machine,Mécanisme ciseaux
10,2024-01-06,L11,Four 1,Mauvaise fonctionnement de rippeur,rippeur,Section n°7,10.0,import_2024,section n°7,rippeur,Section n°7,rippeur
11,2024-01-06,L11,Four 1,Mauvaise fonctionnement de rippeur,rippeur,Section n°8,20.0,import_2024,section n°8,rippeur,Section n°8,rippeur
12,2024-01-06,L11,Four 1,Changement bras de transfert,bras transfert,Section n°7,20.0,import_2024,section n°7,bras transfert,Section n°7,bras transfert
13,2024-01-06,L11,Four 1,coincement mise a l'arche,Mise a l'arche,Mise a l'arche,5.0,import_2024,mise a l'arche,mise a l'arche,Mise a l'arche,Mise a l'arche
14,2024-01-07,L11,Four 1,Mauvaise fermeture de finisseur,Fermeture de moule,Section n°4,60.0,import_2024,section n°4,fermeture de moule,Section n°4,Fermeture de moule
15,2024-01-07,L11,Four 1,Probléme au niveau de ripeur,rippeur,Section n°8,20.0,import_2024,section n°8,rippeur,Section n°8,rippeur
16,2024-01-08,L11,Four 1,Changement de refroidissement ébaucheur,refroidissement,Section n°3,60.0,import_2024,section n°3,refroidissement,Section n°3,refroidissement
17,2024-01-08,L11,Four 1,Pour faciliter l'intervention au niveau de la S3,faciliter le travail,Section n°4,60.0,import_2024,section n°4,faciliter le travail,Section n°4,faciliter le travail
18,2024-01-08,L11,Four 1,Changement de mécanisme bras transfert et bras transfert,bras transfert,Section n°6,240.0,import_2024,section n°6,bras transfert,Section n°6,bras transfert
19,2024-01-08,L11,Four 1,Pour faciliter l'intervention au niveau de la S6,faciliter le travail,Section n°5,30.0,import_2024,section n°5,faciliter le travail,Section n°5,faciliter le travail
20,2024-01-08,L11,Four 1,Pour faciliter l'intervention au niveau de la S6,faciliter le travail,Section n°7,30.0,import_2024,section n°7,faciliter le travail,Section n°7,faciliter le travail
21,2024-01-09,L11,Four 1,Changement porte pincette,faciliter le travail,Section n°5,15.0,import_2024,section n°5,faciliter le travail,Section n°5,faciliter le travail
22,2024-01-10,L11,Four 1,Arret mise a l'arche,Mise a l'arche,Mise a l'arche,5.0,import_2024,mise a l'arche,mise a l'arche,Mise a l'arche,Mise a l'arche
23,2024-01-11,L11,Four 1,Probléme éléctrique,AEE,Section n°3,305.0,import_2024,section n°3,aee,Section n°3,AEE
24,2024-01-11,L11,Four 1,Changement de rippeur,rippeur,Section n°8,20.0,import_2024,section n°8,rippeur,Section n°8,rippeur
25,2024-01-13,L11,Four 1,Mauvaise fonctionnement de rippeur,rippeur,Section n°7,40.0,import_2024,section n°7,rippeur,Section n°7,rippeur
26,2024-01-13,L11,Four 1,Mauvaise fonctionnement de rippeur,rippeur,Section n°3,60.0,import_2024,section n°3,rippeur,Section n°3,rippeur
27,2024-01-13,L11,Four 1,Mauvaise fonctionnement de rippeur,rippeur,Section n°3,60.0,import_2024,section n°3,rippeur,Section n°3,rippeur
28,2024-01-14,L11,Four 1,Mauvaise fonctionnement de rippeur,rippeur,Section n°7,30.0,import_2024,section n°7,rippeur,Section n°7,rippeur
29,2024-01-14,L11,Four 1,Mauvaise fonctionnement de rippeur,rippeur,Section n°7,30.0,import_2024,section n°7,rippeur,Section n°7,rippeur
30,2024-01-14,L11,Four 1,Mauvaise fonctionnement de rippeur,rippeur,Section n°7,35.0,import_2024,section n°7,rippeur,Section n°7,rippeur
31,2024-01-14,L11,Four 1,Mauvaise fonctionnement de rippeur,rippeur,Section n°7,15.0,import_2024,section n°7,rippeur,Section n°7,rippeur
32,2024-01-15,L11,Four 1,Réparation de flexible de ventillation,ventillation,Section n°1,150.0,import_2024,section n°1,ventillation,Section n°1,ventillation
33,2024-01-16,L11,Four 1,Changement de bobine et distributeur de rippeur,rippeur,Section n°7,120.0,import_2024,section n°7,rippeur,Section n°7,rippeur
34,2024-01-17,L11,Four 1,Coincement ATC,Transfert,ATC,5.0,import_2024,atc,transfert,ATC,Transfert
35,2024-01-18,L11,Four 1,Changement de rippeur,rippeur,Section n°1,15.0,import_2024,section n°1,rippeur,Section n°1,rippeur
36,2024-01-18,L11,Four 1,Mauvaise fonctionnement de rippeur,rippeur,Section n°3,20.0,import_2024,section n°3,rippeur,Section n°3,rippeur
37,2024-01-19,L11,Four 1,Changement rippeur,rippeur,Section n°3,15.0,import_2024,section n°3,rippeur,Section n°3,rippeur
38,2024-01-20,L11,Four 1,Coincement du mécanisme bras transfert,bras transfert,Section n°6,160.0,import_2024,section n°6,bras transfert,Section n°6,bras transfert
39,2024-01-21,L11,Four 1,Mauvaise fonctionnement de rippeur,rippeur,Section n°6,65.0,import_2024,section n°6,rippeur,Section n°6,rippeur
40,2024-01-21,L11,Four 1,Mauvaise fonctionnement de rippeur,rippeur,Section n°3,90.0,import_2024,section n°3,rippeur,Section n°3,rippeur
41,2024-01-21,L11,Four 1,Changement du bras transfert,bras transfert,Section n°3,15.0,import_2024,section n°3,bras transfert,Section n°3,bras transfert
42,2024-01-22,L11,Four 1,Changement du porte pinçette,pincette,Section n°5,15.0,import_2024,section n°5,pincette,Section n°5,pincette
43,2024-01-23,L11,Four 1,Changement rippeur,rippeur,Section n°3,20.0,import_2024,section n°3,rippeur,Section n°3,rippeur
44,2024-01-23,L11,Four 1,Changement rippeur,rippeur,Section n°7,20.0,import_2024,section n°7,rippeur,Section n°7,rippeur
45,2024-01-23,L11,Four 1,Réglage charnieres,charnieres,Section n°8,15.0,import_2024,section n°8,charnieres,Section n°8,charnieres
46,2024-01-24,L11,Four 1,Mauvaise percage,percage,Section n°3,20.0,import_2024,section n°3,percage,Section n°3,percage
47,2024-01-24,L11,Four 1,Changement rippeur,rippeur,Section n°8,10.0,import_2024,section n°8,rippeur,Section n°8,rippeur
48,2024-01-25,L11,Four 1,Changement de rippeur,rippeur,Section n°8,15.0,import_2024,section n°8,rippeur,Section n°8,rippeur
49,2024-01-25,L11,Four 1,Réglage mise a l'arche,Mise a l'arche,Mise a l'arche,5.0,import_2024,mise a l'arche,mise a l'arche,Mise a l'arche,Mise a l'arche
50,2024-01-25,L11,Four 1,Changement du tombour,convoyeur mise a l'arche,convoyeur mise a l'arche,15.0,import_2024,convoyeur mise a l'arche,convoyeur mise a l'arche,convoyeur mise a l'arche,convoyeur mise a l'arche
51,2024-01-25,L11,Four 1,Réglage rippeur,rippeur,Section n°6,10.0,import_2024,section n°6,rippeur,Section n°6,rippeur
52,2024-01-26,L11,Four 1,Réglage rippeur,rippeur,Section n°7,10.0,import_2024,section n°7,rippeur,Section n°7,rippeur
53,2024-01-27,L11,Four 1,Mauvaise fonctionnement de rippeur,rippeur,Section n°7,200.0,import_2024,section n°7,rippeur,Section n°7,rippeur
54,2024-01-27,L11,Four 1,Manque de ventillation,ventillation,Section n°8,20.0,import_2024,section n°8,ventillation,Section n°8,ventillation
55,2024-01-30,L11,Four 1,Réglage ventilation,ventillation,Section n°6,15.0,import_2024,section n°6,ventillation,Section n°6,ventillation
56,2024-01-30,L11,Four 1,Manque de percage,percage,Section n°7,135.0,import_2024,section n°7,percage,Section n°7,percage
57,2024-01-30,L11,Four 1,Changement de support de gonflage,gonflage,Section n°1,20.0,import_2024,section n°1,gonflage,Section n°1,gonflage
58,2024-01-30,L11,Four 1,Réglage rippeur,rippeur,Section n°7,20.0,import_2024,section n°7,rippeur,Section n°7,rippeur
59,2024-01-31,L11,Four 1,Changement médiane et déflécteur,déflécteur,Section n°1,10.0,import_2024,section n°1,déflécteur,Section n°1,déflécteur
60,2024-01-31,L11,Four 1,Changement médiane et déflécteur,déflécteur,Section n°8,10.0,import_2024,section n°8,déflécteur,Section n°8,déflécteur
61,2024-02-01,L11,Four 1,Réglage de ventillation coté ébaucheur,ventillation,Section n°5,20.0,import_2024,section n°5,ventillation,Section n°5,ventillation
62,2024-02-01,L11,Four 1,Toute seule,Section n°6,Section n°6,10.0,import_2024,section n°6,section n°6,Section n°6,Section n°6
63,2024-02-03,L11,Four 1,Changement de cartouche poinçon,poincon,Section n°7,15.0,import_2024,section n°7,poincon,Section n°7,poincon
64,2024-02-03,L11,Four 1,Probléme d'inversion,inversion,Section n°8,90.0,import_2024,section n°8,inversion,Section n°8,Inversion
65,2024-02-04,L11,Four 1,Variation de mouvement bras du transfert,bras transfert,Section n°7,30.0,import_2024,section n°7,bras transfert,Section n°7,bras transfert
66,2024-02-04,L11,Four 1,Changement du bras transfert,bras transfert,Section n°8,15.0,import_2024,section n°8,bras transfert,Section n°8,bras transfert
67,2024-02-05,L11,Four 1,Arret de machine suite au coupure de courant (Arret programmée par LYDEC),AEE,Machine,60.0,import_2024,machine,aee,Machine,AEE
68,2024-02-05,L11,Four 1,Arret de machine Arret de moteur chemise,Chemise,Machine,140.0,import_2024,machine,chemise,Machine,Chemise
69,2024-02-06,L11,Four 1,Changement boite à valve du bras transfert,bras transfert,Section n°7,30.0,import_2024,section n°7,bras transfert,Section n°7,bras transfert
70,2024-02-08,L11,Four 1,Changement du bras transfert,bras transfert,Section n°3,10.0,import_2024,section n°3,bras transfert,Section n°3,bras transfert
71,2024-02-09,L11,Four 1,Problème au niveau de bobine distributeur d'air de gonflage et au niveau de rippeur,gonflage,Section n°7,120.0,import_2024,section n°7,gonflage,Section n°7,gonflage
72,2024-02-09,L11,Four 1,Problème au niveau de distributeur d'air de gonflage,gonflage,Section n°8,175.0,import_2024,section n°8,gonflage,Section n°8,gonflage
73,2024-02-09,L11,Four 1,Problème au niveau de mécanisme de perçage,percage,Section n°4,60.0,import_2024,section n°4,percage,Section n°4,percage
74,2024-02-09,L11,Four 1,Changement du bras transfert,bras transfert,Section n°8,30.0,import_2024,section n°8,bras transfert,Section n°8,bras transfert
75,2024-02-09,L11,Four 1,Changement des charnières ébaucheur,charnieres,Section n°4,30.0,import_2024,section n°4,charnieres,Section n°4,charnieres
76,2024-02-09,L11,Four 1,Changement des charnières ébaucheur,charnieres,Section n°7,30.0,import_2024,section n°7,charnieres,Section n°7,charnieres
77,2024-02-09,L11,Four 1,Changement de cartouche bloc à valve,bloc a valve,Section n°7,30.0,import_2024,section n°7,bloc a valve,Section n°7,bloc a valve
78,2024-02-10,L11,Four 1,Changement des charnières ébaucheur,charnieres,Section n°1,15.0,import_2024,section n°1,charnieres,Section n°1,charnieres
79,2024-02-10,L11,Four 1,Coinçement du bras transfert,bras transfert,Section n°6,240.0,import_2024,section n°6,bras transfert,Section n°6,bras transfert
80,2024-02-10,L11,Four 1,Mauvaise fonctionnement de rippeur,rippeur,Section n°3,30.0,import_2024,section n°3,rippeur,Section n°3,rippeur
81,2024-02-12,L11,Four 1,Changement de Verti-Flow,verti-flow,Section n°7,15.0,import_2024,section n°7,verti-flow,Section n°7,verti-flow
82,2024-02-12,L11,Four 1,Changement de Verti-Flow,verti-flow,Section n°8,15.0,import_2024,section n°8,verti-flow,Section n°8,verti-flow
83,2024-02-12,L11,Four 1,Changement de flexible Verti-Flow,verti-flow,Section n°3,15.0,import_2024,section n°3,verti-flow,Section n°3,verti-flow
84,2024-02-12,L11,Four 1,Mauvaise fonctionnement de rippeur,rippeur,Section n°7,30.0,import_2024,section n°7,rippeur,Section n°7,rippeur
85,2024-02-12,L11,Four 1,Manque de refroidissement ciseaux,Mécanisme ciseaux,Ciseaux,10.0,import_2024,ciseaux,mécanisme ciseaux,Ciseaux,Mécanisme ciseaux
86,2024-02-12,L11,Four 1,Mauvaise fonctionnement de rippeur,rippeur,Section n°3,30.0,import_2024,section n°3,rippeur,Section n°3,rippeur
87,2024-02-13,L11,Four 1,Mauvaise fonctionnement de rippeur,rippeur,Section n°3,15.0,import_2024,section n°3,rippeur,Section n°3,rippeur
88,2024-02-13,L11,Four 1,Changement de rippeur,rippeur,Section n°6,70.0,import_2024,section n°6,rippeur,Section n°6,rippeur
89,2024-02-13,L11,Four 1,Changement de rippeur,rippeur,Section n°7,70.0,import_2024,section n°7,rippeur,Section n°7,rippeur
90,2024-02-13,L11,Four 1,Mauvaise fonctionnement de rippeur,rippeur,Section n°6,20.0,import_2024,section n°6,rippeur,Section n°6,rippeur
91,2024-02-13,L11,Four 1,Mauvaise fonctionnement de rippeur,rippeur,Section n°7,20.0,import_2024,section n°7,rippeur,Section n°7,rippeur
92,2024-02-13,L11,Four 1,Mauvaise fonctionnement de rippeur,rippeur,Section n°2,30.0,import_2024,section n°2,rippeur,Section n°2,rippeur
93,2024-02-14,L11,Four 1,Changement du boite à valve bras de transfert,bras transfert,Section n°7,35.0,import_2024,section n°7,bras transfert,Section n°7,bras transfert
94,2024-02-14,L11,Four 1,Mauvaise fonctionnement de rippeur,rippeur,Section n°2,45.0,import_2024,section n°2,rippeur,Section n°2,rippeur
95,2024-02-14,L11,Four 1,Joint ébaucheur ébaucheur,Section n°8,Section n°8,60.0,import_2024,section n°8,section n°8,Section n°8,Section n°8
96,2024-02-14,L11,Four 1,Changement de flexible Verti-Flow,verti-flow,Section n°8,10.0,import_2024,section n°8,verti-flow,Section n°8,verti-flow
97,2024-02-14,L11,Four 1,Changement du bras transfert,bras transfert,Section n°3,15.0,import_2024,section n°3,bras transfert,Section n°3,bras transfert
98,2024-02-15,L11,Four 1,Changement du bras transfert,bras transfert,Section n°1,15.0,import_2024,section n°1,bras transfert,Section n°1,bras transfert
99,2024-02-16,L11,Four 1,Changement d'inversion et modification de FRL rippeur,rippeur,Section n°7,100.0,import_2024,section n°7,rippeur,Section n°7,rippeur
100,2024-02-16,L11,Four 1,Pour faciliter l'intervention au niveau de S7,faciliter le travail,Section n°8,50.0,import_2024,section n°8,faciliter le travail,Section n°8,faciliter le travail
101,2024-02-16,L11,Four 1,Mauvaise fonctionnement de rippeur,rippeur,Section n°8,20.0,import_2024,section n°8,rippeur,Section n°8,rippeur
102,2024-02-17,L11,Four 1,Mauvaise fonctionnement de support compression,compression,Section n°7,15.0,import_2024,section n°7,compression,Section n°7,compression
103,2024-02-17,L11,Four 1,Changement du bras transfert,bras transfert,Section n°2,20.0,import_2024,section n°2,bras transfert,Section n°2,bras transfert
104,2024-02-18,L11,Four 1,Changement de neck ring,neck ring,Section n°7,90.0,import_2024,section n°7,neck ring,Section n°7,neck ring
105,2024-02-18,L11,Four 1,Façiliter l'intervention au niveau de S7,faciliter le travail,Section n°8,30.0,import_2024,section n°8,faciliter le travail,Section n°8,faciliter le travail
106,2024-02-18,L11,Four 1,Manque de Verti-Flow,verti-flow,Section n°2,30.0,import_2024,section n°2,verti-flow,Section n°2,verti-flow
107,2024-02-18,L11,Four 1,Réglage du bras Take-Out,take-out,Section n°7,15.0,import_2024,section n°7,take-out,Section n°7,take-out
108,2024-02-19,L11,Four 1,Déviation de scoop,Scoop,Scoop,10.0,import_2024,scoop,scoop,scoop,scoop
109,2024-02-23,L11,Four 1,"Changement des arbres charnières, charnières ébaucheurs",charnieres,Section n°6,60.0,import_2024,section n°6,charnieres,Section n°6,charnieres
110,2024-02-23,L11,Four 1,"Changement des arbres charnières, charnières ébaucheurs",charnieres,Section n°6,60.0,import_2024,section n°6,charnieres,Section n°6,charnieres
111,2024-02-23,L11,Four 1,Changement des moules ébaucheurs et fond ébaucheurs,Machine,Machine,5.0,import_2024,machine,machine,Machine,Machine
112,2024-02-24,L11,Four 1,Changement de tete gonflage,gonflage,Section n°5,10.0,import_2024,section n°5,gonflage,Section n°5,gonflage
113,2024-02-25,L11,Four 1,Changement du bras transfert,bras transfert,Section n°2,10.0,import_2024,section n°2,bras transfert,Section n°2,bras transfert
114,2024-02-25,L11,Four 1,Arret de plongeur,plongeur,Machine,10.0,import_2024,machine,plongeur,Machine,plongeur
115,2024-02-26,L11,Four 1,Changement support de gonflage,gonflage,Section n°7,10.0,import_2024,section n°7,gonflage,Section n°7,gonflage
116,2024-02-27,L11,Four 1,Vis de fixation palier du bras transfert endommagé,bras transfert,Section n°6,130.0,import_2024,section n°6,bras transfert,Section n°6,bras transfert
117,2024-02-27,L11,Four 1,Changement de support gonflage,gonflage,Section n°8,45.0,import_2024,section n°8,gonflage,Section n°8,gonflage
118,2024-02-28,L11,Four 1,Changement de support compression,compression,Section n°2,15.0,import_2024,section n°2,compression,Section n°2,compression
119,2024-02-28,L11,Four 1,Chnagement de cartouche noyau,cartouche,Section n°1,20.0,import_2024,section n°1,cartouche,Section n°1,cartouche
120,2024-02-28,L11,Four 1,Changement bras de transfert,bras transfert,Section n°6,30.0,import_2024,section n°6,bras transfert,Section n°6,bras transfert
121,2024-02-29,L11,Four 1,Changement de cylindre,cylindre,Section n°1,45.0,import_2024,section n°1,cylindre,Section n°1,cylindre
122,2024-02-29,L11,Four 1,Changement d'axe et billettes,billettes,Section n°4,30.0,import_2024,section n°4,billettes,Section n°4,billettes
123,2024-03-01,L11,Four 1,Mauvaise fonctionnement du bras transfert,bras transfert,Section n°6,35.0,import_2024,section n°6,bras transfert,Section n°6,bras transfert
124,2024-03-01,L11,Four 1,Changement de cartouche boite valve de mécanisme bras transfert,bras transfert,Section n°6,30.0,import_2024,section n°6,bras transfert,Section n°6,bras transfert
125,2024-03-02,L11,Four 1,Changement de distributeur rippeur,rippeur,Section n°2,30.0,import_2024,section n°2,rippeur,Section n°2,rippeur
126,2024-03-03,L11,Four 1,Serrage d'adapteur,adapteur,Section n°4,10.0,import_2024,section n°4,adapteur,Section n°4,adapteur
127,2024-03-03,L11,Four 1,Changement de rippeur,rippeur,Section n°3,15.0,import_2024,section n°3,rippeur,Section n°3,rippeur
128,2024-03-03,L11,Four 1,Réglage rippeur,rippeur,Section n°3,10.0,import_2024,section n°3,rippeur,Section n°3,rippeur
129,2024-03-03,L11,Four 1,Joint ébaucheur corps,Section n°9,Section n°9,45.0,import_2024,section n°9,section n°9,Section n°9,Section n°9
130,2024-03-03,L11,Four 1,Réglage rippeur,rippeur,Section n°3,45.0,import_2024,section n°3,rippeur,Section n°3,rippeur
131,2024-03-05,L11,Four 1,Mise à niveau du bras transfert,bras transfert,Section n°5,20.0,import_2024,section n°5,bras transfert,Section n°5,bras transfert
132,2024-03-05,L11,Four 1,Serrage de cartouche poinçon,poincon,Section n°6,15.0,import_2024,section n°6,poincon,Section n°6,poincon
133,2024-03-05,L11,Four 1,Réglage flexible,flexible,Section n°6,15.0,import_2024,section n°6,flexible,Section n°6,flexible
134,2024-03-06,L11,Four 1,Problème de Verti-Flow,verti-flow,Section n°2,15.0,import_2024,section n°2,verti-flow,Section n°2,verti-flow
135,2024-03-07,L11,Four 1,Changement du bras transfert,bras transfert,Section n°2,90.0,import_2024,section n°2,bras transfert,Section n°2,bras transfert
136,2024-03-08,L11,Four 1,Changement du bras transfert,bras transfert,Section n°2,10.0,import_2024,section n°2,bras transfert,Section n°2,bras transfert
137,2024-03-11,L11,Four 1,Arret de ventilateur de refroidissament machine,Machine,Machine,15.0,import_2024,machine,machine,Machine,Machine
138,2024-03-11,L11,Four 1,Arret de tapis d'arche (AEE),Tapis d'arche,Tapis d'arche,15.0,import_2024,tapis d'arche,tapis d'arche,Tapis d'arche,Tapis d'arche
139,2024-03-13,L11,Four 1,Changement de support compression,compression,Section n°2,15.0,import_2024,section n°2,compression,Section n°2,compression
140,2024-03-13,L11,Four 1,Changement du bras transfert,bras transfert,Section n°2,30.0,import_2024,section n°2,bras transfert,Section n°2,bras transfert
141,2024-03-13,L11,Four 1,Travaux nick ring et écartement,nick ring,Section n°2,20.0,import_2024,section n°2,nick ring,Section n°2,nick ring
142,2024-03-13,L11,Four 1,Changement du bras transfert,bras transfert,Section n°2,50.0,import_2024,section n°2,bras transfert,Section n°2,bras transfert
143,2024-03-13,L11,Four 1,Changement du bras transfert,bras transfert,Section n°5,10.0,import_2024,section n°5,bras transfert,Section n°5,bras transfert
144,2024-03-14,L11,Four 1,Coincement ATC,Transfert,ATC,5.0,import_2024,atc,transfert,ATC,Transfert
145,2024-03-15,L11,Four 1,Changement de tete gonflage,gonflage,Section n°7,10.0,import_2024,section n°7,gonflage,Section n°7,gonflage
146,2024-03-16,L11,Four 1,Changement de cartouche boite à valve,boite a valve,Section n°6,40.0,import_2024,section n°6,boite a valve,Section n°6,boite a valve
147,2024-03-16,L11,Four 1,Coincement ATC,Transfert,ATC,10.0,import_2024,atc,transfert,ATC,Transfert
148,2024-03-17,L11,Four 1,Panne éléctrique,AEE,Section n°5,20.0,import_2024,section n°5,aee,Section n°5,AEE
149,2024-03-17,L11,Four 1,Changement du bras transfert,bras transfert,Section n°1,15.0,import_2024,section n°1,bras transfert,Section n°1,bras transfert
150,2024-03-17,L11,Four 1,Changement du bras transfert,bras transfert,Section n°4,10.0,import_2024,section n°4,bras transfert,Section n°4,bras transfert
151,2024-03-18,L11,Four 1,Mauvaise montée de poinçon,poincon,Section n°4,90.0,import_2024,section n°4,poincon,Section n°4,poincon
152,2024-03-18,L11,Four 1,Changement de support tete gonflage,gonflage,Section n°6,45.0,import_2024,section n°6,gonflage,Section n°6,gonflage
153,2024-03-18,L11,Four 1,Réglage bras de transfert,bras transfert,Section n°4,15.0,import_2024,section n°4,bras transfert,Section n°4,bras transfert
154,2024-03-19,L11,Four 1,Réglage du bras transfert,bras transfert,Section n°6,15.0,import_2024,section n°6,bras transfert,Section n°6,bras transfert
155,2024-03-19,L11,Four 1,Changement des pinçettes,pincette,Section n°5,5.0,import_2024,section n°5,pincette,Section n°5,pincette
156,2024-03-20,L11,Four 1,Changement des charnières ébaucheur,charnieres,Section n°6,15.0,import_2024,section n°6,charnieres,Section n°6,charnieres
157,2024-03-20,L11,Four 1,Changement des pinçettes,pincette,Section n°4,10.0,import_2024,section n°4,pincette,Section n°4,pincette
158,2024-03-20,L11,Four 1,Décalage de fourchette cylindre de compression,compression,Section n°1,45.0,import_2024,section n°1,compression,Section n°1,compression
159,2024-03-22,L11,Four 1,Changement de rippeur,rippeur,Section n°8,15.0,import_2024,section n°8,rippeur,Section n°8,rippeur
160,2024-03-22,L11,Four 1,Changement de rippeur,rippeur,Section n°3,10.0,import_2024,section n°3,rippeur,Section n°3,rippeur
161,2024-03-23,L11,Four 1,Changement du bras transfert,bras transfert,Section n°3,15.0,import_2024,section n°3,bras transfert,Section n°3,bras transfert
162,2024-03-23,L11,Four 1,Changement du bras transfert,bras transfert,Section n°8,30.0,import_2024,section n°8,bras transfert,Section n°8,bras transfert
163,2024-03-26,L11,Four 1,Changement de rippeur,rippeur,Section n°5,15.0,import_2024,section n°5,rippeur,Section n°5,rippeur
164,2024-03-26,L11,Four 1,Serrage d'adapteur poinçon,poincon,Section n°2,30.0,import_2024,section n°2,poincon,Section n°2,poincon
165,2024-03-26,L11,Four 1,Réparation des charnières,charnieres,Section n°4,25.0,import_2024,section n°4,charnieres,Section n°4,charnieres
166,2024-03-27,L11,Four 1,Changement d'accouplement d'arbre de rotation chemise,Chemise,Chemise,75.0,import_2024,chemise,chemise,Chemise,Chemise
167,2024-03-28,L11,Four 1,Serrage d'adapteur,adapteur,Section n°3,15.0,import_2024,section n°3,adapteur,Section n°3,adapteur
168,2024-03-28,L11,Four 1,Serrage d'adapteur,adapteur,Section n°8,20.0,import_2024,section n°8,adapteur,Section n°8,adapteur
169,2024-03-28,L11,Four 1,Changement de rippeur,rippeur,Section n°2,15.0,import_2024,section n°2,rippeur,Section n°2,rippeur
170,2024-03-28,L11,Four 1,Serrage d'adapteur,adapteur,Section n°3,20.0,import_2024,section n°3,adapteur,Section n°3,adapteur
171,2024-03-29,L11,Four 1,Arret de chemise à cause d'un mauvais contact de commutateur,Chemise,Chemise,60.0,import_2024,chemise,chemise,Chemise,Chemise
172,2024-03-29,L11,Four 1,Ciseaux,Mécanisme ciseaux,Ciseaux,10.0,import_2024,ciseaux,mécanisme ciseaux,Ciseaux,Mécanisme ciseaux
173,2024-03-30,L11,Four 1,Changement du bras transfert,bras transfert,Section n°8,15.0,import_2024,section n°8,bras transfert,Section n°8,bras transfert
174,2024-03-30,L11,Four 1,Changement de flexible Vert-Flow,verti-flow,Section n°8,20.0,import_2024,section n°8,verti-flow,Section n°8,verti-flow
175,2024-03-30,L11,Four 1,Changement COUDE flexible Vert-Flow,verti-flow,Section n°8,20.0,import_2024,section n°8,verti-flow,Section n°8,verti-flow
176,2024-03-30,L11,Four 1,Réglage ATC,Transfert,ATC,5.0,import_2024,atc,transfert,ATC,Transfert
177,2024-03-30,L11,Four 1,"Les gouttes d'eau s'écoulent sur l'armoire, ce qui entraîne un court-circuit",Machine,Machine,45.0,import_2024,machine,machine,Machine,Machine
178,2024-03-30,L11,Four 1,Suite au court-circuit,AEE,Section n°7,90.0,import_2024,section n°7,aee,Section n°7,AEE
179,2024-03-31,L11,Four 1,Arret de mécanisme scoop,Scoop,Scoop,15.0,import_2024,scoop,scoop,scoop,scoop
180,2024-03-31,L11,Four 1,Serrage d'adapteur,adapteur,Section n°7,20.0,import_2024,section n°7,adapteur,Section n°7,adapteur
181,2024-03-31,L11,Four 1,Changement de support compression,compression,Section n°6,15.0,import_2024,section n°6,compression,Section n°6,compression
182,2024-04-01,L11,Four 1,Changement de support entonnoire,entonnoire,Section n°5,20.0,import_2024,section n°5,entonnoire,Section n°5,entonnoire
183,2024-04-02,L11,Four 1,Mauvaise fonctionnement de rippeur,rippeur,Section n°8,20.0,import_2024,section n°8,rippeur,Section n°8,rippeur
184,2024-04-02,L11,Four 1,Changement charnieres,charnieres,Section n°2,45.0,import_2024,section n°2,charnieres,Section n°2,charnieres
185,2024-04-02,L11,Four 1,Chanement distributeur poincon,poincon,Section n°2,45.0,import_2024,section n°2,poincon,Section n°2,poincon
186,2024-04-02,L11,Four 1,changement distributeur,distributeur,Section n°6,25.0,import_2024,section n°6,distributeur,Section n°6,Distributeur
187,2024-04-02,L11,Four 1,changement rippeur,rippeur,Section n°6,25.0,import_2024,section n°6,rippeur,Section n°6,rippeur
188,2024-04-03,L11,Four 1,Changement charnieres Eb,charnieres,Section n°5,15.0,import_2024,section n°5,charnieres,Section n°5,charnieres
189,2024-04-03,L11,Four 1,Serrage adapteur poincon,poincon,Section n°6,20.0,import_2024,section n°6,poincon,Section n°6,poincon
190,2024-04-04,L11,Four 1,Changement d'axe et billetes charnières ébaucheur,charnieres,Section n°6,20.0,import_2024,section n°6,charnieres,Section n°6,charnieres
191,2024-04-05,L11,Four 1,Mauvaise fonctionnement,Fermeture de moule,Section n°2,30.0,import_2024,section n°2,fermeture de moule,Section n°2,Fermeture de moule
192,2024-04-05,L11,Four 1,Mise a l'arche,Mise a l'arche,Mise a l'arche,30.0,import_2024,mise a l'arche,mise a l'arche,Mise a l'arche,Mise a l'arche
193,2024-04-05,L11,Four 1,Arret machine tout seule,Machine,Machine,10.0,import_2024,machine,machine,Machine,Machine
194,2024-04-06,L11,Four 1,changement rippeur,rippeur,Section n°3,10.0,import_2024,section n°3,rippeur,Section n°3,rippeur
195,2024-04-06,L11,Four 1,Serrage d'adapteur,adapteur,Section n°6,15.0,import_2024,section n°6,adapteur,Section n°6,adapteur
196,2024-04-07,L11,Four 1,Serrage d'adapteur,adapteur,Section n°6,15.0,import_2024,section n°6,adapteur,Section n°6,adapteur
197,2024-04-07,L11,Four 1,changement distributeur,distributeur,Section n°6,20.0,import_2024,section n°6,distributeur,Section n°6,Distributeur
198,2024-04-08,L11,Four 1,Problème au niveau de monté et descente de la chemise,Chemise,Machine,375.0,import_2024,machine,chemise,Machine,Chemise
199,2024-04-09,L11,Four 1,Serrage d'adapteur,adapteur,Section n°4,15.0,import_2024,section n°4,adapteur,Section n°4,adapteur
200,2024-04-09,L11,Four 1,Registre d'air,registre d'air,Section n°1,45.0,import_2024,section n°1,registre d'air,Section n°1,registre d'air
201,2024-04-09,L11,Four 1,Mauvaise fonctionnement de rippeur,rippeur,Section n°2,15.0,import_2024,section n°2,rippeur,Section n°2,rippeur
202,2024-04-09,L11,Four 1,"Arret plongeur, ciseaux et scoop",Mécanisme ciseaux,Machine,15.0,import_2024,machine,mécanisme ciseaux,Machine,Mécanisme ciseaux
203,2024-04-09,L11,Four 1,Décalage poids,poids,Machine,15.0,import_2024,machine,poids,Machine,Poids
204,2024-04-10,L11,Four 1,Serrage d'adapteur,adapteur,Section n°1,20.0,import_2024,section n°1,adapteur,Section n°1,adapteur
205,2024-04-11,L11,Four 1,Changement bras de transfert,bras transfert,Section n°3,15.0,import_2024,section n°3,bras transfert,Section n°3,bras transfert
206,2024-04-11,L11,Four 1,Panne éléctrique,AEE,Section n°3,40.0,import_2024,section n°3,aee,Section n°3,AEE
207,2024-04-11,L11,Four 1,Changement support tete de gonflage,gonflage,Section n°7,15.0,import_2024,section n°7,gonflage,Section n°7,gonflage
208,2024-04-12,L11,Four 1,Changement support de compression,compression,Section n°1,20.0,import_2024,section n°1,compression,Section n°1,compression
209,2024-04-12,L11,Four 1,Serrage d'adapteur,adapteur,Section n°8,15.0,import_2024,section n°8,adapteur,Section n°8,adapteur
210,2024-04-12,L11,Four 1,Changement bras de transfert,bras transfert,Section n°8,25.0,import_2024,section n°8,bras transfert,Section n°8,bras transfert
211,2024-04-12,L11,Four 1,Serrage d'adapteur,adapteur,Section n°1,45.0,import_2024,section n°1,adapteur,Section n°1,adapteur
212,2024-04-13,L11,Four 1,Serrage d'adapteur,adapteur,Section n°1,20.0,import_2024,section n°1,adapteur,Section n°1,adapteur
213,2024-04-13,L11,Four 1,Mauvaise fonctionnement de rippeur,rippeur,Section n°8,15.0,import_2024,section n°8,rippeur,Section n°8,rippeur
214,2024-04-13,L11,Four 1,Changement bras de transfert,bras transfert,Section n°3,20.0,import_2024,section n°3,bras transfert,Section n°3,bras transfert
215,2024-04-14,L11,Four 1,Changement bras de transfert,bras transfert,Section n°4,25.0,import_2024,section n°4,bras transfert,Section n°4,bras transfert
216,2024-04-14,L11,Four 1,Changement de rippeur,rippeur,Section n°8,15.0,import_2024,section n°8,rippeur,Section n°8,rippeur
217,2024-04-15,L11,Four 1,Mauvaise fonctionnement de rippeur,rippeur,Section n°6,45.0,import_2024,section n°6,rippeur,Section n°6,rippeur
218,2024-04-06,L11,Four 1,Changement de porte pinçette,pincette,Section n°8,10.0,import_2024,section n°8,pincette,Section n°8,pincette
219,2024-04-06,L11,Four 1,Changement de rippeur,rippeur,Section n°2,15.0,import_2024,section n°2,rippeur,Section n°2,rippeur
220,2024-04-06,L11,Four 1,Réparation de ripeur,rippeur,Section n°2,20.0,import_2024,section n°2,rippeur,Section n°2,rippeur
221,2024-04-06,L11,Four 1,Variation de mouvement du bras transfert,bras transfert,Section n°3,40.0,import_2024,section n°3,bras transfert,Section n°3,bras transfert
222,2024-04-17,L11,Four 1,Changement bras de transfert,bras transfert,Section n°3,25.0,import_2024,section n°3,bras transfert,Section n°3,bras transfert
223,2024-04-18,L11,Four 1,Mauvaise fonctionnement de rippeur,rippeur,Section n°6,20.0,import_2024,section n°6,rippeur,Section n°6,rippeur
224,2024-04-19,L11,Four 1,Serrage et fixation de ventilation coté finisseur,ventillation,Section n°4,10.0,import_2024,section n°4,ventillation,Section n°4,ventillation
225,2024-04-20,L11,Four 1,Panne éléctrique,AEE,Section n°3,30.0,import_2024,section n°3,aee,Section n°3,AEE
226,2024-04-20,L11,Four 1,Mauvaise fonctionnement de rippeur,rippeur,Section n°6,40.0,import_2024,section n°6,rippeur,Section n°6,rippeur
227,2024-04-20,L11,Four 1,Mauvaise fonctionnement de rippeur,rippeur,Section n°8,40.0,import_2024,section n°8,rippeur,Section n°8,rippeur
228,2024-04-20,L11,Four 1,Changement de flexible Verti-Flow,verti-flow,Section n°8,15.0,import_2024,section n°8,verti-flow,Section n°8,verti-flow
229,2024-04-21,L11,Four 1,Réparation de ripeur,rippeur,Section n°3,60.0,import_2024,section n°3,rippeur,Section n°3,rippeur
230,2024-04-21,L11,Four 1,Réparation de ripeur,rippeur,Section n°6,60.0,import_2024,section n°6,rippeur,Section n°6,rippeur
231,2024-04-22,L11,Four 1,Panne éléctrique,AEE,Section n°3,30.0,import_2024,section n°3,aee,Section n°3,AEE
232,2024-04-26,L11,Four 1,Arret de convoyeur mise à l'arche,Mise a l'arche,Mise a l'arche,35.0,import_2024,mise a l'arche,mise a l'arche,Mise a l'arche,Mise a l'arche
233,2024-04-26,L11,Four 1,Changement de rippeur,rippeur,Section n°6,10.0,import_2024,section n°6,rippeur,Section n°6,rippeur
234,2024-04-27,L11,Four 1,Mauvaise fonctionnement de rippeur,rippeur,Section n°6,35.0,import_2024,section n°6,rippeur,Section n°6,rippeur
235,2024-04-27,L11,Four 1,Variation de mouvement du bras transfert,bras transfert,Section n°2,30.0,import_2024,section n°2,bras transfert,Section n°2,bras transfert
236,2024-04-28,L11,Four 1,Changement du bras Take-Out,take-out,Section n°6,25.0,import_2024,section n°6,take-out,Section n°6,take-out
237,2024-04-30,L11,Four 1,Serrage d'adapteur,adapteur,Section n°4,15.0,import_2024,section n°4,adapteur,Section n°4,adapteur
238,2024-05-01,L11,Four 1,Mauvaise fonctionnement de ripeur,rippeur,Section n°1,20.0,import_2024,section n°1,rippeur,Section n°1,rippeur
239,2024-05-01,L11,Four 1,Coinçement de mise à l'arche,Mise a l'arche,Mise a l'arche,15.0,import_2024,mise a l'arche,mise a l'arche,Mise a l'arche,Mise a l'arche
240,2024-05-03,L11,Four 1,Arret de mise a l'arche,Mise a l'arche,Mise a l'arche,5.0,import_2024,mise a l'arche,mise a l'arche,Mise a l'arche,Mise a l'arche
241,2024-05-04,L11,Four 1,changement bras de transfert,Bras de transfert,Section n°3,20.0,import_2024,section n°3,bras de transfert,Section n°3,bras de transfert
242,2024-05-04,L11,Four 1,Changement de rippeur,rippeur,Section n°1,15.0,import_2024,section n°1,rippeur,Section n°1,rippeur
243,2024-05-04,L11,Four 1,Changement de rippeur,rippeur,Section n°5,15.0,import_2024,section n°5,rippeur,Section n°5,rippeur
244,2024-05-05,L11,Four 1,Mauvaise fonctionnement de rippeur,rippeur,Section n°5,30.0,import_2024,section n°5,rippeur,Section n°5,rippeur
245,2024-05-05,L11,Four 1,Mauvaise fonctionnement de rippeur,rippeur,Section n°4,20.0,import_2024,section n°4,rippeur,Section n°4,rippeur
246,2024-05-05,L11,Four 1,Changement tete de compression,téte comprssion,Section n°6,45.0,import_2024,section n°6,téte comprssion,Section n°6,téte comprssion
247,2024-05-05,L11,Four 1,Coincement rippeur,rippeur,Section n°3,10.0,import_2024,section n°3,rippeur,Section n°3,rippeur
248,2024-05-05,L11,Four 1,Coincement rippeur,rippeur,Section n°5,10.0,import_2024,section n°5,rippeur,Section n°5,rippeur
249,2024-05-06,L11,Four 1,Panne éléctrique,Section n°4,Section n°4,25.0,import_2024,section n°4,section n°4,Section n°4,Section n°4
250,2024-05-06,L11,Four 1,Coincement rippeur,Section n°2,ripeur,15.0,import_2024,ripeur,section n°2,ripeur,Section n°2
251,2024-05-06,L11,Four 1,Mise a l'arche,Mise a l'arche,Mise a l'arche,10.0,import_2024,mise a l'arche,mise a l'arche,Mise a l'arche,Mise a l'arche
252,2024-05-06,L11,Four 1,Machine,Machine,Machine,10.0,import_2024,machine,machine,Machine,Machine
253,2024-05-08,L11,Four 1,Serrage d'adapteur,Adapteur,section n°3,20.0,import_2024,section n°3,adapteur,Section n°3,adapteur
254,2024-05-08,L11,Four 1,Patinage de convoyeur,convoyeur mise a l'arche,convoyeur mise a l'arche,20.0,import_2024,convoyeur mise a l'arche,convoyeur mise a l'arche,convoyeur mise a l'arche,convoyeur mise a l'arche
255,2024-05-08,L11,Four 1,Changement de palier,palier,Section n°6,60.0,import_2024,section n°6,palier,Section n°6,palier
256,2024-05-09,L11,Four 1,Mauvais contact de la bobine Verti-Flow,verti-flow,Section n°7,30.0,import_2024,section n°7,verti-flow,Section n°7,verti-flow
257,2024-05-09,L11,Four 1,Mauvaise fonctionnement de ripeur,rippeur,Section n°5,35.0,import_2024,section n°5,rippeur,Section n°5,rippeur
258,2024-05-09,L11,Four 1,Mauvaise fonctionnement de ripeur,rippeur,Section n°6,20.0,import_2024,section n°6,rippeur,Section n°6,rippeur
259,2024-05-09,L11,Four 1,Mauvaise fonctionnement de ripeur,rippeur,section n°3,25.0,import_2024,section n°3,rippeur,Section n°3,rippeur
260,2024-05-10,L11,Four 1,Mauvaise fonctionnement de ripeur,rippeur,Section n°3,10.0,import_2024,section n°3,rippeur,Section n°3,rippeur
261,2024-05-10,L11,Four 1,Mauvaise fonctionnement de ripeur,rippeur,Section n°5,10.0,import_2024,section n°5,rippeur,Section n°5,rippeur
262,2024-05-10,L11,Four 1,Mauvaise fonctionnement de ripeur,rippeur,Section n°1,20.0,import_2024,section n°1,rippeur,Section n°1,rippeur
263,2024-05-10,L11,Four 1,Mauvaise fonctionnement de ripeur,rippeur,Section n°6,10.0,import_2024,section n°6,rippeur,Section n°6,rippeur
264,2024-05-10,L11,Four 1,Panne électrique,Panne électrique,Section n°4,30.0,import_2024,section n°4,panne électrique,Section n°4,Panne électrique
265,2024-05-11,L11,Four 1,Patinage de convoyeur,convoyeur mise a l'arche,convoyeur mise a l'arche,25.0,import_2024,convoyeur mise a l'arche,convoyeur mise a l'arche,convoyeur mise a l'arche,convoyeur mise a l'arche
266,2024-05-11,L11,Four 1,Mauvaise fonctionnement de ripeur,rippeur,Section n°1,40.0,import_2024,section n°1,rippeur,Section n°1,rippeur
267,2024-05-11,L11,Four 1,Mauvaise fonctionnement de ripeur,rippeur,Section n°1,15.0,import_2024,section n°1,rippeur,Section n°1,rippeur
268,2024-05-11,L11,Four 1,Patinage de convoyeur,convoyeur mise a l'arche,convoyeur mise a l'arche,15.0,import_2024,convoyeur mise a l'arche,convoyeur mise a l'arche,convoyeur mise a l'arche,convoyeur mise a l'arche
269,2024-05-11,L11,Four 1,Mauvaise fonctionnement de ripeur,rippeur,Section n°6,10.0,import_2024,section n°6,rippeur,Section n°6,rippeur
270,2024-05-12,L11,Four 1,Panne électrique,Panne électrique,section n°3,80.0,import_2024,section n°3,panne électrique,Section n°3,Panne électrique
271,2024-05-12,L11,Four 1,Chemise endommagés,Chemise,Machine,345.0,import_2024,machine,chemise,Machine,Chemise
272,2024-05-13,L11,Four 1,Mauvaise fonctionnement de ripeur,rippeur,Section n°1,25.0,import_2024,section n°1,rippeur,Section n°1,rippeur
273,2024-05-13,L11,Four 1,Mauvaise fonctionnement de ripeur,rippeur,Section n°5,45.0,import_2024,section n°5,rippeur,Section n°5,rippeur
274,2024-05-13,L11,Four 1,Mauvaise fonctionnement de ripeur,rippeur,Section n°6,25.0,import_2024,section n°6,rippeur,Section n°6,rippeur
275,2024-05-13,L11,Four 1,Panne électrique,Panne électrique,section n°3,15.0,import_2024,section n°3,panne électrique,Section n°3,Panne électrique
276,2024-05-13,L11,Four 1,changement support compression,support compression,section n°3,8.0,import_2024,section n°3,support compression,Section n°3,support compression
277,2024-05-13,L11,Four 1,Convoyeur mise a l'arche,convoyeur mise a l'arche,convoyeur mise a l'arche,10.0,import_2024,convoyeur mise a l'arche,convoyeur mise a l'arche,convoyeur mise a l'arche,convoyeur mise a l'arche
278,2024-05-13,L11,Four 1,Mauvaise fonctionnement de ripeur,rippeur,Section n°1,30.0,import_2024,section n°1,rippeur,Section n°1,rippeur
279,2024-05-13,L11,Four 1,Mauvaise fonctionnement de ripeur,rippeur,Section n°2,30.0,import_2024,section n°2,rippeur,Section n°2,rippeur
280,2024-05-13,L11,Four 1,Mauvaise fonctionnement de ripeur,rippeur,section n°3,20.0,import_2024,section n°3,rippeur,Section n°3,rippeur
281,2024-05-13,L11,Four 1,Mauvaise fonctionnement de ripeur,rippeur,Section n°5,30.0,import_2024,section n°5,rippeur,Section n°5,rippeur
282,2024-05-13,L11,Four 1,Convoyeur mise a l'arche,convoyeur mise a l'arche,convoyeur mise a l'arche,10.0,import_2024,convoyeur mise a l'arche,convoyeur mise a l'arche,convoyeur mise a l'arche,convoyeur mise a l'arche
283,2024-05-15,L11,Four 1,changement rippeur,rippeur,Section n°1,15.0,import_2024,section n°1,rippeur,Section n°1,rippeur
284,2024-05-16,L11,Four 1,Changement de support tete de gonflage,Support tete de gonflage,Section n°7,15.0,import_2024,section n°7,support tete de gonflage,Section n°7,Support tete de gonflage
285,2024-05-16,L11,Four 1,Changement de support tete de gonflage,Support tete de gonflage,Section n°2,15.0,import_2024,section n°2,support tete de gonflage,Section n°2,Support tete de gonflage
286,2024-05-17,L11,Four 1,Ajustement de niveau bras transfert,Bras de transfert,Section n°6,30.0,import_2024,section n°6,bras de transfert,Section n°6,bras de transfert
287,2024-05-17,L11,Four 1,Mauvaise fonctionnement de distributeur,Distributeur,section n°3,15.0,import_2024,section n°3,distributeur,Section n°3,Distributeur
288,2024-05-17,L11,Four 1,Mauvaise fonctionnement de ripeur,rippeur,section n°3,90.0,import_2024,section n°3,rippeur,Section n°3,rippeur
289,2024-05-17,L11,Four 1,Mauvaise fonctionnement de ripeur,rippeur,Section n°4,20.0,import_2024,section n°4,rippeur,Section n°4,rippeur
290,2024-05-18,L11,Four 1,Serrage adapteur poincon,Adapteur,section n°3,15.0,import_2024,section n°3,adapteur,Section n°3,adapteur
291,2024-05-18,L11,Four 1,changement rippeur,rippeur,section n°1,15.0,import_2024,section n°1,rippeur,Section n°1,rippeur
292,2024-05-20,L11,Four 1,Changement de support porte pinçettes,pincettes,Section n°2,25.0,import_2024,section n°2,pincettes,Section n°2,pincettes
293,2024-05-21,L11,Four 1,Serrage adapteur poincon,Adapteur,section n°6,15.0,import_2024,section n°6,adapteur,Section n°6,adapteur
294,2024-05-21,L11,Four 1,Mauvaise fonctionnement de ripeur,rippeur,section n°1,15.0,import_2024,section n°1,rippeur,Section n°1,rippeur
295,2024-05-21,L11,Four 1,Mauvaise fonctionnement de ripeur,rippeur,Section n°3,15.0,import_2024,section n°3,rippeur,Section n°3,rippeur
296,2024-05-23,L11,Four 1,Mauvaise fonctionnement de ripeur,rippeur,section n°3,30.0,import_2024,section n°3,rippeur,Section n°3,rippeur
297,2024-05-23,L11,Four 1,Changement charnieres Eb,charnieres,section n°6,15.0,import_2024,section n°6,charnieres,Section n°6,charnieres
298,2024-05-23,L11,Four 1,Changement support de compression,support compression,section n°6,15.0,import_2024,section n°6,support compression,Section n°6,support compression
299,2024-05-23,L11,Four 1,Changement de distributeur bloc valve,Distributeur,section n°1,15.0,import_2024,section n°1,distributeur,Section n°1,Distributeur
300,2024-05-23,L11,Four 1,chute de courant,chute de courant,Machine,150.0,import_2024,machine,chute de courant,Machine,chute de courant
301,2024-05-23,L11,Four 1,Mauvaise fonctionnement de ripeur,rippeur,section n°5,10.0,import_2024,section n°5,rippeur,Section n°5,rippeur
302,2024-05-23,L11,Four 1,Mauvaise fonctionnement de ripeur,rippeur,Section n°3,10.0,import_2024,section n°3,rippeur,Section n°3,rippeur
303,2024-05-23,L11,Four 1,Mauvaise fonctionnement de ripeur,rippeur,section n°6,10.0,import_2024,section n°6,rippeur,Section n°6,rippeur
304,2024-05-24,L11,Four 1,Changement bras du take-out,Take-out,section n°2,20.0,import_2024,section n°2,take-out,Section n°2,take-out
305,2024-05-24,L11,Four 1,Ajustement de position du mécanisme compression,compression,section n°6,25.0,import_2024,section n°6,compression,Section n°6,compression
306,2024-05-24,L11,Four 1,Mauvaise fonctionnement de ripeur,rippeur,section n°2,20.0,import_2024,section n°2,rippeur,Section n°2,rippeur
307,2024-05-24,L11,Four 1,Mauvaise fonctionnement de ripeur,rippeur,section n°4,20.0,import_2024,section n°4,rippeur,Section n°4,rippeur
308,2024-05-24,L11,Four 1,Mauvaise fonctionnement de ripeur,rippeur,section n°8,20.0,import_2024,section n°8,rippeur,Section n°8,rippeur
309,2024-05-24,L11,Four 1,Changement de médiane,Médiane,section n°4,8.0,import_2024,section n°4,médiane,Section n°4,Médiane
310,2024-05-24,L11,Four 1,Changement de médiane,Médiane,section n°6,8.0,import_2024,section n°6,médiane,Section n°6,Médiane
311,2024-05-24,L11,Four 1,Changement de médiane,Médiane,section n°7,8.0,import_2024,section n°7,médiane,Section n°7,Médiane
312,2024-05-24,L11,Four 1,Changement déflecteur,déflecteur,section n°4,8.0,import_2024,section n°4,déflecteur,Section n°4,déflecteur
313,2024-05-24,L11,Four 1,Changement déflecteur,déflecteur,section n°6,8.0,import_2024,section n°6,déflecteur,Section n°6,déflecteur
314,2024-05-24,L11,Four 1,Changement déflecteur,déflecteur,section n°7,8.0,import_2024,section n°7,déflecteur,Section n°7,déflecteur
315,2024-05-24,L11,Four 1,Changement bras de transfert,Bras de transfert,section n°1,10.0,import_2024,section n°1,bras de transfert,Section n°1,bras de transfert
316,2024-05-24,L11,Four 1,Mauvaise fonctionnement de ripeur,rippeur,section n°4,30.0,import_2024,section n°4,rippeur,Section n°4,rippeur
317,2024-05-25,L11,Four 1,Serrage d'adapteur,Adapteur,section n°5,10.0,import_2024,section n°5,adapteur,Section n°5,adapteur
318,2024-05-25,L11,Four 1,Serrage d'adapteur,Adapteur,section n°3,10.0,import_2024,section n°3,adapteur,Section n°3,adapteur
319,2024-05-25,L11,Four 1,Changement rippeur,rippeur,section n°4,10.0,import_2024,section n°4,rippeur,Section n°4,rippeur
320,2024-05-25,L11,Four 1,Changement rippeur,rippeur,section n°4,15.0,import_2024,section n°4,rippeur,Section n°4,rippeur
321,2024-05-26,L11,Four 1,Manque l'eau de ciseaux,Mécanisme ciseaux,Machine,30.0,import_2024,machine,mécanisme ciseaux,Machine,Mécanisme ciseaux
322,2024-05-27,L11,Four 1,Cause inconnu,Machine,Machine,10.0,import_2024,machine,machine,Machine,Machine
323,2024-05-27,L11,Four 1,Serrage d'adapteur,Adapteur,section n°3,15.0,import_2024,section n°3,adapteur,Section n°3,adapteur
324,2024-05-30,L11,Four 1,Mauvaise fonctionnement de ripeur,rippeur,section n°5,100.0,import_2024,section n°5,rippeur,Section n°5,rippeur
325,2024-05-30,L11,Four 1,Mauvaise fonctionnement de ripeur,rippeur,section n°1,25.0,import_2024,section n°1,rippeur,Section n°1,rippeur
326,2024-05-31,L11,Four 1,Changement bras de transfert,Bras de transfert,section n°1,45.0,import_2024,section n°1,bras de transfert,Section n°1,bras de transfert
327,2024-05-31,L11,Four 1,Manque de guide ripeur,rippeur,section n°1,15.0,import_2024,section n°1,rippeur,Section n°1,rippeur
328,2024-05-31,L11,Four 1,Mauvaise fonctionnement de ripeur,rippeur,section n°3,20.0,import_2024,section n°3,rippeur,Section n°3,rippeur
329,2024-05-31,L11,Four 1,Convoyeur mise a l'arche,convoyeur mise a l'arche,convoyeur mise a l'arche,15.0,import_2024,convoyeur mise a l'arche,convoyeur mise a l'arche,convoyeur mise a l'arche,convoyeur mise a l'arche
330,2024-06-01,L11,Four 1,Mauvaise fonctionnement de ripeur,rippeur,section n°7,60.0,import_2024,section n°7,rippeur,Section n°7,rippeur
331,2024-06-01,L11,Four 1,Changement bras de transfert,Bras de transfert,section n°5,20.0,import_2024,section n°5,bras de transfert,Section n°5,bras de transfert
332,2024-06-01,L11,Four 1,Serrage d'adapteur,Adapteur,section n°7,20.0,import_2024,section n°7,adapteur,Section n°7,adapteur
333,2024-06-01,L11,Four 1,Changement rippeur,rippeur,section n°3,10.0,import_2024,section n°3,rippeur,Section n°3,rippeur
334,2024-06-01,L11,Four 1,Changement rippeur,rippeur,section n°5,10.0,import_2024,section n°5,rippeur,Section n°5,rippeur
335,2024-06-02,L11,Four 1,Changement de déflécteur,déflecteur,section n°8,5.0,import_2024,section n°8,déflecteur,Section n°8,déflecteur
336,2024-06-02,L11,Four 1,Manque l'eau de ciseaux,Mécanisme ciseaux,Machine,5.0,import_2024,machine,mécanisme ciseaux,Machine,Mécanisme ciseaux
337,2024-06-03,L11,Four 1,Changement rippeur,rippeur,section n°3,25.0,import_2024,section n°3,rippeur,Section n°3,rippeur
338,2024-06-03,L11,Four 1,Changement rippeur,rippeur,section n°5,25.0,import_2024,section n°5,rippeur,Section n°5,rippeur
339,2024-06-04,L11,Four 1,Mauvaise fonctionnement de ripeur,rippeur,section n°1,10.0,import_2024,section n°1,rippeur,Section n°1,rippeur
340,2024-06-04,L11,Four 1,Mauvaise fonctionnement de ripeur,rippeur,section n°1,10.0,import_2024,section n°1,rippeur,Section n°1,rippeur
341,2024-06-06,L11,Four 1,Manque l'eau de ciseaux,Mécanisme ciseaux,Machine,5.0,import_2024,machine,mécanisme ciseaux,Machine,Mécanisme ciseaux
342,2024-06-06,L11,Four 1,Coinçement d'arbre de chemise,Chemise,Machine,45.0,import_2024,machine,chemise,Machine,Chemise
343,2024-06-07,L11,Four 1,Décalage poids,décalage poids,Machine,15.0,import_2024,machine,décalage poids,Machine,Décalage poids
344,2024-06-07,L11,Four 1,Panne électrique,AEE,section n°4,20.0,import_2024,section n°4,aee,Section n°4,AEE
345,2024-06-07,L11,Four 1,Serrage d'adapteur,Adapteur,section n°8,20.0,import_2024,section n°8,adapteur,Section n°8,adapteur
346,2024-06-09,L11,Four 1,Changement bras de transfert,Bras de transfert,section n°3,20.0,import_2024,section n°3,bras de transfert,Section n°3,bras de transfert
347,2024-06-09,L11,Four 1,Changement bras de transfert,Bras de transfert,section n°3,20.0,import_2024,section n°3,bras de transfert,Section n°3,bras de transfert
348,2024-06-10,L11,Four 1,Mauvaise fonctionnement de ripeur,rippeur,section n°3,10.0,import_2024,section n°3,rippeur,Section n°3,rippeur
349,2024-06-11,L11,Four 1,Mauvaise fonctionnement de ripeur,rippeur,section n°3,10.0,import_2024,section n°3,rippeur,Section n°3,rippeur
350,2024-06-11,L11,Four 1,Panne électrique,AEE,section n°3,10.0,import_2024,section n°3,aee,Section n°3,AEE
351,2024-06-11,L11,Four 1,Changement bras de transfert,Bras de transfert,section n°1,45.0,import_2024,section n°1,bras de transfert,Section n°1,bras de transfert
352,2024-06-11,L11,Four 1,Changement de distributeur boite à valve,Distributeur,section n°1,40.0,import_2024,section n°1,distributeur,Section n°1,Distributeur
353,2024-06-11,L11,Four 1,Changement des charnières,charnieres,section n°2,20.0,import_2024,section n°2,charnieres,Section n°2,charnieres
354,2024-06-11,L11,Four 1,Mauvaise fonctionnement de ripeur,rippeur,section n°8,30.0,import_2024,section n°8,rippeur,Section n°8,rippeur
355,2024-06-12,L11,Four 1,Mauvaise fonctionnement de ripeur,rippeur,section n°4,7.0,import_2024,section n°4,rippeur,Section n°4,rippeur
356,2024-06-12,L11,Four 1,Mauvaise fonctionnement de ripeur,rippeur,section n°5,7.0,import_2024,section n°5,rippeur,Section n°5,rippeur
357,2024-06-12,L11,Four 1,Mauvaise fonctionnement de ripeur,rippeur,section n°6,7.0,import_2024,section n°6,rippeur,Section n°6,rippeur
358,2024-06-12,L11,Four 1,Coinçement de noyau,Noyau,section n°7,30.0,import_2024,section n°7,noyau,Section n°7,noyau
359,2024-06-12,L11,Four 1,Changement bras de transfert,Bras de transfert,section n°2,15.0,import_2024,section n°2,bras de transfert,Section n°2,bras de transfert
360,2024-06-12,L11,Four 1,Changement des pinçettes,pincettes,section n°4,10.0,import_2024,section n°4,pincettes,Section n°4,pincettes
361,2024-06-12,L11,Four 1,Changement rippeur,rippeur,section n°6,30.0,import_2024,section n°6,rippeur,Section n°6,rippeur
362,2024-06-13,L11,Four 1,Mauvaise fonctionnement de ripeur,rippeur,section n°4,40.0,import_2024,section n°4,rippeur,Section n°4,rippeur
363,2024-06-13,L11,Four 1,Mauvaise fonctionnement de ripeur,rippeur,section n°3,30.0,import_2024,section n°3,rippeur,Section n°3,rippeur
364,2024-06-13,L11,Four 1,Mauvaise fonctionnement de ripeur,rippeur,section n°5,15.0,import_2024,section n°5,rippeur,Section n°5,rippeur
365,2024-06-13,L11,Four 1,Mauvaise fonctionnement de ripeur,rippeur,section n°4,10.0,import_2024,section n°4,rippeur,Section n°4,rippeur
366,2024-06-13,L11,Four 1,Mauvaise fonctionnement de ripeur,rippeur,section n°8,10.0,import_2024,section n°8,rippeur,Section n°8,rippeur
367,2024-06-13,L11,Four 1,Problème de Verti-Flow,verti-flow,section n°8,10.0,import_2024,section n°8,verti-flow,Section n°8,verti-flow
368,2024-06-13,L11,Four 1,Mauvaise perçage,percage,section n°7,15.0,import_2024,section n°7,percage,Section n°7,percage
369,2024-06-14,L11,Four 1,Mauvaise fonctionnement de ripeur,rippeur,section n°4,20.0,import_2024,section n°4,rippeur,Section n°4,rippeur
370,2024-06-14,L11,Four 1,Mauvaise fonctionnement de ripeur,rippeur,section n°4,20.0,import_2024,section n°4,rippeur,Section n°4,rippeur
371,2024-06-14,L11,Four 1,Changement bras de transfert,Bras de transfert,section n°4,15.0,import_2024,section n°4,bras de transfert,Section n°4,bras de transfert
372,2024-06-15,L11,Four 1,Mauvaise fonctionnement de ripeur,rippeur,section n°4,20.0,import_2024,section n°4,rippeur,Section n°4,rippeur
373,2024-06-15,L11,Four 1,Mauvaise fonctionnement de ripeur,rippeur,section n°4,10.0,import_2024,section n°4,rippeur,Section n°4,rippeur
374,2024-06-15,L11,Four 1,Mauvaise fonctionnement de ripeur,rippeur,section n°3,10.0,import_2024,section n°3,rippeur,Section n°3,rippeur
375,2024-06-15,L11,Four 1,Mauvaise fonctionnement de ripeur,rippeur,section n°4,15.0,import_2024,section n°4,rippeur,Section n°4,rippeur
376,2024-06-15,L11,Four 1,Mauvaise fonctionnement de ripeur,rippeur,section n°5,15.0,import_2024,section n°5,rippeur,Section n°5,rippeur
377,2024-06-16,L11,Four 1,Mauvaise fonctionnement de ripeur,rippeur,section n°4,20.0,import_2024,section n°4,rippeur,Section n°4,rippeur
378,2024-06-16,L11,Four 1,Mauvaise fonctionnement de ripeur,rippeur,section n°4,20.0,import_2024,section n°4,rippeur,Section n°4,rippeur
379,2024-06-16,L11,Four 1,Mauvaise fonctionnement de ripeur,rippeur,section n°5,60.0,import_2024,section n°5,rippeur,Section n°5,rippeur
380,2024-06-16,L11,Four 1,Mauvaise fonctionnement de ripeur,rippeur,section n°4,15.0,import_2024,section n°4,rippeur,Section n°4,rippeur
381,2024-06-17,L11,Four 1,Mauvaise fonctionnement de ripeur,rippeur,section n°6,25.0,import_2024,section n°6,rippeur,Section n°6,rippeur
382,2024-06-17,L11,Four 1,Ajustement de niveau du bras transfert,Bras de transfert,section n°5,20.0,import_2024,section n°5,bras de transfert,Section n°5,bras de transfert
383,2024-06-17,L11,Four 1,Manque de Verti-Flow,verti-flow,section n°8,30.0,import_2024,section n°8,verti-flow,Section n°8,verti-flow
384,2024-06-17,L11,Four 1,Manque de Verti-Flow,verti-flow,section n°8,75.0,import_2024,section n°8,verti-flow,Section n°8,verti-flow
385,2024-06-17,L11,Four 1,Mauvaise fonctionnement de ripeur,rippeur,section n°3,20.0,import_2024,section n°3,rippeur,Section n°3,rippeur
386,2024-06-17,L11,Four 1,Mauvaise fonctionnement de ripeur,rippeur,section n°4,20.0,import_2024,section n°4,rippeur,Section n°4,rippeur
387,2024-06-18,L11,Four 1,Mauvaise fonctionnement de ripeur,rippeur,section n°5,20.0,import_2024,section n°5,rippeur,Section n°5,rippeur
388,2024-06-18,L11,Four 1,Mauvaise fonctionnement de ripeur,rippeur,section n°4,10.0,import_2024,section n°4,rippeur,Section n°4,rippeur
389,2024-06-18,L11,Four 1,Mauvaise fonctionnement de ripeur,rippeur,section n°3,60.0,import_2024,section n°3,rippeur,Section n°3,rippeur
390,2024-06-18,L11,Four 1,Manque l'eau de ciseaux,Mécanisme ciseaux,Machine,5.0,import_2024,machine,mécanisme ciseaux,Machine,Mécanisme ciseaux
391,2024-06-19,L11,Four 1,Changement charnieres Eb,charnieres,section n°5,15.0,import_2024,section n°5,charnieres,Section n°5,charnieres
392,2024-06-19,L11,Four 1,Panne électrique,AEE,section n°3,15.0,import_2024,section n°3,aee,Section n°3,AEE
393,2024-06-19,L11,Four 1,Serrage adapteur poincon,adapteur,section n°8,10.0,import_2024,section n°8,adapteur,Section n°8,adapteur
394,2024-06-19,L11,Four 1,Changement bras de transfert,Bras de transfert,section n°4,15.0,import_2024,section n°4,bras de transfert,Section n°4,bras de transfert
395,2024-06-19,L11,Four 1,Ajustement de niveau du bras transfert,Bras de transfert,section n°5,20.0,import_2024,section n°5,bras de transfert,Section n°5,bras de transfert
396,2024-06-20,L11,Four 1,Mauvaise fonctionnement de ripeur,rippeur,section n°2,15.0,import_2024,section n°2,rippeur,Section n°2,rippeur
397,2024-06-20,L11,Four 1,Ajustement de niveau du bras transfert,Bras de transfert,section n°4,30.0,import_2024,section n°4,bras de transfert,Section n°4,bras de transfert
398,2024-06-20,L11,Four 1,Mauvaise fonctionnement de ripeur,rippeur,section n°3,10.0,import_2024,section n°3,rippeur,Section n°3,rippeur
399,2024-06-20,L11,Four 1,Mauvaise fonctionnement de ripeur,rippeur,section n°6,19.0,import_2024,section n°6,rippeur,Section n°6,rippeur
400,2024-06-20,L11,Four 1,Mauvaise fonctionnement de ripeur,rippeur,section n°6,300.0,import_2024,section n°6,rippeur,Section n°6,rippeur
401,2024-06-21,L11,Four 1,Changement de distributeur ripeur,rippeur,section n°5,20.0,import_2024,section n°5,rippeur,Section n°5,rippeur
402,2024-06-21,L11,Four 1,Changement de support pinçettes,pincettes,section n°3,10.0,import_2024,section n°3,pincettes,Section n°3,pincettes
403,2024-06-21,L11,Four 1,Mauvaise fonctionnement ripeur,rippeur,section n°2,20.0,import_2024,section n°2,rippeur,Section n°2,rippeur
404,2024-06-22,L11,Four 1,Mauvaise fonctionnement ripeur,rippeur,section n°2,100.0,import_2024,section n°2,rippeur,Section n°2,rippeur
405,2024-06-22,L11,Four 1,Changement de distributeur de perçage,percage,section n°2,30.0,import_2024,section n°2,percage,Section n°2,percage
406,2024-06-22,L11,Four 1,Réparation de ventillation moule de bague,ventillation,section n°7,30.0,import_2024,section n°7,ventillation,Section n°7,ventillation
407,2024-06-22,L11,Four 1,Réparation de ventillation moule de bague,ventillation,section n°8,30.0,import_2024,section n°8,ventillation,Section n°8,ventillation
408,2024-06-23,L11,Four 1,Manque de refroidissement,refroidissement,section n°2,480.0,import_2024,section n°2,refroidissement,Section n°2,refroidissement
409,2024-06-23,L11,Four 1,Panne électrique,AEE,section n°7,160.0,import_2024,section n°7,aee,Section n°7,AEE
410,2024-06-23,L11,Four 1,Manque de refroidissement,refroidissement,section n°2,360.0,import_2024,section n°2,refroidissement,Section n°2,refroidissement
411,2024-06-23,L11,Four 1,Changement charnieres Eb,charnieres,section n°7,15.0,import_2024,section n°7,charnieres,Section n°7,charnieres
412,2024-06-23,L11,Four 1,Changement de ventillation moule de bague,ventillation,section n°7,20.0,import_2024,section n°7,ventillation,Section n°7,ventillation
413,2024-06-23,L11,Four 1,Changement de ventillation moule de bague,ventillation,section n°8,20.0,import_2024,section n°8,ventillation,Section n°8,ventillation
414,2024-06-25,L11,Four 1,Ajustement de niveau du bras transfert,Bras de transfert,section n°7,15.0,import_2024,section n°7,bras de transfert,Section n°7,bras de transfert
415,2024-06-25,L11,Four 1,Mauvaise fonctionnement de ripeur,rippeur,section n°8,20.0,import_2024,section n°8,rippeur,Section n°8,rippeur
416,2024-06-25,L11,Four 1,Changement de support tete de gonflage,tete de gonflage,section n°1,20.0,import_2024,section n°1,tete de gonflage,Section n°1,tete de gonflage
417,2024-06-25,L11,Four 1,Mauvaise fonctionnement de ripeur,rippeur,section n°2,30.0,import_2024,section n°2,rippeur,Section n°2,rippeur
418,2024-06-25,L11,Four 1,Mauvaise fonctionnement de ripeur,rippeur,section n°5,30.0,import_2024,section n°5,rippeur,Section n°5,rippeur
419,2024-06-25,L11,Four 1,Mauvaise fonctionnement de ripeur,rippeur,section n°8,180.0,import_2024,section n°8,rippeur,Section n°8,rippeur
420,2024-06-25,L11,Four 1,Ajustement de niveau du bras transfert,Bras de transfert,section n°7,15.0,import_2024,section n°7,bras de transfert,Section n°7,bras de transfert
421,2024-06-25,L11,Four 1,changement bras transfert,Bras de transfert,section n°4,10.0,import_2024,section n°4,bras de transfert,Section n°4,bras de transfert
422,2024-06-25,L11,Four 1,Mauvaise fonctionnement de ripeur,rippeur,section n°2,15.0,import_2024,section n°2,rippeur,Section n°2,rippeur
423,2024-06-26,L11,Four 1,Mauvaise fonctionnement de ripeur,rippeur,section n°2,30.0,import_2024,section n°2,rippeur,Section n°2,rippeur
424,2024-06-26,L11,Four 1,Ajustement de niveau du bras transfert,Bras de transfert,section n°4,30.0,import_2024,section n°4,bras de transfert,Section n°4,bras de transfert
425,2024-06-26,L11,Four 1,Ajustement de niveau du bras transfert,Bras de transfert,section n°3,15.0,import_2024,section n°3,bras de transfert,Section n°3,bras de transfert
426,2024-06-26,L11,Four 1,changement bras transfert,Bras de transfert,section n°3,20.0,import_2024,section n°3,bras de transfert,Section n°3,bras de transfert
427,2024-06-26,L11,Four 1,Réparation bras de transfert,Bras de transfert,section n°8,20.0,import_2024,section n°8,bras de transfert,Section n°8,bras de transfert
428,2024-06-27,L11,Four 1,changement bras transfert,Bras de transfert,section n°8,20.0,import_2024,section n°8,bras de transfert,Section n°8,bras de transfert
429,2024-06-27,L11,Four 1,Manque de rechange,rippeur,section n°7,25.0,import_2024,section n°7,rippeur,Section n°7,rippeur
430,2024-06-27,L11,Four 1,Panne électrique,AEE,section n°5,30.0,import_2024,section n°5,aee,Section n°5,AEE
431,2024-06-27,L11,Four 1,Mauvaise fonctionnement de ripeur,rippeur,section n°4,15.0,import_2024,section n°4,rippeur,Section n°4,rippeur
432,2024-06-27,L11,Four 1,Mauvaise fonctionnement d'invertion,invertion,section n°3,240.0,import_2024,section n°3,invertion,Section n°3,invertion
433,2024-06-27,L11,Four 1,changement les lames ciseaux,Mécanisme ciseaux,Machine,40.0,import_2024,machine,mécanisme ciseaux,Machine,Mécanisme ciseaux
434,2024-06-27,L11,Four 1,Mauvaise fonctionnement de ripeur,rippeur,section n°4,15.0,import_2024,section n°4,rippeur,Section n°4,rippeur
435,2024-06-27,L11,Four 1,Mauvaise fonctionnement d'invertion,invertion,section n°8,20.0,import_2024,section n°8,invertion,Section n°8,invertion
436,2024-06-28,L11,Four 1,Mauvaise fonctionnement d'invertion,invertion,section n°3,120.0,import_2024,section n°3,invertion,Section n°3,invertion
437,2024-06-28,L11,Four 1,changement bras transfert,Bras de transfert,section n°7,10.0,import_2024,section n°7,bras de transfert,Section n°7,bras de transfert
438,2024-06-28,L11,Four 1,Mauvaise fonctionnement d'invertion,invertion,section n°3,145.0,import_2024,section n°3,invertion,Section n°3,invertion
439,2024-06-28,L11,Four 1,Mauvaise fonctionnement de ripeur,rippeur,section n°8,15.0,import_2024,section n°8,rippeur,Section n°8,rippeur
440,2024-06-28,L11,Four 1,Manque de Verti-Flow,verti-flow,section n°7,20.0,import_2024,section n°7,verti-flow,Section n°7,verti-flow
441,2024-06-28,L11,Four 1,Ajustement de niveau du bras transfert,Bras de transfert,section n°4,20.0,import_2024,section n°4,bras de transfert,Section n°4,bras de transfert
442,2024-06-28,L11,Four 1,Mauvaise fonctionnement de ripeur,rippeur,section n°8,20.0,import_2024,section n°8,rippeur,Section n°8,rippeur
443,2024-06-28,L11,Four 1,Changement de distributeur,Distributeur,section n°8,15.0,import_2024,section n°8,distributeur,Section n°8,Distributeur
444,2024-06-29,L11,Four 1,Mauvaise fonctionnement de ripeur,rippeur,section n°2,15.0,import_2024,section n°2,rippeur,Section n°2,rippeur
445,2024-06-29,L11,Four 1,Mauvaise fonctionnement de ripeur,rippeur,section n°5,15.0,import_2024,section n°5,rippeur,Section n°5,rippeur
446,2024-06-29,L11,Four 1,Ajustement de niveau du bras transfert,Bras de transfert,section n°2,15.0,import_2024,section n°2,bras de transfert,Section n°2,bras de transfert
447,2024-06-29,L11,Four 1,Mauvaise fonctionnement de ripeur,rippeur,section n°5,40.0,import_2024,section n°5,rippeur,Section n°5,rippeur
448,2024-06-30,L11,Four 1,changement bras transfert,Bras de transfert,section n°4,15.0,import_2024,section n°4,bras de transfert,Section n°4,bras de transfert
449,2024-06-30,L11,Four 1,Coincement ciseaux,Mécanisme ciseaux,Machine,20.0,import_2024,machine,mécanisme ciseaux,Machine,Mécanisme ciseaux
450,2024-06-30,L11,Four 1,Mauvaise fonctionnement de ripeur,rippeur,section n°5,30.0,import_2024,section n°5,rippeur,Section n°5,rippeur
451,2024-07-01,L11,Four 1,Changement pincettes,pincettes,section n°1,5.0,import_2024,section n°1,pincettes,Section n°1,pincettes
452,2024-07-01,L11,Four 1,changement bras transfert,Bras de transfert,Section n°4,20.0,import_2024,section n°4,bras de transfert,Section n°4,bras de transfert
453,2024-07-01,L11,Four 1,Changement support de gonflage,gonflage,Section n°4,10.0,import_2024,section n°4,gonflage,Section n°4,gonflage
454,2024-07-01,L11,Four 1,changement de flexible verti-flow,verti-flow,section n°7,10.0,import_2024,section n°7,verti-flow,Section n°7,verti-flow
455,2024-07-01,L11,Four 1,centrage support de compression,compression,Section n°2,15.0,import_2024,section n°2,compression,Section n°2,compression
456,2024-07-02,L11,Four 1,Ciseaux,Mécanisme ciseaux,Mécanisme Ciseaux,15.0,import_2024,mécanisme ciseaux,mécanisme ciseaux,Mécanisme ciseaux,Mécanisme ciseaux
457,2024-07-02,L11,Four 1,changement bras transfert,Bras de transfert,section n°1,180.0,import_2024,section n°1,bras de transfert,Section n°1,bras de transfert
458,2024-07-02,L11,Four 1,Manque d'air de refroidissement poincon,poincon,section n°2,15.0,import_2024,section n°2,poincon,Section n°2,poincon
459,2024-07-02,L11,Four 1,Ajustement de niveau bras transfert,Bras de transfert,section n°3,15.0,import_2024,section n°3,bras de transfert,Section n°3,bras de transfert
460,2024-07-03,L11,Four 1,Mauvaise déscente de tete compression,compression,section n°2,230.0,import_2024,section n°2,compression,Section n°2,compression
461,2024-07-03,L11,Four 1,Mauvaise déscente de tete compression,compression,section n°2,50.0,import_2024,section n°2,compression,Section n°2,compression
462,2024-07-04,L11,Four 1,Mauvaise fonctionnement de ripeur,rippeur,section n°4,15.0,import_2024,section n°4,rippeur,Section n°4,rippeur
463,2024-07-04,L11,Four 1,Changement de ventilation moule de bague,ventillation,section n°8,30.0,import_2024,section n°8,ventillation,Section n°8,ventillation
464,2024-07-04,L11,Four 1,Mauvaise percage,percage,section n°8,40.0,import_2024,section n°8,percage,Section n°8,percage
465,2024-07-05,L11,Four 1,Serrage support fond ébaucheur,Support fond,section n°8,10.0,import_2024,section n°8,support fond,Section n°8,Support fond
466,2024-07-05,L11,Four 1,Serrage d'adapteur,Adapteur,section n°6,20.0,import_2024,section n°6,adapteur,Section n°6,adapteur
467,2024-07-05,L11,Four 1,Mauvaise fonctionnement de ripeur,rippeur,section n°8,10.0,import_2024,section n°8,rippeur,Section n°8,rippeur
468,2024-07-05,L11,Four 1,Manque d'eau de refroidissement ciseaux,Mécanisme ciseaux,Mécanisme Ciseaux,5.0,import_2024,mécanisme ciseaux,mécanisme ciseaux,Mécanisme ciseaux,Mécanisme ciseaux
469,2024-07-05,L11,Four 1,Ajustement de niveau bras transfert,Bras de transfert,section n°6,15.0,import_2024,section n°6,bras de transfert,Section n°6,bras de transfert
470,2024-07-06,L11,Four 1,Changement des charnières ébaucheurs,charnieres,section n°6,15.0,import_2024,section n°6,charnieres,Section n°6,charnieres
471,2024-07-06,L11,Four 1,changement bras transfert,Bras de transfert,section n°8,40.0,import_2024,section n°8,bras de transfert,Section n°8,bras de transfert
472,2024-07-06,L11,Four 1,Changement du bras Take-Out,Take-out,section n°8,20.0,import_2024,section n°8,take-out,Section n°8,take-out
473,2024-07-06,L11,Four 1,Ajustement de niveau bras transfert,Bras de transfert,section n°6,20.0,import_2024,section n°6,bras de transfert,Section n°6,bras de transfert
474,2024-07-06,L11,Four 1,changement bras transfert,Bras de transfert,section n°8,30.0,import_2024,section n°8,bras de transfert,Section n°8,bras de transfert
475,2024-07-06,L11,Four 1,Changement rippeur,rippeur,section n°8,15.0,import_2024,section n°8,rippeur,Section n°8,rippeur
476,2024-07-07,L11,Four 1,Panne électrique,AEE,section n°7,60.0,import_2024,section n°7,aee,Section n°7,AEE
477,2024-07-07,L11,Four 1,Serrage d'adapteur,Adapteur,section n°2,15.0,import_2024,section n°2,adapteur,Section n°2,adapteur
478,2024-07-07,L11,Four 1,changement bras transfert,Bras de transfert,section n°8,10.0,import_2024,section n°8,bras de transfert,Section n°8,bras de transfert
479,2024-07-07,L11,Four 1,Arret convoyeur mise a l'arche,convoyeur mise a l'arche,Convoyeur mise à l'arche,5.0,import_2024,convoyeur mise à l'arche,convoyeur mise a l'arche,Convoyeur mise à l'arche,convoyeur mise a l'arche
480,2024-07-07,L11,Four 1,Changement de ventilation moule de bague,ventillation,section n°8,20.0,import_2024,section n°8,ventillation,Section n°8,ventillation
481,2024-07-07,L11,Four 1,Mauvaise percage,percage,section n°1,30.0,import_2024,section n°1,percage,Section n°1,percage
482,2024-07-07,L11,Four 1,changement bras transfert,Bras de transfert,section n°1,15.0,import_2024,section n°1,bras de transfert,Section n°1,bras de transfert
483,2024-07-07,L11,Four 1,Ajustement de niveau bras transfert,Bras de transfert,section n°8,20.0,import_2024,section n°8,bras de transfert,Section n°8,bras de transfert
484,2024-07-09,L11,Four 1,Ajustement de niveau du bras transfert,Bras de transfert,section n°7,15.0,import_2024,section n°7,bras de transfert,Section n°7,bras de transfert
485,2024-07-09,L11,Four 1,Mauvaise fonctionnement de ripeur,rippeur,section n°1,15.0,import_2024,section n°1,rippeur,Section n°1,rippeur
486,2024-07-09,L11,Four 1,Ajustement de niveau du bras transfert,Bras de transfert,section n°7,20.0,import_2024,section n°7,bras de transfert,Section n°7,bras de transfert
487,2024-07-09,L11,Four 1,Mauvaise fonctionnement de ripeur,rippeur,section n°1,15.0,import_2024,section n°1,rippeur,Section n°1,rippeur
488,2024-07-10,L11,Four 1,coupure de courant,Machine,Machine,155.0,import_2024,machine,machine,Machine,Machine
489,2024-07-11,L11,Four 1,Mise a niveau bras de transfert,Bras de transfert,section n°1,20.0,import_2024,section n°1,bras de transfert,Section n°1,bras de transfert
490,2024-07-11,L11,Four 1,changement FPS,FPS,section n°8,40.0,import_2024,section n°8,fps,Section n°8,FPS
491,2024-07-11,L11,Four 1,AEE,AEE,section n°8,20.0,import_2024,section n°8,aee,Section n°8,AEE
492,2024-07-15,L11,Four 1,Mauvaise fonctionnement de ripeur,rippeur,section n°3,35.0,import_2024,section n°3,rippeur,Section n°3,rippeur
493,2024-07-15,L11,Four 1,Ajustement de niveau du bras transfert,Bras de transfert,section n°8,15.0,import_2024,section n°8,bras de transfert,Section n°8,bras de transfert
494,2024-07-17,L11,Four 1,Mauvaise fonctionnement de ripeur,rippeur,section n°2,35.0,import_2024,section n°2,rippeur,Section n°2,rippeur
495,2024-07-17,L11,Four 1,Mauvaise fonctionnement de ripeur,rippeur,section n°3,20.0,import_2024,section n°3,rippeur,Section n°3,rippeur
496,2024-07-17,L11,Four 1,Ajustement de niveau du bras transfert,Bras de transfert,section n°7,30.0,import_2024,section n°7,bras de transfert,Section n°7,bras de transfert
497,2024-07-17,L11,Four 1,Mauvaise fonctionnement de ripeur,rippeur,section n°3,45.0,import_2024,section n°3,rippeur,Section n°3,rippeur
498,2024-07-17,L11,Four 1,Ejection,Défauts,section n°6,20.0,import_2024,section n°6,défauts,Section n°6,Défauts
499,2024-07-18,L11,Four 1,Mauvaise fonctionnement de ripeur,rippeur,section n°4,60.0,import_2024,section n°4,rippeur,Section n°4,rippeur
500,2024-07-18,L11,Four 1,Mauvaise fonctionnement de ripeur,rippeur,section n°3,20.0,import_2024,section n°3,rippeur,Section n°3,rippeur
501,2024-07-18,L11,Four 1,Ajustement de niveau du bras transfert,Bras de transfert,section n°7,20.0,import_2024,section n°7,bras de transfert,Section n°7,bras de transfert
502,2024-07-19,L11,Four 1,Mauvaise fonctionnement de ripeur,rippeur,section n°4,20.0,import_2024,section n°4,rippeur,Section n°4,rippeur
503,2024-07-19,L11,Four 1,Mauvaise fonctionnement de ripeur,rippeur,section n°2,65.0,import_2024,section n°2,rippeur,Section n°2,rippeur
504,2024-07-20,L11,Four 1,Arret convoyeur mise a l'arche,convoyeur mise a l'arche,Convoyeur mise à l'arche,10.0,import_2024,convoyeur mise à l'arche,convoyeur mise a l'arche,Convoyeur mise à l'arche,convoyeur mise a l'arche
505,2024-07-20,L11,Four 1,Arret machine: probléme ciseaux,Mécanisme ciseaux,Mécanisme Ciseaux,270.0,import_2024,mécanisme ciseaux,mécanisme ciseaux,Mécanisme ciseaux,Mécanisme ciseaux
506,2024-07-21,L11,Four 1,Mauvaise fonctionnement de ripeur,rippeur,section n°4,30.0,import_2024,section n°4,rippeur,Section n°4,rippeur
507,2024-07-21,L11,Four 1,Mauvaise fonctionnement de ripeur,rippeur,section n°4,30.0,import_2024,section n°4,rippeur,Section n°4,rippeur
508,2024-07-21,L11,Four 1,Mauvaise fonctionnement de ripeur,rippeur,section n°3,40.0,import_2024,section n°3,rippeur,Section n°3,rippeur
509,2024-07-22,L11,Four 1,Changement bras transfert,bras de transfert,Section n°3,40.0,import_2024,section n°3,bras de transfert,Section n°3,bras de transfert
510,2024-07-22,L11,Four 1,Changement bras transfert,bras de transfert,Section n°3,20.0,import_2024,section n°3,bras de transfert,Section n°3,bras de transfert
511,2024-07-22,L11,Four 1,Mauvaise fonctionnement de ripeur,rippeur,section n°2,30.0,import_2024,section n°2,rippeur,Section n°2,rippeur
512,2024-07-22,L11,Four 1,Changement charnier,charnieres,Section n°3,50.0,import_2024,section n°3,charnieres,Section n°3,charnieres
513,2024-07-23,L11,Four 1,Changement bras de transfert,Bras de transfert,Section n°3,20.0,import_2024,section n°3,bras de transfert,Section n°3,bras de transfert
514,2024-07-24,L11,Four 1,Mauvaise fonctionnement de ripeur,rippeur,section n°4,40.0,import_2024,section n°4,rippeur,Section n°4,rippeur
515,2024-07-24,L11,Four 1,Mauvaise fonctionnement de ripeur,rippeur,section n°5,40.0,import_2024,section n°5,rippeur,Section n°5,rippeur
516,2024-07-24,L11,Four 1,Mauvaise fonctionnement de ripeur,rippeur,section n°4,20.0,import_2024,section n°4,rippeur,Section n°4,rippeur
517,2024-07-25,L11,Four 1,Mauvaise fonctionnement de ripeur,rippeur,section n°5,10.0,import_2024,section n°5,rippeur,Section n°5,rippeur
518,2024-07-25,L11,Four 1,Mauvaise fonctionnement de ripeur,rippeur,section n°3,10.0,import_2024,section n°3,rippeur,Section n°3,rippeur
519,2024-07-25,L11,Four 1,Serrage adapteur poincon,adapteur,section n°3,20.0,import_2024,section n°3,adapteur,Section n°3,adapteur
520,2024-07-26,L11,Four 1,Mauvaise fonctionnement de ripeur,rippeur,section n°2,20.0,import_2024,section n°2,rippeur,Section n°2,rippeur
521,2024-07-26,L11,Four 1,Mauvaise fonctionnement de ripeur,rippeur,section n°4,15.0,import_2024,section n°4,rippeur,Section n°4,rippeur
522,2024-07-26,L11,Four 1,Mauvaise fonctionnement de ripeur,rippeur,section n°5,15.0,import_2024,section n°5,rippeur,Section n°5,rippeur
523,2024-07-26,L11,Four 1,Mauvaise fonctionnement de ripeur,rippeur,section n°3,30.0,import_2024,section n°3,rippeur,Section n°3,rippeur
524,2024-07-26,L11,Four 1,Mauvaise fonctionnement de ripeur,rippeur,section n°2,20.0,import_2024,section n°2,rippeur,Section n°2,rippeur
525,2024-07-26,L11,Four 1,Mauvaise fonctionnement de ripeur,rippeur,section n°4,80.0,import_2024,section n°4,rippeur,Section n°4,rippeur
526,2024-07-26,L11,Four 1,Mauvaise fonctionnement de ripeur,rippeur,section n°5,30.0,import_2024,section n°5,rippeur,Section n°5,rippeur
527,2024-07-26,L11,Four 1,Mauvaise fonctionnement de ripeur,rippeur,section n°3,70.0,import_2024,section n°3,rippeur,Section n°3,rippeur
528,2024-07-27,L11,Four 1,Serrage plaque d'attente,Plaque d'attente,section n°2,15.0,import_2024,section n°2,plaque d'attente,Section n°2,Plaque d'attente
529,2024-07-27,L11,Four 1,Mauvaise fonctionnement de ripeur,rippeur,section n°4,10.0,import_2024,section n°4,rippeur,Section n°4,rippeur
530,2024-07-28,L11,Four 1,Mauvaise fonctionnement de ripeur,rippeur,section n°5,20.0,import_2024,section n°5,rippeur,Section n°5,rippeur
531,2024-07-28,L11,Four 1,Mauvaise fonctionnement de ripeur,rippeur,section n°4,40.0,import_2024,section n°4,rippeur,Section n°4,rippeur
532,2024-07-28,L11,Four 1,Changement bras transfert,bras de transfert,Section n°5,40.0,import_2024,section n°5,bras de transfert,Section n°5,bras de transfert
533,2024-07-28,L11,Four 1,Changement poincon,Poincon,Section n°7,25.0,import_2024,section n°7,poincon,Section n°7,poincon
534,2024-07-29,L11,Four 1,Réglage niveau de bras de transfert,bras de transfert,section n°3,20.0,import_2024,section n°3,bras de transfert,Section n°3,bras de transfert
535,2024-07-29,L11,Four 1,Changement bras de take-out,take-out,section n°2,40.0,import_2024,section n°2,take-out,Section n°2,take-out
536,2024-07-30,L11,Four 1,Arret de machine toute seul,machine,Machine,15.0,import_2024,machine,machine,Machine,Machine
537,2024-07-30,L11,Four 1,Changement bras de transfert,bras de transfert,section n°2,30.0,import_2024,section n°2,bras de transfert,Section n°2,bras de transfert
538,2024-07-30,L11,Four 1,Changement charnier Eb,Charnier,section n°4,15.0,import_2024,section n°4,charnier,Section n°4,charnier
539,2024-07-30,L11,Four 1,Mauvaise fonctionnement de ripeur,rippeur,section n°3,15.0,import_2024,section n°3,rippeur,Section n°3,rippeur
540,2024-07-31,L11,Four 1,Mauvaise fonctionnement de ripeur,rippeur,section n°3,35.0,import_2024,section n°3,rippeur,Section n°3,rippeur
541,2024-08-01,L11,Four 1,Mauvaise fonctionnement de ripeur,rippeur,section n°3,10.0,import_2024,section n°3,rippeur,Section n°3,rippeur
542,2024-08-02,L11,Four 1,Changement bras transfert,bras de transfert,Section n°2,15.0,import_2024,section n°2,bras de transfert,Section n°2,bras de transfert
543,2024-08-02,L11,Four 1,AEE,AEE,section n°4,15.0,import_2024,section n°4,aee,Section n°4,AEE
544,2024-08-03,L11,Four 1,Mauvaise fonctionnement de ripeur,rippeur,section n°5,60.0,import_2024,section n°5,rippeur,Section n°5,rippeur
545,2024-08-03,L11,Four 1,Manque l'eau de ciseaux,Ciseaux,Machine,5.0,import_2024,machine,ciseaux,Machine,Ciseaux
546,2024-08-03,L11,Four 1,Mauvaise fonctionnement de ripeur,rippeur,section n°5,30.0,import_2024,section n°5,rippeur,Section n°5,rippeur
547,2024-08-04,L11,Four 1,AEE,AEE,section n°4,100.0,import_2024,section n°4,aee,Section n°4,AEE
548,2024-08-04,L11,Four 1,Mauvaise fonctionnement de ripeur,rippeur,section n°5,10.0,import_2024,section n°5,rippeur,Section n°5,rippeur
549,2024-08-05,L11,Four 1,Coincement noyau,Noyau,section n°6,30.0,import_2024,section n°6,noyau,Section n°6,noyau
550,2024-08-06,L11,Four 1,Probléme ciseaux,Mécanisme ciseaux,Machine,5.0,import_2024,machine,mécanisme ciseaux,Machine,Mécanisme ciseaux
551,2024-08-07,L11,Four 1,Arret convoyeur mise a l'arche,convoyeur mise a l'arche,convoyeur mise a l'arche,5.0,import_2024,convoyeur mise a l'arche,convoyeur mise a l'arche,convoyeur mise a l'arche,convoyeur mise a l'arche
552,2024-08-08,L11,Four 1,Mauvaise fonctionnement de ripeur,rippeur,section n°2,30.0,import_2024,section n°2,rippeur,Section n°2,rippeur
553,2024-08-08,L11,Four 1,Serrage les vis d'échappement téte compression,tete de compression,section n°2,20.0,import_2024,section n°2,tete de compression,Section n°2,tete de compression
554,2024-08-08,L11,Four 1,Verti-flow,verti-flow,section n°7,20.0,import_2024,section n°7,verti-flow,Section n°7,verti-flow
555,2024-08-09,L11,Four 1,AEE,AEE,section n°3,10.0,import_2024,section n°3,aee,Section n°3,AEE
556,2024-08-09,L11,Four 1,Mauvaise fonctionnement de ripeur,rippeur,section n°5,10.0,import_2024,section n°5,rippeur,Section n°5,rippeur
557,2024-08-11,L11,Four 1,Mauvaise percage,percage,section n°1,60.0,import_2024,section n°1,percage,Section n°1,percage
558,2024-08-11,L11,Four 1,Mauvaise fonctionnement de ripeur,rippeur,section n°1,30.0,import_2024,section n°1,rippeur,Section n°1,rippeur
559,2024-08-12,L11,Four 1,Changement rippeur,rippeur,section n°1,20.0,import_2024,section n°1,rippeur,Section n°1,rippeur
560,2024-08-12,L11,Four 1,Arret convoyeur machine: Probléme Electrique,convoyeur machine,machine,20.0,import_2024,machine,convoyeur machine,Machine,convoyeur machine
561,2024-08-12,L11,Four 1,AEE,AEE,section n°4,15.0,import_2024,section n°4,aee,Section n°4,AEE
562,2024-08-12,L11,Four 1,Mauvaise fonctionnement de ripeur,rippeur,section n°8,30.0,import_2024,section n°8,rippeur,Section n°8,rippeur
563,2024-08-13,L11,Four 1,Changement bras transfert,bras de transfert,Section n°1,20.0,import_2024,section n°1,bras de transfert,Section n°1,bras de transfert
564,2024-08-13,L11,Four 1,Changement bras transfert,bras de transfert,Section n°6,20.0,import_2024,section n°6,bras de transfert,Section n°6,bras de transfert
565,2024-08-13,L11,Four 1,Mise a niveau bras transfert,bras de transfert,Section n°1,15.0,import_2024,section n°1,bras de transfert,Section n°1,bras de transfert
566,2024-08-13,L11,Four 1,Mise a niveau bras transfert,bras de transfert,Section n°6,60.0,import_2024,section n°6,bras de transfert,Section n°6,bras de transfert
567,2024-08-13,L11,Four 1,Mauvaise fonctionnement de ripeur,rippeur,section n°8,20.0,import_2024,section n°8,rippeur,Section n°8,rippeur
568,2024-08-14,L11,Four 1,Changement bras transfert,bras de transfert,Section n°6,10.0,import_2024,section n°6,bras de transfert,Section n°6,bras de transfert
569,2024-08-14,L11,Four 1,Mauvaise fonctionnement de ripeur,rippeur,section n°5,20.0,import_2024,section n°5,rippeur,Section n°5,rippeur
570,2024-08-14,L11,Four 1,Changement bras take-out,bras take-out,section n°4,20.0,import_2024,section n°4,bras take-out,Section n°4,bras take-out
571,2024-08-14,L11,Four 1,AEE,AEE,section n°4,30.0,import_2024,section n°4,aee,Section n°4,AEE
572,2024-08-14,L11,Four 1,AEE,AEE,section n°4,60.0,import_2024,section n°4,aee,Section n°4,AEE
573,2024-08-14,L11,Four 1,Changement bras transfert,bras de transfert,Section n°1,15.0,import_2024,section n°1,bras de transfert,Section n°1,bras de transfert
574,2024-08-14,L11,Four 1,Mauvaise fonctionnement de ripeur,rippeur,section n°5,40.0,import_2024,section n°5,rippeur,Section n°5,rippeur
575,2024-08-14,L11,Four 1,Support tete de compression,téte comprssion,section n°4,20.0,import_2024,section n°4,téte comprssion,Section n°4,téte comprssion
576,2024-08-14,L11,Four 1,AEE,AEE,section n°7,10.0,import_2024,section n°7,aee,Section n°7,AEE
577,2024-08-14,L11,Four 1,AEE,AEE,section n°8,10.0,import_2024,section n°8,aee,Section n°8,AEE
578,2024-08-15,L11,Four 1,AEE,AEE,section n°7,585.0,import_2024,section n°7,aee,Section n°7,AEE
579,2024-08-15,L11,Four 1,AEE,AEE,section n°8,585.0,import_2024,section n°8,aee,Section n°8,AEE
580,2024-08-15,L11,Four 1,Mauvaise fonctionnement de ripeur,rippeur,section n°5,40.0,import_2024,section n°5,rippeur,Section n°5,rippeur
581,2024-08-15,L11,Four 1,Verti-flow,verti-flow,section n°2,80.0,import_2024,section n°2,verti-flow,Section n°2,verti-flow
582,2024-08-15,L11,Four 1,Bras de take-out,take-out,Section n°1,45.0,import_2024,section n°1,take-out,Section n°1,take-out
583,2024-08-16,L11,Four 1,AEE,AEE,section n°5,15.0,import_2024,section n°5,aee,Section n°5,AEE
584,2024-08-16,L11,Four 1,Réglage niveau bras transfert,bras de transfert,Section n°7,30.0,import_2024,section n°7,bras de transfert,Section n°7,bras de transfert
585,2024-08-16,L11,Four 1,Réglage niveau bras transfert,bras de transfert,Section n°1,20.0,import_2024,section n°1,bras de transfert,Section n°1,bras de transfert
586,2024-08-16,L11,Four 1,Mauvaise fonctionnement de ripeur,rippeur,section n°4,15.0,import_2024,section n°4,rippeur,Section n°4,rippeur
587,2024-08-16,L11,Four 1,Des arrets :Mauvaise fonctionnement de ripeur,rippeur,section n°5,90.0,import_2024,section n°5,rippeur,Section n°5,rippeur
588,2024-08-16,L11,Four 1,Réglage niveau bras transfert 3 fois,bras de transfert,Section n°1,40.0,import_2024,section n°1,bras de transfert,Section n°1,bras de transfert
589,2024-08-16,L11,Four 1,Réglage niveau bras transfert,bras de transfert,Section n°3,20.0,import_2024,section n°3,bras de transfert,Section n°3,bras de transfert
590,2024-08-19,L11,Four 1,Arret de la chemise,Chemise,machine,20.0,import_2024,machine,chemise,Machine,Chemise
591,2024-08-19,L11,Four 1,Réglage niveau bras transfert,bras de transfert,Section n°3,20.0,import_2024,section n°3,bras de transfert,Section n°3,bras de transfert
592,2024-08-19,L11,Four 1,Changement cartouche,cartouche,section n°2,120.0,import_2024,section n°2,cartouche,Section n°2,cartouche
593,2024-08-19,L11,Four 1,AEE,AEE,section n°4,45.0,import_2024,section n°4,aee,Section n°4,AEE
594,2024-08-20,L11,Four 1,Mauvaise percage,percage,section n°2,90.0,import_2024,section n°2,percage,Section n°2,percage
595,2024-08-21,L11,Four 1,AEE,section n°5,section n°5,15.0,import_2024,section n°5,section n°5,Section n°5,Section n°5
596,2024-08-21,L11,Four 1,Changement bras transfert,bras de transfert,Section n°2,40.0,import_2024,section n°2,bras de transfert,Section n°2,bras de transfert
597,2024-08-22,L11,Four 1,Réglage niveau bras transfert,bras de transfert,Section n°7,15.0,import_2024,section n°7,bras de transfert,Section n°7,bras de transfert
598,2024-08-23,L11,Four 1,AEE,AEE,section n°6,15.0,import_2024,section n°6,aee,Section n°6,AEE
599,2024-08-23,L11,Four 1,Arret machine tout seule,machine,machine,25.0,import_2024,machine,machine,Machine,Machine
600,2024-08-23,L11,Four 1,Mauvaise percage,percage,Section n°7,60.0,import_2024,section n°7,percage,Section n°7,percage
601,2024-08-23,L11,Four 1,Mauvaise fonctionnement de ripeur,rippeur,section n°4,15.0,import_2024,section n°4,rippeur,Section n°4,rippeur
602,2024-08-24,L11,Four 1,Changement bras de transfert,bras de transfert,Section n°2,10.0,import_2024,section n°2,bras de transfert,Section n°2,bras de transfert
603,2024-08-24,L11,Four 1,Changement bras de transfert,bras de transfert,Section n°8,15.0,import_2024,section n°8,bras de transfert,Section n°8,bras de transfert
604,2024-08-25,L11,Four 1,Mauvaise fonctionnement de ripeur,rippeur,section n°4,30.0,import_2024,section n°4,rippeur,Section n°4,rippeur
605,2024-08-25,L11,Four 1,AEE,AEE,section n°5,30.0,import_2024,section n°5,aee,Section n°5,AEE
606,2024-08-25,L11,Four 1,Probléme percage,percage,Section n°7,30.0,import_2024,section n°7,percage,Section n°7,percage
607,2024-08-25,L11,Four 1,Mauvaise fonctionnement de ripeur,rippeur,section n°4,15.0,import_2024,section n°4,rippeur,Section n°4,rippeur
608,2024-08-25,L11,Four 1,Mauvaise percage,percage,section n°2,60.0,import_2024,section n°2,percage,Section n°2,percage
609,2024-08-25,L11,Four 1,Changement bras de transfert,bras de transfert,Section n°2,15.0,import_2024,section n°2,bras de transfert,Section n°2,bras de transfert
610,2024-08-25,L11,Four 1,AEE,AEE,section n°5,35.0,import_2024,section n°5,aee,Section n°5,AEE
611,2024-08-25,L11,Four 1,Mauvaise percage,percage,section n°2,40.0,import_2024,section n°2,percage,Section n°2,percage
612,2024-08-26,L11,Four 1,Mauvaise fonctionnement de ripeur,rippeur,section n°4,90.0,import_2024,section n°4,rippeur,Section n°4,rippeur
613,2024-08-26,L11,Four 1,Mauvaise fonctionnement de ripeur,rippeur,section n°5,60.0,import_2024,section n°5,rippeur,Section n°5,rippeur
614,2024-08-26,L11,Four 1,Manque l'eau de ciseaux,Mécanisme ciseaux,machine,5.0,import_2024,machine,mécanisme ciseaux,Machine,Mécanisme ciseaux
615,2024-08-26,L11,Four 1,Mauvaise fonctionnement de ripeur,rippeur,section n°4,10.0,import_2024,section n°4,rippeur,Section n°4,rippeur
616,2024-08-26,L11,Four 1,Mauvaise fonctionnement de ripeur,rippeur,section n°5,10.0,import_2024,section n°5,rippeur,Section n°5,rippeur
617,2024-08-26,L11,Four 1,Mauvaise fonctionnement de ripeur,rippeur,section n°2,10.0,import_2024,section n°2,rippeur,Section n°2,rippeur
618,2024-08-27,L11,Four 1,Manque l'eau de ciseaux,Mécanisme ciseaux,machine,5.0,import_2024,machine,mécanisme ciseaux,Machine,Mécanisme ciseaux
619,2024-08-27,L11,Four 1,Centrage téte de gonflage,téte gonflage,Section n°7,20.0,import_2024,section n°7,téte gonflage,Section n°7,téte gonflage
620,2024-08-27,L11,Four 1,Arret convoyeur mise a l'arche,convoyeur mise a l'arche,convoyeur mise a l'arche,5.0,import_2024,convoyeur mise a l'arche,convoyeur mise a l'arche,convoyeur mise a l'arche,convoyeur mise a l'arche
621,2024-08-27,L11,Four 1,Arret convoyeur mise a l'arche,convoyeur mise a l'arche,convoyeur mise a l'arche,5.0,import_2024,convoyeur mise a l'arche,convoyeur mise a l'arche,convoyeur mise a l'arche,convoyeur mise a l'arche
622,2024-08-27,L11,Four 1,Arret convoyeur mise a l'arche,convoyeur mise a l'arche,convoyeur mise a l'arche,10.0,import_2024,convoyeur mise a l'arche,convoyeur mise a l'arche,convoyeur mise a l'arche,convoyeur mise a l'arche
623,2024-08-28,L11,Four 1,AEE,AEE,section n°5,30.0,import_2024,section n°5,aee,Section n°5,AEE
624,2024-08-28,L11,Four 1,AEE,AEE,section n°3,10.0,import_2024,section n°3,aee,Section n°3,AEE
625,2024-08-28,L11,Four 1,Mauvaise fonctionnement de ripeur,rippeur,section n°2,10.0,import_2024,section n°2,rippeur,Section n°2,rippeur
626,2024-08-29,L11,Four 1,changement distributeur,Poincon,section n°2,150.0,import_2024,section n°2,poincon,Section n°2,poincon
627,2024-08-29,L11,Four 1,Changement bras de transfert,bras de transfert,Section n°4,20.0,import_2024,section n°4,bras de transfert,Section n°4,bras de transfert
628,2024-08-29,L11,Four 1,Mauvaise fonctionnement de ripeur,rippeur,section n°6,30.0,import_2024,section n°6,rippeur,Section n°6,rippeur
629,2024-08-30,L11,Four 1,Mauvaise percage,percage,section n°2,90.0,import_2024,section n°2,percage,Section n°2,percage
630,2024-08-30,L11,Four 1,Arret de machine a cause plongeur,plongeur,machine,15.0,import_2024,machine,plongeur,Machine,plongeur
631,2024-08-30,L11,Four 1,Mauvaise fonctionnement de ripeur,rippeur,section n°2,25.0,import_2024,section n°2,rippeur,Section n°2,rippeur
632,2024-08-30,L11,Four 1,Arret tapis d'arche,Tapis d'arche,l'arche,105.0,import_2024,l'arche,tapis d'arche,l'arche,Tapis d'arche
633,2024-08-31,L11,Four 1,Mauvaise fonctionnement de ripeur,rippeur,section n°4,15.0,import_2024,section n°4,rippeur,Section n°4,rippeur
634,2024-08-31,L11,Four 1,Changement charnier Eb,charnier,section n°8,15.0,import_2024,section n°8,charnier,Section n°8,charnier
635,2024-08-31,L11,Four 1,Mauvaise percage,percage,section n°2,30.0,import_2024,section n°2,percage,Section n°2,percage
636,2024-08-31,L11,Four 1,Changement support de gonflage,gonflage,section n°7,20.0,import_2024,section n°7,gonflage,Section n°7,gonflage
637,2024-08-31,L11,Four 1,Cartouche noyau,cartouche,section n°8,45.0,import_2024,section n°8,cartouche,Section n°8,cartouche
638,2024-09-01,L11,Four 1,Arret plongeur,plongeur,machine,10.0,import_2024,machine,plongeur,Machine,plongeur
639,2024-09-01,L11,Four 1,Serrage adapteur,adapteur,section n°2,60.0,import_2024,section n°2,adapteur,Section n°2,adapteur
640,2024-09-01,L11,Four 1,changement support take-out,take-out,section n°3,90.0,import_2024,section n°3,take-out,Section n°3,take-out
641,2024-09-01,L11,Four 1,Mauvaise fonctionnement de ripeur,rippeur,section n°3,60.0,import_2024,section n°3,rippeur,Section n°3,rippeur
642,2024-09-03,L11,Four 1,Travail sur convoyeur mise a l'arche,convoyeur mise a l'arche,machine,35.0,import_2024,machine,convoyeur mise a l'arche,Machine,convoyeur mise a l'arche
643,2024-09-03,L11,Four 1,Changement charnier Eb,Charnier,section n°4,20.0,import_2024,section n°4,charnier,Section n°4,charnier
644,2024-09-03,L11,Four 1,Probléme percage,percage,section n°2,90.0,import_2024,section n°2,percage,Section n°2,percage
645,2024-09-03,L11,Four 1,Travail sur convoyeur mise a l'arche,convoyeur mise a l'arche,machine,5.0,import_2024,machine,convoyeur mise a l'arche,Machine,convoyeur mise a l'arche
646,2024-09-03,L11,Four 1,Probléme percage,percage,section n°2,45.0,import_2024,section n°2,percage,Section n°2,percage
647,2024-09-03,L11,Four 1,Mauvaise fonctionnement rippeur,rippeur,section n°5,30.0,import_2024,section n°5,rippeur,Section n°5,rippeur
648,2024-09-04,L11,Four 1,Mauvaise fonctionnement rippeur,rippeur,section n°5,15.0,import_2024,section n°5,rippeur,Section n°5,rippeur
649,2024-09-05,L11,Four 1,Arret machine panne electrique,AEE,machine,10.0,import_2024,machine,aee,Machine,AEE
650,2024-09-05,L11,Four 1,Mauvaise fonctionnement rippeur,rippeur,section n°3,15.0,import_2024,section n°3,rippeur,Section n°3,rippeur
651,2024-09-05,L11,Four 1,AEE,AEE,section n°5,20.0,import_2024,section n°5,aee,Section n°5,AEE
652,2024-09-06,L11,Four 1,Mauvaise fonctionnement rippeur,rippeur,section n°3,30.0,import_2024,section n°3,rippeur,Section n°3,rippeur
653,2024-09-06,L11,Four 1,Mauvaise fonctionnement rippeur,rippeur,section n°5,20.0,import_2024,section n°5,rippeur,Section n°5,rippeur
654,2024-09-07,L11,Four 1,Mauvaise fonctionnement rippeur,rippeur,section n°4,15.0,import_2024,section n°4,rippeur,Section n°4,rippeur
655,2024-09-08,L11,Four 1,Mauvaise fonctionnement rippeur,rippeur,section n°3,20.0,import_2024,section n°3,rippeur,Section n°3,rippeur
656,2024-09-09,L11,Four 1,AEE,section n°5,section n°5,15.0,import_2024,section n°5,section n°5,Section n°5,Section n°5
657,2024-09-10,L11,Four 1,Changement bras de transfert,bras de transfert,section n°3,15.0,import_2024,section n°3,bras de transfert,Section n°3,bras de transfert
658,2024-09-10,L11,Four 1,Fixation plaque d'attente,Plaque d'attente,section n°4,15.0,import_2024,section n°4,plaque d'attente,Section n°4,Plaque d'attente
659,2024-09-10,L11,Four 1,Mauvaise fonctionnement rippeur,rippeur,section n°3,30.0,import_2024,section n°3,rippeur,Section n°3,rippeur
660,2024-09-10,L11,Four 1,Mauvaise fonctionnement rippeur,rippeur,section n°3,30.0,import_2024,section n°3,rippeur,Section n°3,rippeur
661,2024-09-11,L11,Four 1,Variation monté Dé,Dé,section n°3,30.0,import_2024,section n°3,dé,Section n°3,Dé
662,2024-09-11,L11,Four 1,Mauvaise fonctionnement rippeur,rippeur,section n°3,30.0,import_2024,section n°3,rippeur,Section n°3,rippeur
663,2024-09-11,L11,Four 1,Mauvaise fonctionnement rippeur,rippeur,section n°4,30.0,import_2024,section n°4,rippeur,Section n°4,rippeur
664,2024-09-11,L11,Four 1,Changement distributeur percage,Distributeur,section n°7,25.0,import_2024,section n°7,distributeur,Section n°7,Distributeur
665,2024-09-11,L11,Four 1,Mauvaise fonctionnement rippeur,rippeur,section n°4,20.0,import_2024,section n°4,rippeur,Section n°4,rippeur
666,2024-09-11,L11,Four 1,Mauvaise fonctionnement rippeur,rippeur,section n°3,20.0,import_2024,section n°3,rippeur,Section n°3,rippeur
667,2024-09-12,L11,Four 1,Sortie scoop toute seul,scoop,machine,10.0,import_2024,machine,scoop,Machine,scoop
668,2024-09-12,L11,Four 1,Sortie scoop toute seul,scoop,machine,15.0,import_2024,machine,scoop,Machine,scoop
669,2024-09-13,L11,Four 1,Probléme electrique,AEE,section n°5,20.0,import_2024,section n°5,aee,Section n°5,AEE
670,2024-09-13,L11,Four 1,Changement bras de transfert,bras de transfert,section n°3,40.0,import_2024,section n°3,bras de transfert,Section n°3,bras de transfert
671,2024-09-13,L11,Four 1,Changement bras de transfert,bras de transfert,section n°4,15.0,import_2024,section n°4,bras de transfert,Section n°4,bras de transfert
672,2024-09-13,L11,Four 1,Changement bras de transfert,bras de transfert,section n°4,10.0,import_2024,section n°4,bras de transfert,Section n°4,bras de transfert
673,2024-09-14,L11,Four 1,Mauvaise fonctionnement rippeur,rippeur,section n°3,15.0,import_2024,section n°3,rippeur,Section n°3,rippeur
674,2024-09-14,L11,Four 1,Mise a l'arche,Mise a l'arche,mise a l'arche,10.0,import_2024,mise a l'arche,mise a l'arche,Mise a l'arche,Mise a l'arche
675,2024-09-14,L11,Four 1,AEE,AEE,section n°3,20.0,import_2024,section n°3,aee,Section n°3,AEE
676,2024-09-15,L11,Four 1,Mauvaise fonctionnement rippeur,rippeur,section n°3,15.0,import_2024,section n°3,rippeur,Section n°3,rippeur
677,2024-09-16,L11,Four 1,Mauvaise fonctionnement rippeur,rippeur,section n°3,35.0,import_2024,section n°3,rippeur,Section n°3,rippeur
678,2024-09-16,L11,Four 1,Mauvaise fonctionnement rippeur,rippeur,section n°3,45.0,import_2024,section n°3,rippeur,Section n°3,rippeur
679,2024-09-16,L11,Four 1,Mauvaise percage,percage,section n°3,20.0,import_2024,section n°3,percage,Section n°3,percage
680,2024-09-17,L11,Four 1,Mauvaise fonctionnement rippeur,rippeur,section n°3,15.0,import_2024,section n°3,rippeur,Section n°3,rippeur
681,2024-09-17,L11,Four 1,Mauvaise fonctionnement rippeur,rippeur,section n°3,30.0,import_2024,section n°3,rippeur,Section n°3,rippeur
682,2024-09-17,L11,Four 1,Panne électrique,AEE,section n°5,45.0,import_2024,section n°5,aee,Section n°5,AEE
683,2024-09-17,L11,Four 1,Mauvaise fonctionnement rippeur,rippeur,section n°6,30.0,import_2024,section n°6,rippeur,Section n°6,rippeur
684,2024-09-17,L11,Four 1,Manque l'eau de ciseaux,Mécanisme ciseaux,ciseaux,5.0,import_2024,ciseaux,mécanisme ciseaux,Ciseaux,Mécanisme ciseaux
685,2024-09-18,L11,Four 1,Probléme électrique,AEE,section n°5,45.0,import_2024,section n°5,aee,Section n°5,AEE
686,2024-09-18,L11,Four 1,Serrage les vis,serrage,section n°4,10.0,import_2024,section n°4,serrage,Section n°4,serrage
687,2024-09-18,L11,Four 1,Mauvaise fonctionnement rippeur,rippeur,section n°8,10.0,import_2024,section n°8,rippeur,Section n°8,rippeur
688,2024-09-19,L11,Four 1,Centrage support fond Eb,Support fond,section n°8,45.0,import_2024,section n°8,support fond,Section n°8,Support fond
689,2024-09-20,L11,Four 1,Arret ciseaux,Mécanisme ciseaux,machine,10.0,import_2024,machine,mécanisme ciseaux,Machine,Mécanisme ciseaux
690,2024-09-20,L11,Four 1,Coincement finisseur,Coincement finisseur,section n°2,60.0,import_2024,section n°2,coincement finisseur,Section n°2,Coincement finisseur
691,2024-09-20,L11,Four 1,Réglage charnieres Eb,charnier,section n°4,20.0,import_2024,section n°4,charnier,Section n°4,charnier
692,2024-09-21,L11,Four 1,Panne électrique,AEE,section n°5,20.0,import_2024,section n°5,aee,Section n°5,AEE
693,2024-09-21,L11,Four 1,Panne électrique,AEE,section n°4,20.0,import_2024,section n°4,aee,Section n°4,AEE
694,2024-09-21,L11,Four 1,Panne électrique,AEE,section n°6,20.0,import_2024,section n°6,aee,Section n°6,AEE
695,2024-09-21,L11,Four 1,Mauvaise fonctionnement rippeur,rippeur,section n°5,20.0,import_2024,section n°5,rippeur,Section n°5,rippeur
696,2024-09-22,L11,Four 1,Serrage ventilation plaque d'attente,Plaque d'attente,section n°4,20.0,import_2024,section n°4,plaque d'attente,Section n°4,Plaque d'attente
697,2024-09-22,L11,Four 1,Serrage ventilation plaque d'attente,Plaque d'attente,section n°3,20.0,import_2024,section n°3,plaque d'attente,Section n°3,Plaque d'attente
698,2024-09-22,L11,Four 1,Changement rippeur,rippeur,section n°5,20.0,import_2024,section n°5,rippeur,Section n°5,rippeur
699,2024-09-22,L11,Four 1,Changement rippeur,rippeur,section n°5,20.0,import_2024,section n°5,rippeur,Section n°5,rippeur
700,2024-09-22,L11,Four 1,Changement rippeur,rippeur,section n°5,30.0,import_2024,section n°5,rippeur,Section n°5,rippeur
701,2024-09-23,L11,Four 1,Serrage ventilation plaque d'attente,Plaque d'attente,section n°4,35.0,import_2024,section n°4,plaque d'attente,Section n°4,Plaque d'attente
702,2024-09-23,L11,Four 1,Changement distributeur noyau,Distributeur,section n°7,30.0,import_2024,section n°7,distributeur,Section n°7,Distributeur
703,2024-09-24,L11,Four 1,Changement bras de transfert,bras de transfert,section n°4,10.0,import_2024,section n°4,bras de transfert,Section n°4,bras de transfert
704,2024-09-24,L11,Four 1,Arret mchine tout seul,machine,machine,15.0,import_2024,machine,machine,Machine,Machine
705,2024-09-24,L11,Four 1,Mauvaise fonctionnement rippeur,rippeur,section n°5,15.0,import_2024,section n°5,rippeur,Section n°5,rippeur
706,2024-09-24,L11,Four 1,Changement bras de transfert,bras de transfert,section n°4,15.0,import_2024,section n°4,bras de transfert,Section n°4,bras de transfert
707,2024-09-26,L11,Four 1,mauvaise fonctionnement de rippeur,rippeur,section n°1,20.0,import_2024,section n°1,rippeur,Section n°1,rippeur
708,2024-09-26,L11,Four 1,mauvaise fonctionnement de rippeur,rippeur,section n°2,60.0,import_2024,section n°2,rippeur,Section n°2,rippeur
709,2024-09-26,L11,Four 1,mauvaise fonctionnement de rippeur,rippeur,section n°3,60.0,import_2024,section n°3,rippeur,Section n°3,rippeur
710,2024-09-26,L11,Four 1,mauvaise fonctionnement de rippeur,rippeur,section n°1,45.0,import_2024,section n°1,rippeur,Section n°1,rippeur
711,2024-09-26,L11,Four 1,mauvaise fonctionnement de rippeur,rippeur,section n°3,20.0,import_2024,section n°3,rippeur,Section n°3,rippeur
712,2024-09-26,L11,Four 1,Changement rippeur,rippeur,section n°1,20.0,import_2024,section n°1,rippeur,Section n°1,rippeur
713,2024-09-27,L11,Four 1,Changement bras de transfert,bras de transfert,section n°5,20.0,import_2024,section n°5,bras de transfert,Section n°5,bras de transfert
714,2024-09-27,L11,Four 1,Manque l'eau de ciseaux,Mécanisme ciseaux,machine,5.0,import_2024,machine,mécanisme ciseaux,Machine,Mécanisme ciseaux
715,2024-09-27,L11,Four 1,mauvaise fonctionnement de rippeur,rippeur,section n°1,25.0,import_2024,section n°1,rippeur,Section n°1,rippeur
716,2024-09-27,L11,Four 1,mauvaise fonctionnement de rippeur,rippeur,section n°3,20.0,import_2024,section n°3,rippeur,Section n°3,rippeur
717,2024-09-27,L11,Four 1,arret de mise à l'arche,Mise a l'arche,mise a l'arche,20.0,import_2024,mise a l'arche,mise a l'arche,Mise a l'arche,Mise a l'arche
718,2024-09-28,L11,Four 1,COINCEMENT DE MISE ARCHE,Mise a l'arche,mise a l'arche,50.0,import_2024,mise a l'arche,mise a l'arche,Mise a l'arche,Mise a l'arche
719,2024-09-28,L11,Four 1,COINCEMENT DE MISE ARCHE,Mise a l'arche,mise a l'arche,30.0,import_2024,mise a l'arche,mise a l'arche,Mise a l'arche,Mise a l'arche
720,2024-09-29,L11,Four 1,Changement bras de transfert,bras de transfert,section n°8,15.0,import_2024,section n°8,bras de transfert,Section n°8,bras de transfert
721,2024-09-30,L11,Four 1,Mauvaise fonctionnemnt de Take-out,take-out,section n°6,15.0,import_2024,section n°6,take-out,Section n°6,take-out
722,2024-09-30,L11,Four 1,mauvaise mauvement de mise arche,Mise a l'arche,Mise a l'arche,5.0,import_2024,mise a l'arche,mise a l'arche,Mise a l'arche,Mise a l'arche
723,2024-10-01,L11,Four 1,Bras Take -out,take-out,section n°4,25.0,import_2024,section n°4,take-out,Section n°4,take-out
724,2024-10-01,L11,Four 1,COINCEMENT DE MISE ARCHE,Mise a l'arche,mise a l'arche,50.0,import_2024,mise a l'arche,mise a l'arche,Mise a l'arche,Mise a l'arche
725,2024-10-03,L11,Four 1,mauvaise fonctionnement de ripeur,rippeur,section n°1,40.0,import_2024,section n°1,rippeur,Section n°1,rippeur
726,2024-10-03,L11,Four 1,Pronléme électrique,AEE,section n°6,10.0,import_2024,section n°6,aee,Section n°6,AEE
727,2024-10-05,L11,Four 1,panne au niveau de flexible vertiflow,verti-flow,section n°1,20.0,import_2024,section n°1,verti-flow,Section n°1,verti-flow
728,2024-10-06,L11,Four 1,Changement rippeur,rippeur,section n°1,10.0,import_2024,section n°1,rippeur,Section n°1,rippeur
729,2024-10-06,L11,Four 1,réglage niveau bras de transfert,bras de transfert,section n°3,15.0,import_2024,section n°3,bras de transfert,Section n°3,bras de transfert
730,2024-10-08,L11,Four 1,Mauvaise fonct Bras Transfert,bras de transfert,section n°5,60.0,import_2024,section n°5,bras de transfert,Section n°5,bras de transfert
731,2024-10-08,L11,Four 1,Arret machine a cause mauvaise contacte,AEE,machine,80.0,import_2024,machine,aee,Machine,AEE
732,2024-10-08,L11,Four 1,probléme électrique sur mise à l'arche,Mise a l'arche,mise a l'arche,62.0,import_2024,mise a l'arche,mise a l'arche,Mise a l'arche,Mise a l'arche
733,2024-10-08,L11,Four 1,Changement rippeur,rippeur,section n°1,20.0,import_2024,section n°1,rippeur,Section n°1,rippeur
734,2024-10-08,L11,Four 1,Mauvaise fonct Bras Transfert,bras de transfert,section n°5,25.0,import_2024,section n°5,bras de transfert,Section n°5,bras de transfert
735,2024-10-12,L11,Four 1,Arret convoyeur mise a l'arche,convoyeur mise a l'arche,convoyeur mise a l'arche,20.0,import_2024,convoyeur mise a l'arche,convoyeur mise a l'arche,convoyeur mise a l'arche,convoyeur mise a l'arche
736,2024-10-12,L11,Four 1,Changement rippeur,rippeur,section n°2,60.0,import_2024,section n°2,rippeur,Section n°2,rippeur
737,2024-10-12,L11,Four 1,Changement rippeur,rippeur,section n°2,35.0,import_2024,section n°2,rippeur,Section n°2,rippeur
738,2024-10-12,L11,Four 1,Changement rippeur,rippeur,section n°2,20.0,import_2024,section n°2,rippeur,Section n°2,rippeur
739,2024-10-13,L11,Four 1,Changement rippeur,rippeur,section n°4,35.0,import_2024,section n°4,rippeur,Section n°4,rippeur
740,2024-10-13,L11,Four 1,Arret mise a l'arche,Mise a l'arche,mise a l'arche,240.0,import_2024,mise a l'arche,mise a l'arche,Mise a l'arche,Mise a l'arche
741,2024-10-14,L11,Four 1,dessérage de bras de transfert,bras de transfert,section n°6,30.0,import_2024,section n°6,bras de transfert,Section n°6,bras de transfert
742,2024-10-15,L11,Four 1,Changement rippeur,rippeur,section n°4,15.0,import_2024,section n°4,rippeur,Section n°4,rippeur
743,2024-10-16,L11,Four 1,Changement rippeur,rippeur,section n°2,45.0,import_2024,section n°2,rippeur,Section n°2,rippeur
744,2024-10-16,L11,Four 1,Serrage adapteur poincon,adapteur,section n°2,25.0,import_2024,section n°2,adapteur,Section n°2,adapteur
745,2024-10-16,L11,Four 1,mauvaise fonctionnemet bras de transfert,bras de transfert,section n°3,20.0,import_2024,section n°3,bras de transfert,Section n°3,bras de transfert
746,2024-10-17,L11,Four 1,mauvaise fonctionnemet bras de transfert,bras de transfert,section n°5,25.0,import_2024,section n°5,bras de transfert,Section n°5,bras de transfert
747,2024-10-17,L11,Four 1,Changement rippeur,rippeur,section n°6,20.0,import_2024,section n°6,rippeur,Section n°6,rippeur
748,2024-10-17,L11,Four 1,Arret mise larche,Mise a l'arche,mise a l'arche,60.0,import_2024,mise a l'arche,mise a l'arche,Mise a l'arche,Mise a l'arche
749,2024-10-19,L11,Four 1,Changement de cartouche poinçon,cartouche poinçon,section n°2,30.0,import_2024,section n°2,cartouche poinçon,Section n°2,cartouche poinçon
750,2024-10-19,L11,Four 1,mauvaise fonctionnement de ripeur,rippeur,section n°3,60.0,import_2024,section n°3,rippeur,Section n°3,rippeur
751,2024-10-19,L11,Four 1,mauvaise fonctionnement de ripeur,rippeur,section n°4,60.0,import_2024,section n°4,rippeur,Section n°4,rippeur
752,2024-10-19,L11,Four 1,mauvaise fonctionnemet bras de transfert,bras de transfert,section n°8,30.0,import_2024,section n°8,bras de transfert,Section n°8,bras de transfert
753,2024-10-19,L11,Four 1,Changement des charnières,charnières,section n°3,30.0,import_2024,section n°3,charnières,Section n°3,charnières
754,2024-10-19,L11,Four 1,mauvaise fonctionnement de tête gonflage,tête gonflage,section n°4,20.0,import_2024,section n°4,tête gonflage,Section n°4,tête gonflage
755,2024-10-19,L11,Four 1,Arret convoyeur mise a l'arche,convoyeur mise a l'arche,convoyeur mise a l'arche,10.0,import_2024,convoyeur mise a l'arche,convoyeur mise a l'arche,convoyeur mise a l'arche,convoyeur mise a l'arche
756,2024-10-22,L11,Four 1,mauvaise fonctionnement de ripeur,rippeur,section n°8,20.0,import_2024,section n°8,rippeur,Section n°8,rippeur
757,2024-10-23,L11,Four 1,mauvaise fonctionnement de Noyau,Noyau,section n°7,30.0,import_2024,section n°7,noyau,Section n°7,noyau
758,2024-10-23,L11,Four 1,mauvaise fonctionnement bras transfert,bras de transfert,section n°8,20.0,import_2024,section n°8,bras de transfert,Section n°8,bras de transfert
759,2024-10-24,L11,Four 1,Porte pincette,pincettes,section n°2,5.0,import_2024,section n°2,pincettes,Section n°2,pincettes
760,2024-10-27,L11,Four 1,Changemen charniere,charnieres,section n°3,15.0,import_2024,section n°3,charnieres,Section n°3,charnieres
761,2024-10-27,L11,Four 1,Changement MDB,MDB,section n°5,20.0,import_2024,section n°5,mdb,Section n°5,MDB
762,2024-10-27,L11,Four 1,Changement MDB,MDB,section n°6,20.0,import_2024,section n°6,mdb,Section n°6,MDB
763,2024-10-27,L11,Four 1,mauvaise fonctionnemet bras de transfert,bras de transfert,section n°6,10.0,import_2024,section n°6,bras de transfert,Section n°6,bras de transfert
764,2024-10-30,L11,Four 1,Changement bras take-out,take-out,section n°2,60.0,import_2024,section n°2,take-out,Section n°2,take-out
765,2024-10-30,L11,Four 1,Mauvaise fermeture de finisseur,fermeture fin,section n°4,30.0,import_2024,section n°4,fermeture fin,Section n°4,fermeture fin
766,2024-10-31,L11,Four 1,Changement charnieres Ebaucheur,charnieres,section n°7,20.0,import_2024,section n°7,charnieres,Section n°7,charnieres
767,2024-10-31,L11,Four 1,mauvaise fonctionnement bras transfert,bras de transfert,section n°4,30.0,import_2024,section n°4,bras de transfert,Section n°4,bras de transfert
768,2024-10-31,L11,Four 1,Serrage adapteur poincon,adapteur,section n°1,20.0,import_2024,section n°1,adapteur,Section n°1,adapteur
769,2024-10-31,L11,Four 1,mauvaise fonctionnement bras transfert,bras de transfert,section n°4,15.0,import_2024,section n°4,bras de transfert,Section n°4,bras de transfert
770,2024-11-01,L11,Four 1,changement porte pincette,pincettes,section n°2,10.0,import_2024,section n°2,pincettes,Section n°2,pincettes
771,2024-11-01,L11,Four 1,mauvaise fonctionnement de ripeur,rippeur,section n°8,15.0,import_2024,section n°8,rippeur,Section n°8,rippeur
772,2024-11-01,L11,Four 1,mauvaise fonctionnement bras transfert,bras de transfert,section n°7,15.0,import_2024,section n°7,bras de transfert,Section n°7,bras de transfert
773,2024-11-01,L11,Four 1,Changement MDB,MDB,section n°7,15.0,import_2024,section n°7,mdb,Section n°7,MDB
774,2024-11-01,L11,Four 1,Changement MDB,MDB,section n°8,15.0,import_2024,section n°8,mdb,Section n°8,MDB
775,2024-11-01,L11,Four 1,Coincement ciseaux,Mécanisme ciseaux,machine,60.0,import_2024,machine,mécanisme ciseaux,Machine,Mécanisme ciseaux
776,2024-11-02,L11,Four 1,mauvaise fonctionnement de ripeur,rippeur,section n°1,15.0,import_2024,section n°1,rippeur,Section n°1,rippeur
777,2024-11-03,L11,Four 1,mauvaise fonctionnement bras transfert,bras de transfert,section n°1,20.0,import_2024,section n°1,bras de transfert,Section n°1,bras de transfert
778,2024-11-03,L11,Four 1,mauvaise fonctionnement bras transfert,bras de transfert,section n°6,20.0,import_2024,section n°6,bras de transfert,Section n°6,bras de transfert
779,2024-11-03,L11,Four 1,mauvaise fonctionnement bras transfert,bras de transfert,section n°4,40.0,import_2024,section n°4,bras de transfert,Section n°4,bras de transfert
780,2024-11-03,L11,Four 1,mauvaise fonctionnement de ripeur,rippeur,section n°3,30.0,import_2024,section n°3,rippeur,Section n°3,rippeur
781,2024-11-03,L11,Four 1,Arret machine a cause probléma au niveau de ciseaux,Mécanisme ciseaux,Mécanisme ciseaux,260.0,import_2024,mécanisme ciseaux,mécanisme ciseaux,Mécanisme ciseaux,Mécanisme ciseaux
782,2024-11-05,L11,Four 1,Charnieres Eb,charnieres,section n°7,20.0,import_2024,section n°7,charnieres,Section n°7,charnieres
783,2024-11-05,L11,Four 1,Manque l'eau de ciseaux,Mécanisme ciseaux,Mécanisme ciseaux,5.0,import_2024,mécanisme ciseaux,mécanisme ciseaux,Mécanisme ciseaux,Mécanisme ciseaux
784,2024-11-07,L11,Four 1,Changement bras de transfert,bras de transfert,Section n°7,15.0,import_2024,section n°7,bras de transfert,Section n°7,bras de transfert
785,2024-11-07,L11,Four 1,Mauvaise fonctionnement rippeur,rippeur,Section n°6,20.0,import_2024,section n°6,rippeur,Section n°6,rippeur
786,2024-11-07,L11,Four 1,Mauvaise fonctionnement rippeur,rippeur,Section n°6,15.0,import_2024,section n°6,rippeur,Section n°6,rippeur
787,2024-11-08,L11,Four 1,mauvaise fonctionnement bras transfert,bras de transfert,section n°6,15.0,import_2024,section n°6,bras de transfert,Section n°6,bras de transfert
788,2024-11-08,L11,Four 1,Réglage charnieres Eb,charnieres,section n°3,20.0,import_2024,section n°3,charnieres,Section n°3,charnieres
789,2024-11-09,L11,Four 1,mauvaise fonctionnement de ripeur,rippeur,section n°2,20.0,import_2024,section n°2,rippeur,Section n°2,rippeur
790,2024-11-09,L11,Four 1,mauvaise fonctionnement de ripeur,rippeur,section n°5,10.0,import_2024,section n°5,rippeur,Section n°5,rippeur
791,2024-11-10,L11,Four 1,Changement support téte de gonflage,gonflage,section n°3,120.0,import_2024,section n°3,gonflage,Section n°3,gonflage
792,2024-11-10,L11,Four 1,variation poids,décalage poids,machine,30.0,import_2024,machine,décalage poids,Machine,Décalage poids
793,2024-11-10,L11,Four 1,Changement support téte de gonflage,gonflage,section n°1,10.0,import_2024,section n°1,gonflage,Section n°1,gonflage
794,2024-11-11,L11,Four 1,mauvaise fonctionnement de ripeur,rippeur,section n°6,60.0,import_2024,section n°6,rippeur,Section n°6,rippeur
795,2024-11-11,L11,Four 1,mauvaise fonctionnement de ripeur,rippeur,section n°3,60.0,import_2024,section n°3,rippeur,Section n°3,rippeur
796,2024-11-12,L11,Four 1,mauvaise fonctionnement bras transfert,bras de transfert,section n°6,15.0,import_2024,section n°6,bras de transfert,Section n°6,bras de transfert
797,2024-11-12,L11,Four 1,Changement charnieres Eb,charnieres,section n°7,30.0,import_2024,section n°7,charnieres,Section n°7,charnieres
798,2024-11-14,L11,Four 1,Centrage téte de gonflage,gonflage,section n°4,40.0,import_2024,section n°4,gonflage,Section n°4,gonflage
799,2024-11-16,L11,Four 1,changement porte pincette,pincettes,section n°5,20.0,import_2024,section n°5,pincettes,Section n°5,pincettes
800,2024-11-16,L11,Four 1,mauvaise fonctionnement de ripeur,rippeur,section n°8,15.0,import_2024,section n°8,rippeur,Section n°8,rippeur
801,2024-11-17,L11,Four 1,réglage niveau bras de transfert,bras de transfert,section n°5,10.0,import_2024,section n°5,bras de transfert,Section n°5,bras de transfert
802,2024-11-18,L11,Four 1,mauvaise fonctionnement de ripeur,rippeur,section n°2,15.0,import_2024,section n°2,rippeur,Section n°2,rippeur
803,2024-11-18,L11,Four 1,mauvaise fonctionnement de ripeur,rippeur,section n°2,15.0,import_2024,section n°2,rippeur,Section n°2,rippeur
804,2024-11-19,L11,Four 1,mauvaise fonctionnement de ripeur,rippeur,section n°3,20.0,import_2024,section n°3,rippeur,Section n°3,rippeur
805,2024-11-20,L11,Four 1,mauvaise fonctionnement de ripeur,rippeur,section n°4,15.0,import_2024,section n°4,rippeur,Section n°4,rippeur
806,2024-11-21,L11,Four 1,Porte pincette,pincettes,section n°4,15.0,import_2024,section n°4,pincettes,Section n°4,pincettes
807,2024-11-23,L11,Four 1,Changement pincettes,pincettes,section n°1,30.0,import_2024,section n°1,pincettes,Section n°1,pincettes
808,2024-11-23,L11,Four 1,mauvaise fonctionnement de ripeur,rippeur,section n°2,10.0,import_2024,section n°2,rippeur,Section n°2,rippeur
809,2024-11-23,L11,Four 1,Serrage adapteur,adapteur,section n°7,10.0,import_2024,section n°7,adapteur,Section n°7,adapteur
810,2024-11-23,L11,Four 1,Probléme verti-flow,verti-flow,section n°8,210.0,import_2024,section n°8,verti-flow,Section n°8,verti-flow
811,2024-11-23,L11,Four 1,Probléme fermeture pincette,pincettes,section n°6,40.0,import_2024,section n°6,pincettes,Section n°6,pincettes
812,2024-11-23,L11,Four 1,mauvaise fonctionnement de ripeur,rippeur,section n°4,15.0,import_2024,section n°4,rippeur,Section n°4,rippeur
813,2024-11-24,L11,Four 1,Variation mouvement bras de take-out,take-out,section n°4,90.0,import_2024,section n°4,take-out,Section n°4,take-out
814,2024-11-25,L11,Four 1,mauvaise fanctionement bras transfert,bras de transfert,section n°1,30.0,import_2024,section n°1,bras de transfert,Section n°1,bras de transfert
815,2024-11-25,L11,Four 1,changement cylindre poinçon,cylindre,section n°2,240.0,import_2024,section n°2,cylindre,Section n°2,cylindre
816,2024-11-26,L11,Four 1,mauvaise fonctionnement de ripeur,rippeur,section n°4,15.0,import_2024,section n°4,rippeur,Section n°4,rippeur
817,2024-11-26,L11,Four 1,mauvaise fanctionement bras transfert,bras de transfert,section n°3,30.0,import_2024,section n°3,bras de transfert,Section n°3,bras de transfert
818,2024-11-26,L11,Four 1,mauvaise fanctionement bras transfert,bras de transfert,section n°8,15.0,import_2024,section n°8,bras de transfert,Section n°8,bras de transfert
819,2024-11-26,L11,Four 1,Changement MDB,MDB,section n°2,15.0,import_2024,section n°2,mdb,Section n°2,MDB
820,2024-11-26,L11,Four 1,Changement MDB,MDB,section n°3,15.0,import_2024,section n°3,mdb,Section n°3,MDB
821,2024-11-27,L11,Four 1,Changement MDB,MDB,section n°2,20.0,import_2024,section n°2,mdb,Section n°2,MDB
822,2024-11-27,L11,Four 1,Changement MDB,MDB,section n°3,20.0,import_2024,section n°3,mdb,Section n°3,MDB
823,2024-11-27,L11,Four 1,mauvaise fonctionnement de ripeur,rippeur,section n°8,210.0,import_2024,section n°8,rippeur,Section n°8,rippeur
824,2024-11-27,L11,Four 1,mauvaise fonctionnement de ripeur,rippeur,section n°4,20.0,import_2024,section n°4,rippeur,Section n°4,rippeur
825,2024-11-27,L11,Four 1,mauvaise fanctionement bras transfert,bras de transfert,section n°6,15.0,import_2024,section n°6,bras de transfert,Section n°6,bras de transfert
826,2024-11-27,L11,Four 1,changement flexible de vertiflow,verti-flow,section n°6,20.0,import_2024,section n°6,verti-flow,Section n°6,verti-flow
827,2024-11-28,L11,Four 1,Centrage tete compression,tete de compression,section n°2,20.0,import_2024,section n°2,tete de compression,Section n°2,tete de compression
828,2024-11-28,L11,Four 1,mauvaise fonctionnement de ripeur,rippeur,section n°8,15.0,import_2024,section n°8,rippeur,Section n°8,rippeur
829,2024-11-28,L11,Four 1,mauvaise fanctionement bras transfert,bras de transfert,section n°4,15.0,import_2024,section n°4,bras de transfert,Section n°4,bras de transfert
830,2024-11-28,L11,Four 1,Changement charnieres,charnieres,section n°3,25.0,import_2024,section n°3,charnieres,Section n°3,charnieres
831,2024-11-28,L11,Four 1,mauvaise fanctionement bras transfert,bras de transfert,section n°7,30.0,import_2024,section n°7,bras de transfert,Section n°7,bras de transfert
832,2024-11-28,L11,Four 1,Changement ripeur 3 fois,rippeur,section n°8,25.0,import_2024,section n°8,rippeur,Section n°8,rippeur
833,2024-11-28,L11,Four 1,Changement ripeur,rippeur,section n°8,20.0,import_2024,section n°8,rippeur,Section n°8,rippeur
834,2024-11-29,L11,Four 1,Changement ripeur,rippeur,section n°8,20.0,import_2024,section n°8,rippeur,Section n°8,rippeur
835,2024-11-29,L11,Four 1,Changement ripeur,rippeur,section n°4,20.0,import_2024,section n°4,rippeur,Section n°4,rippeur
836,2024-11-29,L11,Four 1,Changement ripeur,rippeur,section n°4,30.0,import_2024,section n°4,rippeur,Section n°4,rippeur
837,2024-11-29,L11,Four 1,mauvaise fanctionement bras transfert,bras de transfert,section n°5,20.0,import_2024,section n°5,bras de transfert,Section n°5,bras de transfert
838,2024-11-29,L11,Four 1,mauvaise fanctionement bras transfert,bras de transfert,section n°2,20.0,import_2024,section n°2,bras de transfert,Section n°2,bras de transfert
839,2024-11-29,L11,Four 1,Changement charnieres 2 fois,charnieres,section n°8,50.0,import_2024,section n°8,charnieres,Section n°8,charnieres
840,2024-11-30,L11,Four 1,mauvaise fanctionement bras transfert,bras de transfert,section n°2,30.0,import_2024,section n°2,bras de transfert,Section n°2,bras de transfert
841,2024-11-30,L11,Four 1,changement charnieres 2 fois,charnieres,section n°5,120.0,import_2024,section n°5,charnieres,Section n°5,charnieres
842,2024-12-01,L11,Four 1,Flexible verti-flow,verti-flow,section n°5,15.0,import_2024,section n°5,verti-flow,Section n°5,verti-flow
843,2024-12-01,L11,Four 1,mauvaise fanctionement bras transfert,bras de transfert,section n°2,15.0,import_2024,section n°2,bras de transfert,Section n°2,bras de transfert
844,2024-12-01,L11,Four 1,Changement ripeur,rippeur,section n°8,15.0,import_2024,section n°8,rippeur,Section n°8,rippeur
845,2024-12-02,L11,Four 1,Manque l'eau de ciseaux,Mécanisme ciseaux,Mécanisme ciseaux,15.0,import_2024,mécanisme ciseaux,mécanisme ciseaux,Mécanisme ciseaux,Mécanisme ciseaux
846,2024-12-02,L11,Four 1,Changement charnieres,charnieres,section n°8,15.0,import_2024,section n°8,charnieres,Section n°8,charnieres
847,2024-12-02,L11,Four 1,mauvaise fanctionement bras transfert,bras de transfert,section n°4,20.0,import_2024,section n°4,bras de transfert,Section n°4,bras de transfert
848,2024-12-02,L11,Four 1,mauvaise fanctionement bras transfert,bras de transfert,section n°1,30.0,import_2024,section n°1,bras de transfert,Section n°1,bras de transfert
849,2024-12-03,L11,Four 1,Changement ripeur,rippeur,section n°8,10.0,import_2024,section n°8,rippeur,Section n°8,rippeur
850,2024-12-03,L11,Four 1,Serrage l'écartement,serrage l'ecartement,section n°4,30.0,import_2024,section n°4,serrage l'ecartement,Section n°4,serrage l'ecartement
851,2024-12-03,L11,Four 1,Serrage l'écartement,serrage l'ecartement,section n°2,30.0,import_2024,section n°2,serrage l'ecartement,Section n°2,serrage l'ecartement
852,2024-12-03,L11,Four 1,Serrage l'écartement,serrage l'ecartement,section n°7,30.0,import_2024,section n°7,serrage l'ecartement,Section n°7,serrage l'ecartement
853,2024-12-04,L11,Four 1,mauvaise fanctionement bras transfert,bras de transfert,section n°3,10.0,import_2024,section n°3,bras de transfert,Section n°3,bras de transfert
854,2024-12-04,L11,Four 1,Changement support téte compression,tete de compression,section n°8,20.0,import_2024,section n°8,tete de compression,Section n°8,tete de compression
855,2024-12-04,L11,Four 1,réglage convoyeur machine,convoyeur machine,convoyeur machine,45.0,import_2024,convoyeur machine,convoyeur machine,convoyeur machine,convoyeur machine
856,2024-12-05,L11,Four 1,Mise a niveau bras de transfert,bras de transfert,section n°8,20.0,import_2024,section n°8,bras de transfert,Section n°8,bras de transfert
857,2024-12-05,L11,Four 1,Changement bras de transfert,bras de transfert,section n°1,35.0,import_2024,section n°1,bras de transfert,Section n°1,bras de transfert
858,2024-12-05,L11,Four 1,Changement bras de transfert,bras de transfert,section n°2,20.0,import_2024,section n°2,bras de transfert,Section n°2,bras de transfert
859,2024-12-05,L11,Four 1,Changement bras de transfert,bras de transfert,section n°5,20.0,import_2024,section n°5,bras de transfert,Section n°5,bras de transfert
860,2024-12-05,L11,Four 1,Flexible verti-flow,verti-flow,section n°6,15.0,import_2024,section n°6,verti-flow,Section n°6,verti-flow
861,2024-12-05,L11,Four 1,Changement ripeur,rippeur,section n°8,10.0,import_2024,section n°8,rippeur,Section n°8,rippeur
862,2024-12-05,L11,Four 1,Changement bras de transfert,bras de transfert,section n°1,20.0,import_2024,section n°1,bras de transfert,Section n°1,bras de transfert
863,2024-12-05,L11,Four 1,Flexible verti-flow,verti-flow,section n°6,30.0,import_2024,section n°6,verti-flow,Section n°6,verti-flow
864,2024-12-05,L11,Four 1,Changement ripeur,rippeur,section n°8,20.0,import_2024,section n°8,rippeur,Section n°8,rippeur
865,2024-12-06,L11,Four 1,Changement bras de transfert,bras de transfert,section n°2,15.0,import_2024,section n°2,bras de transfert,Section n°2,bras de transfert
866,2024-12-06,L11,Four 1,Changement take-out,take-out,section n°3,100.0,import_2024,section n°3,take-out,Section n°3,take-out
867,2024-12-06,L11,Four 1,Changement bras de transfert,bras de transfert,section n°4,15.0,import_2024,section n°4,bras de transfert,Section n°4,bras de transfert
868,2024-12-07,L11,Four 1,Changement rippeur,rippeur,Section n°2,,import_2024,section n°2,rippeur,Section n°2,rippeur
869,2024-12-07,L11,Four 1,Changement bras de transfert,bras de transfert,Section n°4,,import_2024,section n°4,bras de transfert,Section n°4,bras de transfert
870,2024-01-01,L12,Four 1,Changement les lames ciseaux,Mécanisme ciseaux,Ciseaux,60.0,import_2024,ciseaux,mécanisme ciseaux,Ciseaux,Mécanisme ciseaux
871,2024-01-01,L12,Four 1,Changement les lames ciseaux,Mécanisme ciseaux,Ciseaux,85.0,import_2024,ciseaux,mécanisme ciseaux,Ciseaux,Mécanisme ciseaux
872,2024-01-02,L12,Four 1,Réglage,Transfert,ATC,3.0,import_2024,atc,transfert,ATC,Transfert
873,2024-01-03,L12,Four 1,Changement des charniéres ébaucheurs,charnieres,Section n°4,15.0,import_2024,section n°4,charnieres,Section n°4,charnieres
874,2024-01-03,L12,Four 1,Changement des charniéres ébaucheurs,charnieres,Section n°5,15.0,import_2024,section n°5,charnieres,Section n°5,charnieres
875,2024-01-03,L12,Four 1,Changement des charniéres ébaucheurs,charnieres,Section n°7,15.0,import_2024,section n°7,charnieres,Section n°7,charnieres
876,2024-01-03,L12,Four 1,Serrage d'adapteur,adapteur,Section n°4,10.0,import_2024,section n°4,adapteur,Section n°4,adapteur
877,2024-01-03,L12,Four 1,Remettre le tuyau de gonflage,gonflage,Section n°3,25.0,import_2024,section n°3,gonflage,Section n°3,gonflage
878,2024-01-03,L12,Four 1,Réparation et fixation du tuyau de gonflage,gonflage,Section n°3,15.0,import_2024,section n°3,gonflage,Section n°3,gonflage
879,2024-01-03,L12,Four 1,Serrage d'adapteur,adapteur,Section n°6,15.0,import_2024,section n°6,adapteur,Section n°6,adapteur
880,2024-01-05,L12,Four 1,Changement du rouleau récépteur,Convoyeur mise à l'arche,Convoyeur mise à l'arche,15.0,import_2024,convoyeur mise à l'arche,convoyeur mise à l'arche,Convoyeur mise à l'arche,Convoyeur mise à l'arche
881,2024-01-06,L12,Four 1,Probléme éléctrique au niveau de mécanisme de rippeur,rippeur,Section n°7,60.0,import_2024,section n°7,rippeur,Section n°7,rippeur
882,2024-01-07,L12,Four 1,Probléme au niveau de ripeur,rippeur,Section n°7,20.0,import_2024,section n°7,rippeur,Section n°7,rippeur
883,2024-01-07,L12,Four 1,Changement bras de transfert,bras de transfert,Section n°1,10.0,import_2024,section n°1,bras de transfert,Section n°1,bras de transfert
884,2024-01-07,L12,Four 1,Changement rippeur,rippeur,Section n°7,10.0,import_2024,section n°7,rippeur,Section n°7,rippeur
885,2024-01-08,L12,Four 1,Changement déflécteur,déflécteur,Section n°2,20.0,import_2024,section n°2,déflécteur,Section n°2,déflécteur
886,2024-01-08,L12,Four 1,Changement déflécteur,déflécteur,Section n°4,20.0,import_2024,section n°4,déflécteur,Section n°4,déflécteur
887,2024-01-08,L12,Four 1,Changement déflécteur,déflécteur,Section n°6,20.0,import_2024,section n°6,déflécteur,Section n°6,déflécteur
888,2024-01-08,L12,Four 1,Changement déflécteur,déflécteur,Section n°8,20.0,import_2024,section n°8,déflécteur,Section n°8,déflécteur
889,2024-01-09,L12,Four 1,Variation au niveau du montée de poincon,poincon,Section n°1,15.0,import_2024,section n°1,poincon,Section n°1,poincon
890,2024-01-09,L12,Four 1,"Vérification de circuit d'air et changement de bobine, axe d'impultion, ditributeur de pression",vérification,Section n°1,360.0,import_2024,section n°1,vérification,Section n°1,vérification
891,2024-01-09,L12,Four 1,Changement rippeur,rippeur,Section n°7,15.0,import_2024,section n°7,rippeur,Section n°7,rippeur
892,2024-01-09,L12,Four 1,Réparation de rippeur,rippeur,Section n°7,20.0,import_2024,section n°7,rippeur,Section n°7,rippeur
893,2024-01-10,L12,Four 1,Probléme eéléctrique,AEE,Section n°8,15.0,import_2024,section n°8,aee,Section n°8,AEE
894,2024-01-11,L12,Four 1,Réglage d'écartement,écartement,Section n°5,15.0,import_2024,section n°5,écartement,Section n°5,écartement
895,2024-01-14,L12,Four 1,Plaque d'éjection est cassé,Groupe de distribution de gob,Machine,10.0,import_2024,machine,groupe de distribution de gob,Machine,Groupe de distribution de gob
896,2024-01-14,L12,Four 1,Travail sur mauvaise percage,percage,Section n°1,40.0,import_2024,section n°1,percage,Section n°1,percage
897,2024-01-18,L12,Four 1,Réglage mécanisme ciseau,Mécanisme ciseaux,Machine,10.0,import_2024,machine,mécanisme ciseaux,Machine,Mécanisme ciseaux
898,2024-01-21,L12,Four 1,Décalage de poids à cause du mal centrage du goutte,Groupe de distribution de gob,Machine,40.0,import_2024,machine,groupe de distribution de gob,Machine,Groupe de distribution de gob
899,2024-01-21,L12,Four 1,Changement de ciseau et flexible d'eau de refroidissement ciseau,Mécanisme ciseaux,Machine,80.0,import_2024,machine,mécanisme ciseaux,Machine,Mécanisme ciseaux
900,2024-01-22,L12,Four 1,Changement des lames ciseaux,Mécanisme ciseaux,Machine,60.0,import_2024,machine,mécanisme ciseaux,Machine,Mécanisme ciseaux
901,2024-01-22,L12,Four 1,Changement des lames ciseaux,Mécanisme ciseaux,Machine,85.0,import_2024,machine,mécanisme ciseaux,Machine,Mécanisme ciseaux
902,2024-01-24,L12,Four 1,Changement rippeur,rippeur,Section n°4,15.0,import_2024,section n°4,rippeur,Section n°4,rippeur
903,2024-01-24,L12,Four 1,Mauvaise ventilation coté ébaucheur,ventilation,Section n°1,10.0,import_2024,section n°1,ventilation,Section n°1,ventilation
904,2024-01-24,L12,Four 1,Mauvaise ventilation coté ébaucheur,ventilation,Section n°2,10.0,import_2024,section n°2,ventilation,Section n°2,ventilation
905,2024-01-24,L12,Four 1,Porte pincette,pincette,Section n°2,10.0,import_2024,section n°2,pincette,Section n°2,pincette
906,2024-01-28,L12,Four 1,Serrage d'écartement,écartement,Section n°5,10.0,import_2024,section n°5,écartement,Section n°5,écartement
907,2024-01-29,L12,Four 1,Manque l'eau ciseau,Mécanisme ciseaux,Ciseaux,10.0,import_2024,ciseaux,mécanisme ciseaux,Ciseaux,Mécanisme ciseaux
908,2024-01-31,L12,Four 1,Changement bras take-out,take-out,Section n°1,20.0,import_2024,section n°1,take-out,Section n°1,take-out
909,2024-02-03,L12,Four 1,Serrage de cache bloc ciseaux,Mécanisme ciseaux,Ciseaux,10.0,import_2024,ciseaux,mécanisme ciseaux,Ciseaux,Mécanisme ciseaux
910,2024-02-03,L12,Four 1,Changement porte pincette,pincette,Section n°7,5.0,import_2024,section n°7,pincette,Section n°7,pincette
911,2024-02-04,L12,Four 1,Mauvais centrage de goutte,centrage,Machine,10.0,import_2024,machine,centrage,Machine,centrage
912,2024-02-05,L12,Four 1,Arret de machine suite au coupure de courant (Arret programmée par LYDEC),AEE,Machine,60.0,import_2024,machine,aee,Machine,AEE
913,2024-02-07,L12,Four 1,Courroie de mécanisme plongeur endommagée suite à une chute de courant,Plongeur,Machine,125.0,import_2024,machine,plongeur,Machine,plongeur
914,2024-02-07,L12,Four 1,Chute de courant,AEE,Machine,105.0,import_2024,machine,aee,Machine,AEE
915,2024-02-08,L12,Four 1,Changement de pinçette,pincette,Section n°1,15.0,import_2024,section n°1,pincette,Section n°1,pincette
916,2024-02-10,L12,Four 1,Coinçement de scoop,Scoop,Scoop,25.0,import_2024,scoop,scoop,scoop,scoop
917,2024-02-10,L12,Four 1,Arret d'urgence,Arret d'urgence,Section n°7,20.0,import_2024,section n°7,arret d'urgence,Section n°7,Arret d'urgence
918,2024-02-11,L12,Four 1,Réglage du défaut coupe ciseaux,Mécanisme ciseaux,Ciseaux,2.5,import_2024,ciseaux,mécanisme ciseaux,Ciseaux,Mécanisme ciseaux
919,2024-02-11,L12,Four 1,Lames ciseaux endommagées,Mécanisme ciseaux,Ciseaux,120.0,import_2024,ciseaux,mécanisme ciseaux,Ciseaux,Mécanisme ciseaux
920,2024-02-11,L12,Four 1,etard au niveau de la goutte arrière,centrage,Machine,30.0,import_2024,machine,centrage,Machine,centrage
921,2024-02-13,L12,Four 1,Changement des lames ciseaux (Endommagées),Mécanisme ciseaux,Ciseaux,40.0,import_2024,ciseaux,mécanisme ciseaux,Ciseaux,Mécanisme ciseaux
922,2024-02-13,L12,Four 1,Changement de poinçon,poincon,Section n°4,15.0,import_2024,section n°4,poincon,Section n°4,poincon
923,2024-02-18,L12,Four 1,Réglage de ventillation,ventilation,Section n°4,10.0,import_2024,section n°4,ventilation,Section n°4,ventilation
924,2024-02-18,L12,Four 1,Réglage de ventillation,ventilation,Section n°5,10.0,import_2024,section n°5,ventilation,Section n°5,ventilation
925,2024-02-20,L12,Four 1,Manque d'eau de refroidissement ciseaux (FAB),Mécanisme ciseaux,Ciseaux,15.0,import_2024,ciseaux,mécanisme ciseaux,Ciseaux,Mécanisme ciseaux
926,2024-02-20,L12,Four 1,Arret du tapis mise à l'arche,Convoyeur mise à l'arche,Convoyeur mise à l'arche,10.0,import_2024,convoyeur mise à l'arche,convoyeur mise à l'arche,Convoyeur mise à l'arche,Convoyeur mise à l'arche
927,2024-02-24,L12,Four 1,Nettoyage de rondelle,rondelle,Machine,10.0,import_2024,machine,rondelle,Machine,rondelle
928,2024-02-25,L12,Four 1,Réglage mise a l'arche,Mise a l'arche,Mise a l'arche,5.0,import_2024,mise a l'arche,mise a l'arche,Mise a l'arche,Mise a l'arche
929,2024-02-26,L12,Four 1,Problème éléctrique,AEE,Mise a l'arche,40.0,import_2024,mise a l'arche,aee,Mise a l'arche,AEE
930,2024-02-27,L12,Four 1,Changement du bras transfert,bras de transfert,Section n°3,15.0,import_2024,section n°3,bras de transfert,Section n°3,bras de transfert
931,2024-02-27,L12,Four 1,Changement de distributeur,distributeur,Section n°5,25.0,import_2024,section n°5,distributeur,Section n°5,Distributeur
932,2024-02-28,L12,Four 1,Changement de cartouche poinçon,poincon,Section n°5,15.0,import_2024,section n°5,poincon,Section n°5,poincon
933,2024-02-28,L12,Four 1,Changement de support pinçette,pincette,Section n°4,20.0,import_2024,section n°4,pincette,Section n°4,pincette
934,2024-02-28,L12,Four 1,Mauvaise montée de noyau,noyau,Section n°5,10.0,import_2024,section n°5,noyau,Section n°5,noyau
935,2024-02-28,L12,Four 1,Réglage ventillation ébaucheur,ventilation,Section n°6,25.0,import_2024,section n°6,ventilation,Section n°6,ventilation
936,2024-02-29,L12,Four 1,Mauvaise monté du noyau,noyau,Section n°5,30.0,import_2024,section n°5,noyau,Section n°5,noyau
937,2024-02-29,L12,Four 1,Mauvaise monté du noyau: Changement de cylindre mécanisme poinçon (Réparation de cahe régulateur pression de mécanisme noyau Av et Ar),noyau,Section n°5,180.0,import_2024,section n°5,noyau,Section n°5,noyau
938,2024-02-29,L12,Four 1,Changement de raccord rapide de gonflage,gonflage,Section n°3,15.0,import_2024,section n°3,gonflage,Section n°3,gonflage
939,2024-02-29,L12,Four 1,Changement du bras Take-Out,take-out,Section n°6,25.0,import_2024,section n°6,take-out,Section n°6,take-out
940,2024-03-01,L12,Four 1,Changement d'adapteur,adapteur,Section n°5,10.0,import_2024,section n°5,adapteur,Section n°5,adapteur
941,2024-03-01,L12,Four 1,Changement d'adapteur,adapteur,Section n°4,10.0,import_2024,section n°4,adapteur,Section n°4,adapteur
942,2024-03-02,L12,Four 1,Changement du bras transfert,bras de transfert,Section n°8,15.0,import_2024,section n°8,bras de transfert,Section n°8,bras de transfert
943,2024-03-06,L12,Four 1,Changement des charnières ébaucheur,charnieres,Section n°2,15.0,import_2024,section n°2,charnieres,Section n°2,charnieres
944,2024-08-08,L12,Four 1,Changement de support tete de gonflage,gonflage,Section n°1,15.0,import_2024,section n°1,gonflage,Section n°1,gonflage
945,2024-03-10,L12,Four 1,Réglage de support compression,compression,Section n°2,160.0,import_2024,section n°2,compression,Section n°2,compression
946,2024-03-10,L12,Four 1,Pour façilité l'intervention au niveau de S2,facilité le travail,Section n°1,40.0,import_2024,section n°1,facilité le travail,Section n°1,facilité le travail
947,2024-03-10,L12,Four 1,Réglage de support compression,compression,Section n°2,60.0,import_2024,section n°2,compression,Section n°2,compression
948,2024-03-10,L12,Four 1,Pour façilité l'intervention au niveau de S2,facilité le travail,Section n°1,60.0,import_2024,section n°1,facilité le travail,Section n°1,facilité le travail
949,2024-03-12,L12,Four 1,Ajustement des lames ciseaux,Mécanisme ciseaux,Ciseaux,50.0,import_2024,ciseaux,mécanisme ciseaux,Ciseaux,Mécanisme ciseaux
950,2024-03-13,L12,Four 1,Changement du bras transfert,bras de transfert,Section n°8,10.0,import_2024,section n°8,bras de transfert,Section n°8,bras de transfert
951,2024-03-14,L12,Four 1,Changement raccord rapide,raccord rapide,Section n°3,15.0,import_2024,section n°3,raccord rapide,Section n°3,raccord rapide
952,2024-03-16,L12,Four 1,Mauvaise perçage,percage,Section n°1,50.0,import_2024,section n°1,percage,Section n°1,percage
953,2024-03-16,L12,Four 1,Mauvaise perçage,percage,Section n°7,30.0,import_2024,section n°7,percage,Section n°7,percage
954,2024-03-17,L12,Four 1,Mauvaise fonctionnement de support d'entonnoire,entonnoire,Section n°1,20.0,import_2024,section n°1,entonnoire,Section n°1,entonnoire
955,2024-03-17,L12,Four 1,Mauvaise fonctionnement de support d'entonnoire,entonnoire,Section n°1,45.0,import_2024,section n°1,entonnoire,Section n°1,entonnoire
956,2024-03-17,L12,Four 1,Changement des lames ciseaux,Mécanisme ciseaux,Ciseaux,55.0,import_2024,ciseaux,mécanisme ciseaux,Ciseaux,Mécanisme ciseaux
957,2024-03-19,L12,Four 1,Changement des charnières,charnieres,Section n°4,15.0,import_2024,section n°4,charnieres,Section n°4,charnieres
958,2024-03-20,L12,Four 1,Changement des lames ciseaux,Mécanisme ciseaux,Ciseaux,45.0,import_2024,ciseaux,mécanisme ciseaux,Ciseaux,Mécanisme ciseaux
959,2024-03-21,L12,Four 1,Réglage des lames ciseaux,Mécanisme ciseaux,Ciseaux,20.0,import_2024,ciseaux,mécanisme ciseaux,Ciseaux,Mécanisme ciseaux
960,2024-03-21,L12,Four 1,Réglage mise a l'arche,Mise a l'arche,Mise a l'arche,10.0,import_2024,mise a l'arche,mise a l'arche,Mise a l'arche,Mise a l'arche
961,2024-03-22,L12,Four 1,Goupille ciseaux endommagée,Mécanisme ciseaux,Ciseaux,135.0,import_2024,ciseaux,mécanisme ciseaux,Ciseaux,Mécanisme ciseaux
962,2024-03-22,L12,Four 1,Changement des charnières ébaucheurs,charnieres,Section n°8,15.0,import_2024,section n°8,charnieres,Section n°8,charnieres
963,2024-03-22,L12,Four 1,Changement du bras transfert,bras de transfert,Section n°5,15.0,import_2024,section n°5,bras de transfert,Section n°5,bras de transfert
964,2024-03-24,L12,Four 1,Changement du bras Take-Out,take-out,Section n°6,20.0,import_2024,section n°6,take-out,Section n°6,take-out
965,2024-03-24,L12,Four 1,Changement de tete gonflage,gonflage,Section n°1,15.0,import_2024,section n°1,gonflage,Section n°1,gonflage
966,2024-03-26,L12,Four 1,Changement de rippeur,rippeur,Section n°3,10.0,import_2024,section n°3,rippeur,Section n°3,rippeur
967,2024-03-28,L12,Four 1,Changement de cartouche noyau,noyau,Section n°1,35.0,import_2024,section n°1,noyau,Section n°1,noyau
968,2024-03-28,L12,Four 1,Changement des charnières ébaucheurs,charnieres,Section n°5,15.0,import_2024,section n°5,charnieres,Section n°5,charnieres
969,2024-03-30,L12,Four 1,Changement des charnières,charnieres,Section n°1,10.0,import_2024,section n°1,charnieres,Section n°1,charnieres
970,2024-03-31,L12,Four 1,Changement de rippeur,rippeur,Section n°3,15.0,import_2024,section n°3,rippeur,Section n°3,rippeur
971,2024-03-31,L12,Four 1,Changement de distributeur rippeur,rippeur,Section n°5,20.0,import_2024,section n°5,rippeur,Section n°5,rippeur
972,2024-04-02,L12,Four 1,Panne electrique,AEE,Section n°4,30.0,import_2024,section n°4,aee,Section n°4,AEE
973,2024-04-04,L12,Four 1,Mauvaise fermeture ébaucheur,fermeture,Section n°4,30.0,import_2024,section n°4,fermeture,Section n°4,fermeture
974,2024-04-05,L12,Four 1,hangement du bras transfert,bras de transfert,Section n°4,15.0,import_2024,section n°4,bras de transfert,Section n°4,bras de transfert
975,2024-04-05,L12,Four 1,Bricolage masselotte arriére,Mécanisme ciseaux,Machine,15.0,import_2024,machine,mécanisme ciseaux,Machine,Mécanisme ciseaux
976,2024-04-06,L12,Four 1,Mauvaise monté du poinçon,poincon,Section n°1,105.0,import_2024,section n°1,poincon,Section n°1,poincon
977,2024-04-08,L12,Four 1,Changement des charnières ébaucheurs,charnieres,Section n°2,15.0,import_2024,section n°2,charnieres,Section n°2,charnieres
978,2024-04-12,L12,Four 1,Réglage de déscent mécanisme poinçon,poincon,Section n°1,40.0,import_2024,section n°1,poincon,Section n°1,poincon
979,2024-04-12,L12,Four 1,Réglage compression,compression,Section n°1,30.0,import_2024,section n°1,compression,Section n°1,compression
980,2024-04-13,L12,Four 1,Mauvaise fonctionnement de cylindre de perçage,percage,Section n°1,60.0,import_2024,section n°1,percage,Section n°1,percage
981,2024-04-13,L12,Four 1,Mauvaise perçage,percage,Section n°6,30.0,import_2024,section n°6,percage,Section n°6,percage
982,2024-04-13,L12,Four 1,Mauvaise perçage,percage,Section n°1,90.0,import_2024,section n°1,percage,Section n°1,percage
983,2024-04-13,L12,Four 1,Mauvaise perçage,percage,Section n°6,35.0,import_2024,section n°6,percage,Section n°6,percage
984,2024-04-14,L12,Four 1,Variation de monté poinçon,poincon,Section n°1,20.0,import_2024,section n°1,poincon,Section n°1,poincon
985,2024-04-15,L12,Four 1,Mauvaise fonctionnement de poincon,poincon,Section n°1,60.0,import_2024,section n°1,poincon,Section n°1,poincon
986,2024-04-16,L12,Four 1,Panne électrique,AEE,Section n°4,75.0,import_2024,section n°4,aee,Section n°4,AEE
987,2024-04-16,L12,Four 1,changement moule de bague,moule de bague,Section n°1,30.0,import_2024,section n°1,moule de bague,Section n°1,moule de bague
988,2024-04-16,L12,Four 1,changement de tete de gonflage,gonflage,Section n°6,15.0,import_2024,section n°6,gonflage,Section n°6,gonflage
989,2024-04-20,L12,Four 1,Réparation de support de gonflage,gonflage,Section n°2,60.0,import_2024,section n°2,gonflage,Section n°2,gonflage
990,2024-04-20,L12,Four 1,Réparation de support de gonflage,gonflage,Section n°7,60.0,import_2024,section n°7,gonflage,Section n°7,gonflage
991,2024-04-21,L12,Four 1,Changement du bras transfert,bras de transfert,Section n°2,15.0,import_2024,section n°2,bras de transfert,Section n°2,bras de transfert
992,2024-04-24,L12,Four 1,Panne electrique,AEE,Section n°1,40.0,import_2024,section n°1,aee,Section n°1,AEE
993,2024-04-24,L12,Four 1,Changement d'adapteur poinçon,adapteur,Section n°2,25.0,import_2024,section n°2,adapteur,Section n°2,adapteur
994,2024-04-24,L12,Four 1,Ajustement d'écartement,écartement,Section n°7,20.0,import_2024,section n°7,écartement,Section n°7,écartement
995,2024-04-24,L12,Four 1,Manque de Verti-Flow,verti-flow,Section n°8,40.0,import_2024,section n°8,verti-flow,Section n°8,verti-flow
996,2024-04-27,L12,Four 1,Bras de ciseaux endommagée,Mécanisme ciseaux,Ciseaux,195.0,import_2024,ciseaux,mécanisme ciseaux,Ciseaux,Mécanisme ciseaux
997,2024-04-28,L12,Four 1,Bras de ciseaux endommagée,Mécanisme ciseaux,Ciseaux,240.0,import_2024,ciseaux,mécanisme ciseaux,Ciseaux,Mécanisme ciseaux
998,2024-04-28,L12,Four 1,Bras de ciseaux endommagée,Mécanisme ciseaux,Ciseaux,50.0,import_2024,ciseaux,mécanisme ciseaux,Ciseaux,Mécanisme ciseaux
999,2024-04-28,L12,Four 1,Bras de ciseaux endommagée,Mécanisme ciseaux,Ciseaux,35.0,import_2024,ciseaux,mécanisme ciseaux,Ciseaux,Mécanisme ciseaux
1000,2024-04-29,L12,Four 1,Manque l'eau de ciseaux,Mécanisme ciseaux,Ciseaux,10.0,import_2024,ciseaux,mécanisme ciseaux,Ciseaux,Mécanisme ciseaux
1001,2024-05-03,L12,Four 1,Changement du bras transfert,bras de transfert,Section n°1,15.0,import_2024,section n°1,bras de transfert,Section n°1,bras de transfert
1002,2024-05-04,L12,Four 1,Changement de tableau de commande coté ébaucheur,tableau de commande,Section n°2,60.0,import_2024,section n°2,tableau de commande,Section n°2,tableau de commande
1003,2024-05-05,L12,Four 1,Enverrage tube guide,tube guide,Machine,15.0,import_2024,machine,tube guide,Machine,tube guide
1004,2024-05-06,L12,Four 1,Ajustement de niveau du bras transfert,bras de transfert,Section n°3,20.0,import_2024,section n°3,bras de transfert,Section n°3,bras de transfert
1005,2024-05-06,L12,Four 1,Changement d'adapteur poinçon,poincon,Section n°1,15.0,import_2024,section n°1,poincon,Section n°1,poincon
1006,2024-05-06,L12,Four 1,réparation et changement des charnières,charnieres,Section n°7,35.0,import_2024,section n°7,charnieres,Section n°7,charnieres
1007,2024-05-06,L12,Four 1,réparation et changement des charnières,charnieres,Section n°6,35.0,import_2024,section n°6,charnieres,Section n°6,charnieres
1008,2024-05-07,L12,Four 1,Changement du bras transfert,bras de transfert,Section n°7,15.0,import_2024,section n°7,bras de transfert,Section n°7,bras de transfert
1009,2024-05-07,L12,Four 1,Problème au niveau du blco ciseaux,Mécanisme ciseaux,Machine,40.0,import_2024,machine,mécanisme ciseaux,Machine,Mécanisme ciseaux
1010,2024-05-08,L12,Four 1,Serrage des vis d'échapement tete de compression,compression,Section n°3,10.0,import_2024,section n°3,compression,Section n°3,compression
1011,2024-05-08,L12,Four 1,Mise a l'arche,Mise a l'arche,Mise a l'arche,10.0,import_2024,mise a l'arche,mise a l'arche,Mise a l'arche,Mise a l'arche
1012,2024-05-08,L12,Four 1,Changement de mécanisme de compression,compression,Section n°3,20.0,import_2024,section n°3,compression,Section n°3,compression
1013,2024-05-10,L12,Four 1,Mauvaise fonctionnement ripeur,rippeur,Section n°6,10.0,import_2024,section n°6,rippeur,Section n°6,rippeur
1014,2024-05-12,L12,Four 1,Changement du bras transfert,bras de transfert,Section n°7,15.0,import_2024,section n°7,bras de transfert,Section n°7,bras de transfert
1015,2024-05-15,L12,Four 1,Changement de ripeur,rippeur,Section n°4,10.0,import_2024,section n°4,rippeur,Section n°4,rippeur
1016,2024-05-16,L12,Four 1,Changement du bras Take-Out,take-out,Section n°6,30.0,import_2024,section n°6,take-out,Section n°6,take-out
1017,2024-05-16,L12,Four 1,Décalage de tete de gonflage,gonflage,Section n°6,65.0,import_2024,section n°6,gonflage,Section n°6,gonflage
1018,2024-05-18,L12,Four 1,Problème au niveau du masselotte ciseaux,Mécanisme ciseaux,Ciseaux,10.0,import_2024,ciseaux,mécanisme ciseaux,Ciseaux,Mécanisme ciseaux
1019,2024-05-20,L12,Four 1,Changement du bras transfert,bras de transfert,Section n°8,10.0,import_2024,section n°8,bras de transfert,Section n°8,bras de transfert
1020,2024-05-20,L12,Four 1,Problème au niveau du masselotte ciseaux,Mécanisme ciseaux,Ciseaux,307.0,import_2024,ciseaux,mécanisme ciseaux,Ciseaux,Mécanisme ciseaux
1021,2024-05-21,L12,Four 1,Changement des pinçettes,pincette,Section n°2,10.0,import_2024,section n°2,pincette,Section n°2,pincette
1022,2024-05-22,L12,Four 1,Changement du bras transfert,bras de transfert,Section n°8,15.0,import_2024,section n°8,bras de transfert,Section n°8,bras de transfert
1023,2024-05-24,L12,Four 1,Changement des charnières ébaucheurs,charnieres,Section n°8,20.0,import_2024,section n°8,charnieres,Section n°8,charnieres
1024,2024-05-26,L12,Four 1,Problème au niveau du masselotte ciseaux,Mécanisme ciseaux,Ciseaux,75.0,import_2024,ciseaux,mécanisme ciseaux,Ciseaux,Mécanisme ciseaux
1025,2024-06-01,L12,Four 1,Nettoyage de rondelle,rondelle,Rondelle,8.0,import_2024,rondelle,rondelle,rondelle,rondelle
1026,2024-06-01,L12,Four 1,Problème au niveau du masselotte ciseaux,Mécanisme ciseaux,Ciseaux,35.0,import_2024,ciseaux,mécanisme ciseaux,Ciseaux,Mécanisme ciseaux
1027,2024-06-02,L12,Four 1,Manque d'eau de ciseaux,Mécanisme ciseaux,Ciseaux,5.0,import_2024,ciseaux,mécanisme ciseaux,Ciseaux,Mécanisme ciseaux
1028,2024-06-04,L12,Four 1,Changement des charnières ébaucheurs,charnieres,Section n°5,15.0,import_2024,section n°5,charnieres,Section n°5,charnieres
1029,2024-06-05,L12,Four 1,décalage de poids,Décalage poids,Machine,5.0,import_2024,machine,décalage poids,Machine,Décalage poids
1030,2024-06-05,L12,Four 1,Nettoyage de rondelle,rondelle,Rondelle,10.0,import_2024,rondelle,rondelle,rondelle,rondelle
1031,2024-06-09,L12,Four 1,Changement du bras transfert,bras de transfert,Section n°3,10.0,import_2024,section n°3,bras de transfert,Section n°3,bras de transfert
1032,2024-06-09,L12,Four 1,Panne électrique,AEE,Section n°4,30.0,import_2024,section n°4,aee,Section n°4,AEE
1033,2024-06-09,L12,Four 1,Coincement noyau,noyau,Section n°4,60.0,import_2024,section n°4,noyau,Section n°4,noyau
1034,2024-06-10,L12,Four 1,Panne électrique,AEE,Section n°4,65.0,import_2024,section n°4,aee,Section n°4,AEE
1035,2024-06-10,L12,Four 1,ATC,Transfert,ATC,10.0,import_2024,atc,transfert,ATC,Transfert
1036,2024-06-10,L12,Four 1,Problème au niveau du masselotte ciseaux,Mécanisme ciseaux,Ciseaux,30.0,import_2024,ciseaux,mécanisme ciseaux,Ciseaux,Mécanisme ciseaux
1037,2024-06-11,L12,Four 1,Problème au niveau du masselotte ciseaux,Mécanisme ciseaux,Ciseaux,20.0,import_2024,ciseaux,mécanisme ciseaux,Ciseaux,Mécanisme ciseaux
1038,2024-06-14,L12,Four 1,Problème au niveau du masselotte ciseaux,Mécanisme ciseaux,Ciseaux,170.0,import_2024,ciseaux,mécanisme ciseaux,Ciseaux,Mécanisme ciseaux
1039,2024-06-15,L12,Four 1,Problème au niveau du masselotte ciseaux,Mécanisme ciseaux,Ciseaux,30.0,import_2024,ciseaux,mécanisme ciseaux,Ciseaux,Mécanisme ciseaux
1040,2024-06-18,L12,Four 1,Manque d'eau de refroidissement ciseaux,Mécanisme ciseaux,Ciseaux,20.0,import_2024,ciseaux,mécanisme ciseaux,Ciseaux,Mécanisme ciseaux
1041,2024-06-21,L12,Four 1,Remettre les paliers du Nick-Ring,nick-ring,Section n°5,60.0,import_2024,section n°5,nick-ring,Section n°5,nick-ring
1042,2024-06-26,L12,Four 1,Serrage support valve de cylindre compression,compression,Section n°3,10.0,import_2024,section n°3,compression,Section n°3,compression
1043,2024-06-26,L12,Four 1,Changement ripeur,rippeur,Section n°5,20.0,import_2024,section n°5,rippeur,Section n°5,rippeur
1044,2024-06-26,L12,Four 1,Remettre la ventilation coté ébaucheur,ventilation,Section n°1,10.0,import_2024,section n°1,ventilation,Section n°1,ventilation
1045,2024-06-26,L12,Four 1,Remettre la ventilation coté ébaucheur,ventilation,Section n°2,10.0,import_2024,section n°2,ventilation,Section n°2,ventilation
1046,2024-06-27,L12,Four 1,Serrage de ventilation latérale,ventilation,Section n°1,10.0,import_2024,section n°1,ventilation,Section n°1,ventilation
1047,2024-06-27,L12,Four 1,Changement des charnières MDB,charnieres,Section n°6,20.0,import_2024,section n°6,charnieres,Section n°6,charnieres
1048,2024-06-27,L12,Four 1,Remettre la ventilation coté ébaucheur,ventilation,Section n°1,10.0,import_2024,section n°1,ventilation,Section n°1,ventilation
1049,2024-06-27,L12,Four 1,Remettre la ventilation coté ébaucheur,ventilation,Section n°2,10.0,import_2024,section n°2,ventilation,Section n°2,ventilation
1050,2024-07-02,L12,Four 1,Centrage de tete compression,compression,Section n°6,15.0,import_2024,section n°6,compression,Section n°6,compression
1051,2024-07-04,L12,Four 1,Centrage de support tete de gonflage,gonflage,Section n°4,20.0,import_2024,section n°4,gonflage,Section n°4,gonflage
1052,2024-07-06,L12,Four 1,Changement du bras transfert,bras de transfert,Section n°7,15.0,import_2024,section n°7,bras de transfert,Section n°7,bras de transfert
1053,2024-07-06,L12,Four 1,Serrage des vis du plaque fond finisseur,plaque fond finisseur,Section n°2,15.0,import_2024,section n°2,plaque fond finisseur,Section n°2,plaque fond finisseur
1054,2024-07-07,L12,Four 1,Panne électrique,AEE,Section n°2,90.0,import_2024,section n°2,aee,Section n°2,AEE
1055,2024-07-07,L12,Four 1,Réparation ventilation,ventilation,Section n°1,15.0,import_2024,section n°1,ventilation,Section n°1,ventilation
1056,2024-07-08,L12,Four 1,Changement des pinçettes,pincette,Section n°2,10.0,import_2024,section n°2,pincette,Section n°2,pincette
1057,2024-07-08,L12,Four 1,Changement des pinçettes,pincette,Section n°3,20.0,import_2024,section n°3,pincette,Section n°3,pincette
1058,2024-07-09,L12,Four 1,Changement des charnières finisseurs,charnieres,Section n°2,30.0,import_2024,section n°2,charnieres,Section n°2,charnieres
1059,2024-07-09,L12,Four 1,Changement des charnières ébaucheur,charnieres,Section n°7,15.0,import_2024,section n°7,charnieres,Section n°7,charnieres
1060,2024-07-09,L12,Four 1,Goupilles du bras de ciseaux endommagées,Mécanisme ciseaux,Mécanisme Ciseaux,30.0,import_2024,mécanisme ciseaux,mécanisme ciseaux,Mécanisme ciseaux,Mécanisme ciseaux
1061,2024-07-09,L12,Four 1,Changement du bras transfert,bras de transfert,Section n°7,20.0,import_2024,section n°7,bras de transfert,Section n°7,bras de transfert
1062,2024-07-09,L12,Four 1,Changement des charnières,charnieres,Section n°7,20.0,import_2024,section n°7,charnieres,Section n°7,charnieres
1063,2024-07-10,L12,Four 1,coupure de courant,Machine,coupure de courant,155.0,import_2024,coupure de courant,machine,coupure de courant,Machine
1064,2024-07-11,L12,Four 1,Rippeur,rippeur,Section n°2,15.0,import_2024,section n°2,rippeur,Section n°2,rippeur
1065,2024-07-11,L12,Four 1,Bloc ciseaux,Mécanisme ciseaux,Mécanisme Ciseaux,255.0,import_2024,mécanisme ciseaux,mécanisme ciseaux,Mécanisme ciseaux,Mécanisme ciseaux
1066,2024-07-13,L12,Four 1,changement charnieres,charnieres,Section n°1,30.0,import_2024,section n°1,charnieres,Section n°1,charnieres
1067,2024-07-13,L12,Four 1,AEE,AEE,Section n°8,20.0,import_2024,section n°8,aee,Section n°8,AEE
1068,2024-07-14,L12,Four 1,Changement cartouche boite a valve,Boite a valve,Section n°2,30.0,import_2024,section n°2,boite a valve,Section n°2,boite a valve
1069,2024-07-14,L12,Four 1,AEE,AEE,Section n°8,20.0,import_2024,section n°8,aee,Section n°8,AEE
1070,2024-07-14,L12,Four 1,Mise a l'arche,Mise a l'arche,Mise à l'arche,10.0,import_2024,mise à l'arche,mise a l'arche,Mise à l'arche,Mise a l'arche
1071,2024-07-17,L12,Four 1,Serrage adapteur poincon,poincon,Section n°3,15.0,import_2024,section n°3,poincon,Section n°3,poincon
1072,2024-07-18,L12,Four 1,Arret machine: mauvaise fonctionnement ejecteur,Ejecteur machine,Groupe de distribution de gob,75.0,import_2024,groupe de distribution de gob,ejecteur machine,Groupe de distribution de gob,Ejecteur machine
1073,2024-07-19,L12,Four 1,Décalage du poids,Décalage poids,Réfractaire FEEDER,15.0,import_2024,réfractaire feeder,décalage poids,Réfractaire FEEDER,Décalage poids
1074,2024-07-19,L12,Four 1,Coincement bouton poussoir,Section n°4,Section n°4,40.0,import_2024,section n°4,section n°4,Section n°4,Section n°4
1075,2024-07-19,L12,Four 1,Réglage les lames ciseaux,Mécanisme ciseaux,Mécanisme Ciseaux,100.0,import_2024,mécanisme ciseaux,mécanisme ciseaux,Mécanisme ciseaux,Mécanisme ciseaux
1076,2024-07-20,L12,Four 1,Serrage guide rippeur,rippeur,Section n°1,10.0,import_2024,section n°1,rippeur,Section n°1,rippeur
1077,2024-07-20,L12,Four 1,Serrage guide rippeur,rippeur,Section n°2,10.0,import_2024,section n°2,rippeur,Section n°2,rippeur
1078,2024-07-21,L12,Four 1,,,,15.0,import_2024,,,,
1079,2024-07-21,L12,Four 1,AEE,AEE,Section n°4,20.0,import_2024,section n°4,aee,Section n°4,AEE
1080,2024-07-23,L12,Four 1,Arret machine tout seul,machine,Machine tout seul,420.0,import_2024,machine tout seul,machine,Machine tout seul,Machine
1081,2024-07-25,L12,Four 1,Mise a l'arche,mise a l'arche,Mise à l'arche,5.0,import_2024,mise à l'arche,mise a l'arche,Mise à l'arche,Mise a l'arche
1082,2024-07-25,L12,Four 1,Arret de la machine: brobléme ejecteur,Ejecteur,Groupe de distribution de gob,15.0,import_2024,groupe de distribution de gob,ejecteur,Groupe de distribution de gob,Ejecteur
1083,2024-07-27,L12,Four 1,Réparation raccord support de gonflage,support de gonflage,Section n°2,20.0,import_2024,section n°2,support de gonflage,Section n°2,support de gonflage
1084,2024-07-27,L12,Four 1,Charnieres fin,charnier,Section n°2,40.0,import_2024,section n°2,charnier,Section n°2,charnier
1085,2024-07-30,L12,Four 1,Réglage mise a l'arche,mise a l'arche,Mise à l'arche,30.0,import_2024,mise à l'arche,mise a l'arche,Mise à l'arche,Mise a l'arche
1086,2024-08-04,L12,Four 1,Changement du bras transfert,bras de transfert,Section n°1,15.0,import_2024,section n°1,bras de transfert,Section n°1,bras de transfert
1087,2024-08-05,L12,Four 1,Réglage pincettes,pincette,Section n°7,10.0,import_2024,section n°7,pincette,Section n°7,pincette
1088,2024-08-07,L12,Four 1,Centrage support téte gonflage,gonflage,Section n°6,15.0,import_2024,section n°6,gonflage,Section n°6,gonflage
1089,2024-08-07,L12,Four 1,Centrage support téte gonflage,gonflage,Section n°6,15.0,import_2024,section n°6,gonflage,Section n°6,gonflage
1090,2024-08-07,L12,Four 1,Centrage support téte gonflage,gonflage,Section n°6,180.0,import_2024,section n°6,gonflage,Section n°6,gonflage
1091,2024-08-08,L12,Four 1,Rippeur,rippeur,Section n°6,15.0,import_2024,section n°6,rippeur,Section n°6,rippeur
1092,2024-08-08,L12,Four 1,AEE,Section n°6,Section n°6,15.0,import_2024,section n°6,section n°6,Section n°6,Section n°6
1093,2024-08-09,L12,Four 1,Rippeur,rippeur,Section n°6,30.0,import_2024,section n°6,rippeur,Section n°6,rippeur
1094,2024-08-11,L12,Four 1,Décentrage de la goute,Machine,machine,15.0,import_2024,machine,machine,Machine,Machine
1095,2024-08-13,L12,Four 1,Bras de take-out,take-out,Section n°8,15.0,import_2024,section n°8,take-out,Section n°8,take-out
1096,2024-08-13,L12,Four 1,Nettoyage de rondelle,rondelle,machine,15.0,import_2024,machine,rondelle,Machine,rondelle
1097,2024-08-13,L12,Four 1,Plaque entreé arche,plaque,arche,10.0,import_2024,arche,plaque,arche,plaque
1098,2024-08-13,L12,Four 1,Centrage support téte gonflage,gonflage,Section n°4,30.0,import_2024,section n°4,gonflage,Section n°4,gonflage
1099,2024-08-16,L12,Four 1,Décalage poids,Décalage poids,machine,8.0,import_2024,machine,décalage poids,Machine,Décalage poids
1100,2024-08-16,L12,Four 1,Mauvaise fonctionnement de ripeur,rippeur,section n°4,15.0,import_2024,section n°4,rippeur,Section n°4,rippeur
1101,2024-08-16,L12,Four 1,Serrage adapteur noyau,noyau,Section n°8,15.0,import_2024,section n°8,noyau,Section n°8,noyau
1102,2024-08-17,L12,Four 1,AEE,Section n°6,Section n°6,30.0,import_2024,section n°6,section n°6,Section n°6,Section n°6
1103,2024-08-19,L12,Four 1,Coincement ejecteur de la goute,ejecteur de la goute,machine,40.0,import_2024,machine,ejecteur de la goute,Machine,ejecteur de la goute
1104,2024-08-19,L12,Four 1,Manque l'air de refroidissement coté Eb,Section n°5,Section n°5,120.0,import_2024,section n°5,section n°5,Section n°5,Section n°5
1105,2024-08-19,L12,Four 1,Changement les lames ciseaux,Mécanisme ciseaux,machine,60.0,import_2024,machine,mécanisme ciseaux,Machine,Mécanisme ciseaux
1106,2024-08-20,L12,Four 1,Probléme de monté et descente de cylindre compression,cylindre de compression,Section n°2,210.0,import_2024,section n°2,cylindre de compression,Section n°2,cylindre de compression
1107,2024-08-21,L12,Four 1,Bricolage support tete compression,compression,Section n°8,30.0,import_2024,section n°8,compression,Section n°8,compression
1108,2024-08-21,L12,Four 1,Travail sur monté poincon,poincon,Section n°3,40.0,import_2024,section n°3,poincon,Section n°3,poincon
1109,2024-08-22,L12,Four 1,Probléme de compression,compression,Section n°8,390.0,import_2024,section n°8,compression,Section n°8,compression
1110,2024-08-22,L12,Four 1,Enverrage scoop,Scoop,machine,270.0,import_2024,machine,scoop,Machine,scoop
1111,2024-08-22,L12,Four 1,changement charnieres,charnieres,section n°4,20.0,import_2024,section n°4,charnieres,Section n°4,charnieres
1112,2024-08-23,L12,Four 1,Manque l'eau de ciseaux,Mécanisme ciseaux,machine,10.0,import_2024,machine,mécanisme ciseaux,Machine,Mécanisme ciseaux
1113,2024-08-23,L12,Four 1,Changement cartouche poincon,poincon,section n°4,40.0,import_2024,section n°4,poincon,Section n°4,poincon
1114,2024-08-23,L12,Four 1,Porte pincette,pincette,section n°4,30.0,import_2024,section n°4,pincette,Section n°4,pincette
1115,2024-08-24,L12,Four 1,Changement du bras transfert,bras de transfert,Section n°7,15.0,import_2024,section n°7,bras de transfert,Section n°7,bras de transfert
1116,2024-08-24,L12,Four 1,Mauvaise fonctionnement de ripeur,rippeur,section n°8,15.0,import_2024,section n°8,rippeur,Section n°8,rippeur
1117,2024-08-25,L12,Four 1,Réparation support de ventillation,ventilation,section n°4,30.0,import_2024,section n°4,ventilation,Section n°4,ventilation
1118,2024-08-25,L12,Four 1,Réparation support de ventillation,ventilation,section n°5,30.0,import_2024,section n°5,ventilation,Section n°5,ventilation
1119,2024-08-25,L12,Four 1,Arret mise a l'arche: probléme rateau,Mise a l'arche,mise a l'arche,60.0,import_2024,mise a l'arche,mise a l'arche,Mise a l'arche,Mise a l'arche
1120,2024-08-25,L12,Four 1,Coincement cylindre de compression,cylindre de compression,section n°4,45.0,import_2024,section n°4,cylindre de compression,Section n°4,cylindre de compression
1121,2024-08-26,L12,Four 1,Coincement cylindre de compression,cylindre de compression,section n°4,75.0,import_2024,section n°4,cylindre de compression,Section n°4,cylindre de compression
1122,2024-08-26,L12,Four 1,Manque l'eau de ciseaux,Mécanisme ciseaux,machine,10.0,import_2024,machine,mécanisme ciseaux,Machine,Mécanisme ciseaux
1123,2024-08-28,L12,Four 1,Réparer support téte compression,compression,section n°8,15.0,import_2024,section n°8,compression,Section n°8,compression
1124,2024-08-28,L12,Four 1,Réparer support compression,compression,section n°1,15.0,import_2024,section n°1,compression,Section n°1,compression
1125,2024-08-28,L12,Four 1,Changement du bras transfert,bras de transfert,Section n°3,15.0,import_2024,section n°3,bras de transfert,Section n°3,bras de transfert
1126,2024-08-29,L12,Four 1,Verti-flow,verti-flow,section n°1,20.0,import_2024,section n°1,verti-flow,Section n°1,verti-flow
1127,2024-08-29,L12,Four 1,Verti-flow,verti-flow,Section n°3,20.0,import_2024,section n°3,verti-flow,Section n°3,verti-flow
1128,2024-08-29,L12,Four 1,changement charnieres,charnieres,section n°8,45.0,import_2024,section n°8,charnieres,Section n°8,charnieres
1129,2024-08-30,L12,Four 1,Réparation support de ventillation,ventilation,section n°1,30.0,import_2024,section n°1,ventilation,Section n°1,ventilation
1130,2024-08-30,L12,Four 1,Réparation support de ventillation,ventilation,Section n°3,30.0,import_2024,section n°3,ventilation,Section n°3,ventilation
1131,2024-09-04,L12,Four 1,Seerage vis de palier bras de transfert,bras de transfert,Section n°8,20.0,import_2024,section n°8,bras de transfert,Section n°8,bras de transfert
1132,2024-09-04,L12,Four 1,Téte de compression,compression,Section n°8,30.0,import_2024,section n°8,compression,Section n°8,compression
1133,2024-09-04,L12,Four 1,Bras take-out,take-out,Section n°3,30.0,import_2024,section n°3,take-out,Section n°3,take-out
1134,2024-09-05,L12,Four 1,"Probl""me ciseaux",Mécanisme ciseaux,machine,630.0,import_2024,machine,mécanisme ciseaux,Machine,Mécanisme ciseaux
1135,2024-09-09,L12,Four 1,Mauvaise fonctionnement de ripeur,rippeur,section n°5,15.0,import_2024,section n°5,rippeur,Section n°5,rippeur
1136,2024-09-09,L12,Four 1,Bras take-out,take-out,Section n°5,20.0,import_2024,section n°5,take-out,Section n°5,take-out
1137,2024-09-09,L12,Four 1,Bras take-out,take-out,Section n°2,40.0,import_2024,section n°2,take-out,Section n°2,take-out
1138,2024-09-11,L12,Four 1,Réglage niveau bras de transfert,bras de transfert,Section n°6,15.0,import_2024,section n°6,bras de transfert,Section n°6,bras de transfert
1139,2024-09-11,L12,Four 1,Ventilation MDB,Ventilation MDB,Section n°5,20.0,import_2024,section n°5,ventilation mdb,Section n°5,Ventilation MDB
1140,2024-09-11,L12,Four 1,Ventilation MDB,Ventilation MDB,Section n°6,20.0,import_2024,section n°6,ventilation mdb,Section n°6,Ventilation MDB
1141,2024-09-11,L12,Four 1,Ventilation MDB,Ventilation MDB,section n°1,25.0,import_2024,section n°1,ventilation mdb,Section n°1,Ventilation MDB
1142,2024-09-11,L12,Four 1,Ventilation MDB,Ventilation MDB,Section n°2,25.0,import_2024,section n°2,ventilation mdb,Section n°2,Ventilation MDB
1143,2024-09-11,L12,Four 1,Ventilation MDB,Ventilation MDB,Section n°5,25.0,import_2024,section n°5,ventilation mdb,Section n°5,Ventilation MDB
1144,2024-09-11,L12,Four 1,Ventilation MDB,Ventilation MDB,Section n°6,25.0,import_2024,section n°6,ventilation mdb,Section n°6,Ventilation MDB
1145,2024-09-13,L12,Four 1,Manque l'eau de ciseaux,ciseaux,machine,10.0,import_2024,machine,ciseaux,Machine,Ciseaux
1146,2024-09-14,L12,Four 1,Serrage adapteur noyau,adapteur,Section n°7,20.0,import_2024,section n°7,adapteur,Section n°7,adapteur
1147,2024-09-15,L12,Four 1,Mauvaise fonctionnement scoop,scoop,scoop,45.0,import_2024,scoop,scoop,scoop,scoop
1148,2024-09-18,L12,Four 1,Changement les lammes ciseaux,ciseaux,ciseaux,60.0,import_2024,ciseaux,ciseaux,Ciseaux,Ciseaux
1149,2024-09-20,L12,Four 1,Décantrage du téte compression,compression,Section n°2,120.0,import_2024,section n°2,compression,Section n°2,compression
1150,2024-09-20,L12,Four 1,Changement bras take-out,take-out,Section n°4,60.0,import_2024,section n°4,take-out,Section n°4,take-out
1151,2024-09-20,L12,Four 1,Décantrage du téte compression,compression,Section n°2,660.0,import_2024,section n°2,compression,Section n°2,compression
1152,2024-09-20,L12,Four 1,Pour faciliter le travail,facilité le travail,section n°1,180.0,import_2024,section n°1,facilité le travail,Section n°1,facilité le travail
1153,2024-09-22,L12,Four 1,Porte pincette,porte pincette,section n°3,25.0,import_2024,section n°3,porte pincette,Section n°3,porte pincette
1154,2024-09-22,L12,Four 1,Changement support fond Eb,support fond Eb,Section n°2,90.0,import_2024,section n°2,support fond eb,Section n°2,support fond Eb
1155,2024-09-23,L12,Four 1,Mauvaise fonctionnement de ripeur,rippeur,section n°5,20.0,import_2024,section n°5,rippeur,Section n°5,rippeur
1156,2024-09-23,L12,Four 1,Changement porte pincette,pincette,Section n°7,10.0,import_2024,section n°7,pincette,Section n°7,pincette
1157,2024-09-24,L12,Four 1,Mauvaise fonctionnement de ripeur,rippeur,section n°3,15.0,import_2024,section n°3,rippeur,Section n°3,rippeur
1158,2024-09-24,L12,Four 1,Probleme verti-flow,verti-flow,Section n°6,20.0,import_2024,section n°6,verti-flow,Section n°6,verti-flow
1159,2024-09-24,L12,Four 1,Manque d'eau de ciseaux,Mécanisme ciseaux,machine,15.0,import_2024,machine,mécanisme ciseaux,Machine,Mécanisme ciseaux
1160,2024-09-24,L12,Four 1,Manque verti-flow,verti-flow,Section n°6,60.0,import_2024,section n°6,verti-flow,Section n°6,verti-flow
1161,2024-09-26,L12,Four 1,Manque D'eau de ciseaux Bouchage,Mécanisme ciseaux,machine,20.0,import_2024,machine,mécanisme ciseaux,Machine,Mécanisme ciseaux
1162,2024-09-26,L12,Four 1,Coupe cis FD: changement les lames,Mécanisme ciseaux,machine,45.0,import_2024,machine,mécanisme ciseaux,Machine,Mécanisme ciseaux
1163,2024-09-27,L12,Four 1,Retard de la Goute arriére,Groupe de distribution de gob,machine,10.0,import_2024,machine,groupe de distribution de gob,Machine,Groupe de distribution de gob
1164,2024-09-28,L12,Four 1,Changement les lames ciseaux,Mécanisme ciseaux,machine,40.0,import_2024,machine,mécanisme ciseaux,Machine,Mécanisme ciseaux
1165,2024-10-02,L12,Four 1,Mauvaise ventilation coté ébaucheur,ventilation,Section n°2,15.0,import_2024,section n°2,ventilation,Section n°2,ventilation
1166,2024-10-02,L12,Four 1,Mauvaise ventilation coté ébaucheur,ventilation,Section n°3,15.0,import_2024,section n°3,ventilation,Section n°3,ventilation
1167,2024-10-02,L12,Four 1,arrêt de mise a l arche,Mise a l'arche,Mise a l'arche,10.0,import_2024,mise a l'arche,mise a l'arche,Mise a l'arche,Mise a l'arche
1168,2024-10-02,L12,Four 1,Ajustement ATC,ATC,ATC,6.0,import_2024,atc,atc,ATC,ATC
1169,2024-10-03,L12,Four 1,arrêt de mise a l arche,Mise a l'arche,Mise a l'arche,20.0,import_2024,mise a l'arche,mise a l'arche,Mise a l'arche,Mise a l'arche
1170,2024-10-05,L12,Four 1,mauvaisse fencionnement de vertifolw,verti-flow,Section n°6,60.0,import_2024,section n°6,verti-flow,Section n°6,verti-flow
1171,2024-10-05,L12,Four 1,panne au niveau flexible vertiflow,verti-flow,Section n°1,20.0,import_2024,section n°1,verti-flow,Section n°1,verti-flow
1172,2024-10-07,L12,Four 1,arret de ciseaux toute seul,Mécanisme ciseaux,machine,40.0,import_2024,machine,mécanisme ciseaux,Machine,Mécanisme ciseaux
1173,2024-10-08,L12,Four 1,Problème Ventilation MDB,ventilation,Section n°2,20.0,import_2024,section n°2,ventilation,Section n°2,ventilation
1174,2024-10-08,L12,Four 1,Problème Ventilation MDB,ventilation,Section n°3,20.0,import_2024,section n°3,ventilation,Section n°3,ventilation
1175,2024-10-08,L12,Four 1,Problème Ventilation MDB,ventilation,Section n°6,20.0,import_2024,section n°6,ventilation,Section n°6,ventilation
1176,2024-10-08,L12,Four 1,Problème Ventilation MDB,ventilation,Section n°7,20.0,import_2024,section n°7,ventilation,Section n°7,ventilation
1177,2024-10-08,L12,Four 1,Mauvaise fonctionnement de ripeur,rippeur,Section n°3,15.0,import_2024,section n°3,rippeur,Section n°3,rippeur
1178,2024-10-09,L12,Four 1,Changement toyau de gonflage,gonflage,Section n°2,10.0,import_2024,section n°2,gonflage,Section n°2,gonflage
1179,2024-10-09,L12,Four 1,Arret machine a cause ciseaux,Mécanisme ciseaux,machine,10.0,import_2024,machine,mécanisme ciseaux,Machine,Mécanisme ciseaux
1180,2024-10-10,L12,Four 1,Problème Ventilation MDB,ventilation,Section n°8,15.0,import_2024,section n°8,ventilation,Section n°8,ventilation
1181,2024-10-10,L12,Four 1,Problème Ventilation MDB,ventilation,Section n°7,15.0,import_2024,section n°7,ventilation,Section n°7,ventilation
1182,2024-10-10,L12,Four 1,AEE,AEE,Section n°4,10.0,import_2024,section n°4,aee,Section n°4,AEE
1183,2024-10-12,L12,Four 1,Manque l'eau de ciseaux,Mécanisme ciseaux,machine,10.0,import_2024,machine,mécanisme ciseaux,Machine,Mécanisme ciseaux
1184,2024-10-12,L12,Four 1,AEE,AEE,Section n°6,205.0,import_2024,section n°6,aee,Section n°6,AEE
1185,2024-10-12,L12,Four 1,AEE,AEE,Section n°6,60.0,import_2024,section n°6,aee,Section n°6,AEE
1186,2024-10-12,L12,Four 1,Problème Ventilation MDB,ventilation,Section n°8,10.0,import_2024,section n°8,ventilation,Section n°8,ventilation
1187,2024-10-12,L12,Four 1,Problème Ventilation MDB,ventilation,Section n°7,10.0,import_2024,section n°7,ventilation,Section n°7,ventilation
1188,2024-10-13,L12,Four 1,Mauvaise fonctionnement de ripeur,rippeur,Section n°3,20.0,import_2024,section n°3,rippeur,Section n°3,rippeur
1189,2024-10-13,L12,Four 1,Problème Ventilation MDB,ventilation,Section n°8,30.0,import_2024,section n°8,ventilation,Section n°8,ventilation
1190,2024-10-13,L12,Four 1,Problème Ventilation MDB,ventilation,Section n°7,30.0,import_2024,section n°7,ventilation,Section n°7,ventilation
1191,2024-10-13,L12,Four 1,Problème Ventilation MDB,ventilation,Section n°8,15.0,import_2024,section n°8,ventilation,Section n°8,ventilation
1192,2024-10-13,L12,Four 1,Problème Ventilation MDB,ventilation,Section n°7,15.0,import_2024,section n°7,ventilation,Section n°7,ventilation
1193,2024-10-13,L12,Four 1,Mauvaise fonctionnement de ripeur,rippeur,Section n°5,15.0,import_2024,section n°5,rippeur,Section n°5,rippeur
1194,2024-10-13,L12,Four 1,Mauvaise fonctionnement de ripeur,rippeur,Section n°3,15.0,import_2024,section n°3,rippeur,Section n°3,rippeur
1195,2024-10-14,L12,Four 1,Mauvaise fonctionnement de ripeur,rippeur,Section n°4,5.0,import_2024,section n°4,rippeur,Section n°4,rippeur
1196,2024-10-15,L12,Four 1,Mauvaise fonctionnement de ripeur,rippeur,Section n°3,30.0,import_2024,section n°3,rippeur,Section n°3,rippeur
1197,2024-10-16,L12,Four 1,Réglage ATC,ATC,ATC,11.0,import_2024,atc,atc,ATC,ATC
1198,2024-10-17,L12,Four 1,*travail Sur Mise à L'arche,Mise a l'arche,Mise a l'arche,25.0,import_2024,mise a l'arche,mise a l'arche,Mise a l'arche,Mise a l'arche
1199,2024-10-17,L12,Four 1,mauvaise centrage de la goute,Machine,Machine,40.0,import_2024,machine,machine,Machine,Machine
1200,2024-10-17,L12,Four 1,Mauvaise fonctionnement de ripeur,rippeur,Section n°3,15.0,import_2024,section n°3,rippeur,Section n°3,rippeur
1201,2024-10-19,L12,Four 1,coincement de charniére finisseur,charniére,Section n°3,30.0,import_2024,section n°3,charniére,Section n°3,charniére
1202,2024-10-19,L12,Four 1,mauvaise fonctionnement de Take-out,take-out,Section n°1,25.0,import_2024,section n°1,take-out,Section n°1,take-out
1203,2024-10-20,L12,Four 1,Manque l'eau de ciseaux,ciseaux,ciseaux,5.0,import_2024,ciseaux,ciseaux,Ciseaux,Ciseaux
1204,2024-10-20,L12,Four 1,*travail Sur Mise à L'arche,Mise a l'arche,Mise a l'arche,5.0,import_2024,mise a l'arche,mise a l'arche,Mise a l'arche,Mise a l'arche
1205,2024-10-22,L12,Four 1,Arret convoyeur machine,AEE,machine,50.0,import_2024,machine,aee,Machine,AEE
1206,2024-10-24,L12,Four 1,Changement bras de transfert,bras de transfert,Section n°4,15.0,import_2024,section n°4,bras de transfert,Section n°4,bras de transfert
1207,2024-10-25,L12,Four 1,AEE,AEE,Section n°6,240.0,import_2024,section n°6,aee,Section n°6,AEE
1208,2024-10-25,L12,Four 1,Mauvaise fonctiionnement bras transfert,bras de transfert,Section n°8,120.0,import_2024,section n°8,bras de transfert,Section n°8,bras de transfert
1209,2024-10-26,L12,Four 1,ajustement de ventilation,ventilation,Section n°7,15.0,import_2024,section n°7,ventilation,Section n°7,ventilation
1210,2024-10-26,L12,Four 1,ajustement de ventilation,ventilation,Section n°8,15.0,import_2024,section n°8,ventilation,Section n°8,ventilation
1211,2024-10-27,L12,Four 1,coincement de inversion,Inversion,Section n°4,20.0,import_2024,section n°4,inversion,Section n°4,Inversion
1212,2024-10-30,L12,Four 1,Mauvaise fonctiionnement bras transfert,bras de transfert,Section n°5,15.0,import_2024,section n°5,bras de transfert,Section n°5,bras de transfert
1213,2024-10-30,L12,Four 1,mauvaise ouverture,ouverture,Section n°1,45.0,import_2024,section n°1,ouverture,Section n°1,ouverture
1214,2024-10-31,L12,Four 1,mauvaise fonctionnement ripeur,rippeur,Section n°8,10.0,import_2024,section n°8,rippeur,Section n°8,rippeur
1215,2024-10-31,L12,Four 1,probléme au niveau de la coupê ciseau,Mécanisme ciseaux,Mécanisme ciseaux,120.0,import_2024,mécanisme ciseaux,mécanisme ciseaux,Mécanisme ciseaux,Mécanisme ciseaux
1216,2024-10-31,L12,Four 1,centrage support fond eb,support fond Eb,Section n°2,15.0,import_2024,section n°2,support fond eb,Section n°2,support fond Eb
1217,2024-11-01,L12,Four 1,probléme support d'entonnoir,support entennoir,Section n°2,20.0,import_2024,section n°2,support entennoir,Section n°2,support entennoir
1218,2024-11-01,L12,Four 1,mauvaise monter Poinçon,poincon,Section n°5,10.0,import_2024,section n°5,poincon,Section n°5,poincon
1219,2024-11-01,L12,Four 1,mauvaise monter Poinçon,poincon,Section n°5,10.0,import_2024,section n°5,poincon,Section n°5,poincon
1220,2024-11-05,L12,Four 1,Mauvaise fonctionnement de support gonflage,support gonflage,Section n°6,20.0,import_2024,section n°6,support gonflage,Section n°6,support gonflage
1221,2024-11-06,L12,Four 1,Problème Ventilation MDB,ventilation,Section n°2,15.0,import_2024,section n°2,ventilation,Section n°2,ventilation
1222,2024-11-06,L12,Four 1,Problème Ventilation MDB,ventilation,Section n°3,15.0,import_2024,section n°3,ventilation,Section n°3,ventilation
1223,2024-11-06,L12,Four 1,Coincement finisseur,fermeture,Section n°1,20.0,import_2024,section n°1,fermeture,Section n°1,fermeture
1224,2024-11-06,L12,Four 1,mauvaise fonctionnement de Take-out,take-out,Section n°1,20.0,import_2024,section n°1,take-out,Section n°1,take-out
1225,2024-11-07,L12,Four 1,mauvaise fonctionnement de Take-out,take-out,Section n°8,50.0,import_2024,section n°8,take-out,Section n°8,take-out
1226,2024-11-07,L12,Four 1,Mauvaise fonctionement mécanisme gonflage,gonflage,Section n°6,30.0,import_2024,section n°6,gonflage,Section n°6,gonflage
1227,2024-11-09,L12,Four 1,Manque verti-flow,verti-flow,Section n°1,90.0,import_2024,section n°1,verti-flow,Section n°1,verti-flow
1228,2024-11-10,L12,Four 1,mauvaise fonctionnement de Take-out,take-out,Section n°4,20.0,import_2024,section n°4,take-out,Section n°4,take-out
1229,2024-11-10,L12,Four 1,Changement médiane,médiane,Section n°5,30.0,import_2024,section n°5,médiane,Section n°5,Médiane
1230,2024-11-12,L12,Four 1,Changement distributeur rippeur,distributeur rippeur,Section n°1,15.0,import_2024,section n°1,distributeur rippeur,Section n°1,distributeur rippeur
1231,2024-11-12,L12,Four 1,Centrage support entenoire,entonnoire,Section n°2,15.0,import_2024,section n°2,entonnoire,Section n°2,entonnoire
1232,2024-11-12,L12,Four 1,Mauvaise fonctionnement de ripeur,rippeur,Section n°4,10.0,import_2024,section n°4,rippeur,Section n°4,rippeur
1233,2024-11-13,L12,Four 1,Changement charnieres,charnieres,Section n°6,20.0,import_2024,section n°6,charnieres,Section n°6,charnieres
1234,2024-11-13,L12,Four 1,Changement ventilation MDB,MDB,Section n°2,30.0,import_2024,section n°2,mdb,Section n°2,MDB
1235,2024-11-13,L12,Four 1,Changement ventilation MDB,MDB,Section n°3,30.0,import_2024,section n°3,mdb,Section n°3,MDB
1236,2024-11-13,L12,Four 1,Changement ventilation MDB,MDB,Section n°2,25.0,import_2024,section n°2,mdb,Section n°2,MDB
1237,2024-11-13,L12,Four 1,Changement ventilation MDB,MDB,Section n°3,25.0,import_2024,section n°3,mdb,Section n°3,MDB
1238,2024-11-13,L12,Four 1,Manque l'eau de ciseaux,Mécanisme ciseaux,Mécanisme ciseaux,15.0,import_2024,mécanisme ciseaux,mécanisme ciseaux,Mécanisme ciseaux,Mécanisme ciseaux
1239,2024-11-13,L12,Four 1,Manque l'eau de ciseaux,Mécanisme ciseaux,Mécanisme ciseaux,15.0,import_2024,mécanisme ciseaux,mécanisme ciseaux,Mécanisme ciseaux,Mécanisme ciseaux
1240,2024-11-14,L12,Four 1,mauvaise ouverture,fermeture,Section n°6,30.0,import_2024,section n°6,fermeture,Section n°6,fermeture
1241,2024-11-14,L12,Four 1,mauvaise ouverture,fermeture,Section n°1,30.0,import_2024,section n°1,fermeture,Section n°1,fermeture
1242,2024-11-14,L12,Four 1,Coincement verti-flow,verti-flow,Section n°6,30.0,import_2024,section n°6,verti-flow,Section n°6,verti-flow
1243,2024-11-14,L12,Four 1,Mauvaise fonctionnement de ripeur,rippeur,Section n°5,10.0,import_2024,section n°5,rippeur,Section n°5,rippeur
1244,2024-11-16,L12,Four 1,changement porte pincette,pincettes,section n°5,20.0,import_2024,section n°5,pincettes,Section n°5,pincettes
1245,2024-11-16,L12,Four 1,mauvaise fonctionnement de ripeur,rippeur,section n°8,15.0,import_2024,section n°8,rippeur,Section n°8,rippeur
1246,2024-11-17,L12,Four 1,centrage support compression,compression,Section n°6,20.0,import_2024,section n°6,compression,Section n°6,compression
1247,2024-11-17,L12,Four 1,Changement MDB,MDB,Section n°2,20.0,import_2024,section n°2,mdb,Section n°2,MDB
1248,2024-11-17,L12,Four 1,Changement ventilation MDB,MDB,Section n°3,20.0,import_2024,section n°3,mdb,Section n°3,MDB
1249,2024-11-18,L12,Four 1,Probléme électrique,AEE,Section n°4,110.0,import_2024,section n°4,aee,Section n°4,AEE
1250,2024-11-18,L12,Four 1,Coincemen charniers fin,charnieres,Section n°1,10.0,import_2024,section n°1,charnieres,Section n°1,charnieres
1251,2024-11-18,L12,Four 1,Changement ventilation MDB,MDB,Section n°2,135.0,import_2024,section n°2,mdb,Section n°2,MDB
1252,2024-11-18,L12,Four 1,Changement ventilation MDB,MDB,Section n°3,135.0,import_2024,section n°3,mdb,Section n°3,MDB
1253,2024-11-18,L12,Four 1,Mauvaise fonctionnement de ripeur,rippeur,Section n°4,30.0,import_2024,section n°4,rippeur,Section n°4,rippeur
1254,2024-11-19,L12,Four 1,Décalage poid: nettoyage rondelle,Décalage poids,machine,15.0,import_2024,machine,décalage poids,Machine,Décalage poids
1255,2024-11-19,L12,Four 1,mauvaise fonctionnement de ripeur,rippeur,section n°5,20.0,import_2024,section n°5,rippeur,Section n°5,rippeur
1256,2024-11-19,L12,Four 1,Mauvaise fonctionnement de ripeur,rippeur,Section n°4,25.0,import_2024,section n°4,rippeur,Section n°4,rippeur
1257,2024-11-19,L12,Four 1,Réparation tige de ventilation,ventillation,Section n°2,10.0,import_2024,section n°2,ventillation,Section n°2,ventillation
1258,2024-11-19,L12,Four 1,Réparation tige de ventilation,ventillation,Section n°3,10.0,import_2024,section n°3,ventillation,Section n°3,ventillation
1259,2024-11-19,L12,Four 1,mauvaise fonctionnement de ripeur,rippeur,section n°5,20.0,import_2024,section n°5,rippeur,Section n°5,rippeur
1260,2024-11-19,L12,Four 1,mauvaise fonctionnement de ripeur,rippeur,section n°5,20.0,import_2024,section n°5,rippeur,Section n°5,rippeur
1261,2024-11-19,L12,Four 1,Intervention au niveau de refroidissement noyau AV,noyau,Section n°1,240.0,import_2024,section n°1,noyau,Section n°1,noyau
1262,2024-11-19,L12,Four 1,Changement ventilation MDB,MDB,Section n°2,30.0,import_2024,section n°2,mdb,Section n°2,MDB
1263,2024-11-19,L12,Four 1,Changement ventilation MDB,MDB,Section n°3,30.0,import_2024,section n°3,mdb,Section n°3,MDB
1264,2024-11-20,L12,Four 1,Changement ventilation MDB,MDB,Section n°3,120.0,import_2024,section n°3,mdb,Section n°3,MDB
1265,2024-11-20,L12,Four 1,Mise a niveau bras de transfert,bras de transfert,Section n°3,60.0,import_2024,section n°3,bras de transfert,Section n°3,bras de transfert
1266,2024-11-20,L12,Four 1,serrage les paliers,paliers,Section n°6,15.0,import_2024,section n°6,paliers,Section n°6,paliers
1267,2024-11-20,L12,Four 1,mauvaise fonctionnement de ripeur,rippeur,section n°8,10.0,import_2024,section n°8,rippeur,Section n°8,rippeur
1268,2024-11-20,L12,Four 1,Serrage l'invertion,Inversion,Section n°4,25.0,import_2024,section n°4,inversion,Section n°4,Inversion
1269,2024-11-20,L12,Four 1,Changement charnieres Eb,charnietres,Section n°1,15.0,import_2024,section n°1,charnietres,Section n°1,charnietres
1270,2024-11-20,L12,Four 1,Mise a niveau bras de transfert,bras de transfert,Section n°2,15.0,import_2024,section n°2,bras de transfert,Section n°2,bras de transfert
1271,2024-11-22,L12,Four 1,serrage les paliers,paliers,Section n°2,30.0,import_2024,section n°2,paliers,Section n°2,paliers
1272,2024-11-22,L12,Four 1,Changement mécanisme d'invertion,Inversion,Section n°4,545.0,import_2024,section n°4,inversion,Section n°4,Inversion
1273,2024-11-22,L12,Four 1,Changement rippeur,rippeur,section n°5,20.0,import_2024,section n°5,rippeur,Section n°5,rippeur
1274,2024-11-22,L12,Four 1,changement charnieres,charnieres,Section n°1,20.0,import_2024,section n°1,charnieres,Section n°1,charnieres
1275,2024-11-22,L12,Four 1,Probléme électrique,AEE,Section n°4,30.0,import_2024,section n°4,aee,Section n°4,AEE
1276,2024-11-23,L12,Four 1,Changement ventilation MDB,MDB,Section n°2,30.0,import_2024,section n°2,mdb,Section n°2,MDB
1277,2024-11-23,L12,Four 1,Changement ventilation MDB,MDB,Section n°1,30.0,import_2024,section n°1,mdb,Section n°1,MDB
1278,2024-11-23,L12,Four 1,Centrage support fond Eb,support fond Eb,section n°8,15.0,import_2024,section n°8,support fond eb,Section n°8,support fond Eb
1279,2024-11-24,L12,Four 1,Probléme d'ouverture finisseur,ouverture finisseur,Section n°2,35.0,import_2024,section n°2,ouverture finisseur,Section n°2,ouverture finisseur
1280,2024-11-24,L12,Four 1,Probléme d'ouverture finisseur,ouverture finisseur,Section n°3,35.0,import_2024,section n°3,ouverture finisseur,Section n°3,ouverture finisseur
1281,2024-11-24,L12,Four 1,Probléme d'ouverture finisseur,ouverture finisseur,Section n°5,35.0,import_2024,section n°5,ouverture finisseur,Section n°5,ouverture finisseur
1282,2024-11-24,L12,Four 1,Probléme d'ouverture finisseur,ouverture finisseur,Section n°7,35.0,import_2024,section n°7,ouverture finisseur,Section n°7,ouverture finisseur
1283,2024-11-24,L12,Four 1,Probléme d'ouverture finisseur,ouverture finisseur,section n°8,35.0,import_2024,section n°8,ouverture finisseur,Section n°8,ouverture finisseur
1284,2024-11-24,L12,Four 1,Changement ventilation MDB,MDB,Section n°2,20.0,import_2024,section n°2,mdb,Section n°2,MDB
1285,2024-11-24,L12,Four 1,Changement ventilation MDB,MDB,Section n°3,20.0,import_2024,section n°3,mdb,Section n°3,MDB
1286,2024-11-25,L12,Four 1,mauvaise fonctionnement de ripeur,rippeur,Section n°5,60.0,import_2024,section n°5,rippeur,Section n°5,rippeur
1287,2024-11-26,L12,Four 1,Mise a niveau bras de transfert,bras de transfert,Section n°3,15.0,import_2024,section n°3,bras de transfert,Section n°3,bras de transfert
1288,2024-11-26,L12,Four 1,ajustement de médiame,Médiane,section n°8,15.0,import_2024,section n°8,médiane,Section n°8,Médiane
1289,2024-11-26,L12,Four 1,Arret ATC,ATC,ATC,10.0,import_2024,atc,atc,ATC,ATC
1290,2024-11-27,L12,Four 1,Changement charnieres,charnieres,section n°8,25.0,import_2024,section n°8,charnieres,Section n°8,charnieres
1291,2024-11-28,L12,Four 1,Changement tete de gonflage,gonflage,Section n°5,15.0,import_2024,section n°5,gonflage,Section n°5,gonflage
1292,2024-11-29,L12,Four 1,mauvaise fonctionnement de ripeur,rippeur,Section n°5,20.0,import_2024,section n°5,rippeur,Section n°5,rippeur
1293,2024-11-29,L12,Four 1,Probléme d'ouverture finisseur,ouverture finisseur,Section n°2,30.0,import_2024,section n°2,ouverture finisseur,Section n°2,ouverture finisseur
1294,2024-11-29,L12,Four 1,Probléme d'ouverture finisseur,ouverture finisseur,section n°4,30.0,import_2024,section n°4,ouverture finisseur,Section n°4,ouverture finisseur
1295,2024-11-30,L12,Four 1,Changement verti-flow,verti-flow,Section n°2,30.0,import_2024,section n°2,verti-flow,Section n°2,verti-flow
1296,2024-12-01,L12,Four 1,Flexible tete de gonflage,tete de gonflage,Section n°5,20.0,import_2024,section n°5,tete de gonflage,Section n°5,tete de gonflage
1297,2024-12-01,L12,Four 1,Coincement convoyeur mise a l'arche,Convoyeur mise à l'arche,Convoyeur mise à l'arche,10.0,import_2024,convoyeur mise à l'arche,convoyeur mise à l'arche,Convoyeur mise à l'arche,Convoyeur mise à l'arche
1298,2024-12-02,L12,Four 1,mauvaise fonctionnement de ripeur,rippeur,Section n°5,20.0,import_2024,section n°5,rippeur,Section n°5,rippeur
1299,2024-12-02,L12,Four 1,mauvaise fonctionnement de ripeur,rippeur,Section n°5,15.0,import_2024,section n°5,rippeur,Section n°5,rippeur
1300,2024-12-03,L12,Four 1,Mauvaise fonctionnement de Ripeur,rippeur,Section n°4,20.0,import_2024,section n°4,rippeur,Section n°4,rippeur
1301,2024-12-03,L12,Four 1,Mauvaise fonctionnement de Ripeur,rippeur,Section n°5,20.0,import_2024,section n°5,rippeur,Section n°5,rippeur
1302,2024-12-04,L12,Four 1,Manque l'eau de ciseaux,Mécanisme ciseaux,Mécanisme ciseaux,10.0,import_2024,mécanisme ciseaux,mécanisme ciseaux,Mécanisme ciseaux,Mécanisme ciseaux
1303,2024-12-04,L12,Four 1,enverage de la machine: changement scoop centrale,Machine,Machine,130.0,import_2024,machine,machine,Machine,Machine
1304,2024-12-05,L12,Four 1,enverage de la machine: changement scoop centrale,Machine,Machine,80.0,import_2024,machine,machine,Machine,Machine
1305,2024-12-05,L12,Four 1,mauvaise fonctionnement de ripeur,rippeur,Section n°3,15.0,import_2024,section n°3,rippeur,Section n°3,rippeur
1306,2024-12-05,L12,Four 1,Mauvaise fonctionnement de Ripeur,rippeur,Section n°5,20.0,import_2024,section n°5,rippeur,Section n°5,rippeur
1307,2024-12-05,L12,Four 1,Changement ventilation MDB,MDB,Section n°2,10.0,import_2024,section n°2,mdb,Section n°2,MDB
1308,2024-12-05,L12,Four 1,Changement ventilation MDB,MDB,Section n°3,10.0,import_2024,section n°3,mdb,Section n°3,MDB
1309,2024-12-05,L12,Four 1,Changement ventilation MDB,MDB,Section n°2,60.0,import_2024,section n°2,mdb,Section n°2,MDB
1310,2024-12-05,L12,Four 1,Changement ventilation MDB,MDB,Section n°3,60.0,import_2024,section n°3,mdb,Section n°3,MDB
1311,2024-12-05,L12,Four 1,Manque d'air de refroidissement Eb,,Section n°2,360.0,import_2024,section n°2,,Section n°2,
1312,2024-12-05,L12,Four 1,Mauvaise fonctionnement de Ripeur,rippeur,Section n°5,30.0,import_2024,section n°5,rippeur,Section n°5,rippeur
1313,2024-12-07,L12,Four 1,Changement ventilation MDB,MDB,Section n°6,15.0,import_2024,section n°6,mdb,Section n°6,MDB
1314,2024-12-08,L12,Four 1,Mise a niveau bras de transfert,bras de transfert,Section n°6,25.0,import_2024,section n°6,bras de transfert,Section n°6,bras de transfert
1315,2024-12-08,L12,Four 1,Probleme au niveau de ciseaux,Mécanisme ciseaux,Mécanisme ciseaux,60.0,import_2024,mécanisme ciseaux,mécanisme ciseaux,Mécanisme ciseaux,Mécanisme ciseaux
1316,2024-01-01,L13,Four 1,Serrage d'adapteur poincon,poincon,Section n°6,20.0,import_2024,section n°6,poincon,Section n°6,poincon
1317,2024-01-02,L13,Four 1,Changement bras de transfert,bras de transfert,Section n°3,15.0,import_2024,section n°3,bras de transfert,Section n°3,bras de transfert
1318,2024-01-02,L13,Four 1,Bouchage d'eau de refroidissement ciseau,Mécanisme ciseaux,Ciseaux,5.0,import_2024,ciseaux,mécanisme ciseaux,Ciseaux,Mécanisme ciseaux
1319,2024-01-02,L13,Four 1,changement de rippeur,rippeur,Section n°6,10.0,import_2024,section n°6,rippeur,Section n°6,rippeur
1320,2024-01-04,L13,Four 1,Changement de cartouche noyau Av,noyau,Section n°2,60.0,import_2024,section n°2,noyau,Section n°2,noyau
1321,2024-01-06,L13,Four 1,Changement bras take-out,take-out,Section n°7,20.0,import_2024,section n°7,take-out,Section n°7,take-out
1322,2024-01-08,L13,Four 1,Variation de fermeture pincette et bras take-out,take-out,Section n°6,90.0,import_2024,section n°6,take-out,Section n°6,take-out
1323,2024-01-08,L13,Four 1,Mauvaise fonctionnement de rippeur,rippeur,Section n°4,25.0,import_2024,section n°4,rippeur,Section n°4,rippeur
1324,2024-01-08,L13,Four 1,changement des charniéres,charniéres,Section n°1,15.0,import_2024,section n°1,charniéres,Section n°1,charniéres
1325,2024-01-10,L13,Four 1,Changement bras de transfert,bras de transfert,Section n°1,10.0,import_2024,section n°1,bras de transfert,Section n°1,bras de transfert
1326,2024-01-10,L13,Four 1,Changement bras de transfert,bras de transfert,Section n°9,10.0,import_2024,section n°9,bras de transfert,Section n°9,bras de transfert
1327,2024-01-10,L13,Four 1,Changement rippeur,rippeur,Section n°4,10.0,import_2024,section n°4,rippeur,Section n°4,rippeur
1328,2024-01-10,L13,Four 1,Changement rippeur,rippeur,Section n°9,15.0,import_2024,section n°9,rippeur,Section n°9,rippeur
1329,2024-01-11,L13,Four 1,Changement bras Take-Out,take-out,Section n°2,15.0,import_2024,section n°2,take-out,Section n°2,take-out
1330,2024-01-11,L13,Four 1,Serrage d'adapteur compression,compression,Section n°6,20.0,import_2024,section n°6,compression,Section n°6,compression
1331,2024-01-12,L13,Four 1,Changement bras fe transfert,bras de transfert,Section n°2,35.0,import_2024,section n°2,bras de transfert,Section n°2,bras de transfert
1332,2024-01-13,L13,Four 1,Changement rippeur,rippeur,Section n°7,15.0,import_2024,section n°7,rippeur,Section n°7,rippeur
1333,2024-01-14,L13,Four 1,Changement rippeur,rippeur,Section n°4,10.0,import_2024,section n°4,rippeur,Section n°4,rippeur
1334,2024-01-14,L13,Four 1,Changement 2 fois rippeur,rippeur,Section n°7,10.0,import_2024,section n°7,rippeur,Section n°7,rippeur
1335,2024-01-15,L13,Four 1,Changement rippeur,rippeur,Section n°7,5.0,import_2024,section n°7,rippeur,Section n°7,rippeur
1336,2024-01-16,L13,Four 1,Changement ventilation ébaucheur,ventilation,Section n°1,15.0,import_2024,section n°1,ventilation,Section n°1,ventilation
1337,2024-01-16,L13,Four 1,Changement ventilation ébaucheur,ventilation,Section n°2,15.0,import_2024,section n°2,ventilation,Section n°2,ventilation
1338,2024-01-16,L13,Four 1,changement bras de transfert,bras de transfert,Section n°8,10.0,import_2024,section n°8,bras de transfert,Section n°8,bras de transfert
1339,2024-01-17,L13,Four 1,Réglage ventilation,bras de transfert,Section n°7,10.0,import_2024,section n°7,bras de transfert,Section n°7,bras de transfert
1340,2024-01-17,L13,Four 1,Réglage ventilation,ventilation,Section n°8,10.0,import_2024,section n°8,ventilation,Section n°8,ventilation
1341,2024-01-19,L13,Four 1,Changement rippeur,rippeur,Section n°2,10.0,import_2024,section n°2,rippeur,Section n°2,rippeur
1342,2024-01-19,L13,Four 1,Changement rippeur,rippeur,Section n°7,10.0,import_2024,section n°7,rippeur,Section n°7,rippeur
1343,2024-01-19,L13,Four 1,Changement médiane et déflécteur,Groupe de distribution de gob,Machine,35.0,import_2024,machine,groupe de distribution de gob,Machine,Groupe de distribution de gob
1344,2024-01-20,L13,Four 1,Serrage d'adapteur Ar de mécanisme poincon,poincon,Section n°5,30.0,import_2024,section n°5,poincon,Section n°5,poincon
1345,2024-01-20,L13,Four 1,Changement de cylindre poincon,poincon,Section n°5,90.0,import_2024,section n°5,poincon,Section n°5,poincon
1346,2024-01-21,L13,Four 1,Changement du bras de transfert,bras de transfert,Section n°4,10.0,import_2024,section n°4,bras de transfert,Section n°4,bras de transfert
1347,2024-01-21,L13,Four 1,Serrage de flexible tete de compression,compression,Section n°9,10.0,import_2024,section n°9,compression,Section n°9,compression
1348,2024-01-22,L13,Four 1,Serrage d'adapteur poincon,poincon,Section n°6,20.0,import_2024,section n°6,poincon,Section n°6,poincon
1349,2024-01-24,L13,Four 1,Serrage flexible tete de gonflage,gonflage,Section n°4,10.0,import_2024,section n°4,gonflage,Section n°4,gonflage
1350,2024-01-28,L13,Four 1,Serrage velve de cylindre compression,compression,Section n°2,15.0,import_2024,section n°2,compression,Section n°2,compression
1351,2024-01-28,L13,Four 1,Réglage rippeur,rippeur,Section n°5,10.0,import_2024,section n°5,rippeur,Section n°5,rippeur
1352,2024-01-29,L13,Four 1,Changement charnier,charniéres,Section n°6,15.0,import_2024,section n°6,charniéres,Section n°6,charniéres
1353,2024-01-30,L13,Four 1,Serrage de cartouche pole valve cylindre de compression,compression,Section n°2,5.0,import_2024,section n°2,compression,Section n°2,compression
1354,2024-01-31,L13,Four 1,Réglage mise a l'arche,Mise à l'arche,Mise à l'arche,5.0,import_2024,mise à l'arche,mise à l'arche,Mise à l'arche,Mise à l'arche
1355,2024-02-01,L13,Four 1,Intervention au niveau du chauffage Feeder pour réglage du défaut Bouillon,Feeder,Machine,45.0,import_2024,machine,feeder,Machine,Feeder
1356,2024-02-02,L13,Four 1,Serrage d'adapteur,adapteur,Section n°6,15.0,import_2024,section n°6,adapteur,Section n°6,adapteur
1357,2024-02-02,L13,Four 1,Changement de cartouche poinçon,poincon,Section n°5,20.0,import_2024,section n°5,poincon,Section n°5,poincon
1358,2024-02-02,L13,Four 1,Purge de Feeder,Feeder,Feeder,30.0,import_2024,feeder,feeder,Feeder,Feeder
1359,2024-02-03,L13,Four 1,Purge de Feeder,Feeder,Feeder,60.0,import_2024,feeder,feeder,Feeder,Feeder
1360,2024-02-04,L13,Four 1,Réglage de mise à l'arche,Mise à l'arche,Mise à l'arche,5.0,import_2024,mise à l'arche,mise à l'arche,Mise à l'arche,Mise à l'arche
1361,2024-02-05,L13,Four 1,Arret de machine suite au coupure de courant (Arret programmée par LYDEC),AEE,Machine,60.0,import_2024,machine,aee,Machine,AEE
1362,2024-02-05,L13,Four 1,Mauvaise fonctionnement de rippeur,rippeur,Section n°5,30.0,import_2024,section n°5,rippeur,Section n°5,rippeur
1363,2024-02-06,L13,Four 1,Serrage clapet de compression,compression,Section n°9,10.0,import_2024,section n°9,compression,Section n°9,compression
1364,2024-02-06,L13,Four 1,Serrage support tete de gonflage,gonflage,Section n°10,10.0,import_2024,section n°10,gonflage,Section n°10,gonflage
1365,2024-02-07,L13,Four 1,Changement de rippeur,rippeur,Section n°7,15.0,import_2024,section n°7,rippeur,Section n°7,rippeur
1366,2024-02-07,L13,Four 1,Changement de plenium coté ébaucheur,plenium,Section n°3,20.0,import_2024,section n°3,plenium,Section n°3,plenium
1367,2024-02-08,L13,Four 1,Coinçement de mise à l'arche,Mise à l'arche,Mise à l'arche,5.0,import_2024,mise à l'arche,mise à l'arche,Mise à l'arche,Mise à l'arche
1368,2024-02-10,L13,Four 1,Variation du mouvement bras de transfert,bras de transfert,Section n°1,60.0,import_2024,section n°1,bras de transfert,Section n°1,bras de transfert
1369,2024-02-10,L13,Four 1,Panne éléctrique,AEE,Section n°10,90.0,import_2024,section n°10,aee,Section n°10,AEE
1370,2024-02-12,L13,Four 1,Serrage d'adapteur,adapteur,Section n°4,30.0,import_2024,section n°4,adapteur,Section n°4,adapteur
1371,2024-02-13,L13,Four 1,Purge de la cuvette,cuvette,Machine,35.0,import_2024,machine,cuvette,Machine,cuvette
1372,2024-02-13,L13,Four 1,Changement du bras transfert,bras de transfert,Section n°6,10.0,import_2024,section n°6,bras de transfert,Section n°6,bras de transfert
1373,2024-02-13,L13,Four 1,Changement de rippeur,rippeur,Section n°7,15.0,import_2024,section n°7,rippeur,Section n°7,rippeur
1374,2024-02-14,L13,Four 1,Serrage d'adapteur poinçon,poincon,Section n°1,30.0,import_2024,section n°1,poincon,Section n°1,poincon
1375,2024-02-14,L13,Four 1,Serrage d'adapteur poinçon,poincon,Section n°2,30.0,import_2024,section n°2,poincon,Section n°2,poincon
1376,2024-02-14,L13,Four 1,Serrage d'adapteur poinçon,poincon,Section n°3,30.0,import_2024,section n°3,poincon,Section n°3,poincon
1377,2024-02-15,L13,Four 1,Serrage d'adapteur poinçon,poincon,Section n°1,15.0,import_2024,section n°1,poincon,Section n°1,poincon
1378,2024-02-15,L13,Four 1,Changement de plinium,plenium,Section n°2,10.0,import_2024,section n°2,plenium,Section n°2,plenium
1379,2024-02-15,L13,Four 1,Serrage d'adapteur poinçon,poincon,Section n°6,10.0,import_2024,section n°6,poincon,Section n°6,poincon
1380,2024-02-15,L13,Four 1,Serrage d'adapteur poinçon,poincon,Section n°7,10.0,import_2024,section n°7,poincon,Section n°7,poincon
1381,2024-02-16,L13,Four 1,Changement du bras Take-Out,take-out,Section n°6,20.0,import_2024,section n°6,take-out,Section n°6,take-out
1382,2024-02-16,L13,Four 1,Mauvaise fonctionnement de rippeur,rippeur,Section n°10,30.0,import_2024,section n°10,rippeur,Section n°10,rippeur
1383,2024-02-16,L13,Four 1,Mauvaise fonctionnement de la descente support compression,compression,Section n°2,20.0,import_2024,section n°2,compression,Section n°2,compression
1384,2024-02-17,L13,Four 1,Changement de cartouche poinçon,poincon,Section n°8,20.0,import_2024,section n°8,poincon,Section n°8,poincon
1385,2024-02-18,L13,Four 1,Variation de mouvenemnt du tete compression,compression,Section n°9,210.0,import_2024,section n°9,compression,Section n°9,compression
1386,2024-02-19,L13,Four 1,Manque d'air de gonflage,gonflage,Section n°2,15.0,import_2024,section n°2,gonflage,Section n°2,gonflage
1387,2024-02-19,L13,Four 1,Serrage d'adapteur poinçon,poincon,Section n°8,15.0,import_2024,section n°8,poincon,Section n°8,poincon
1388,2024-02-20,L13,Four 1,Changement de cartouche poinçon,poincon,Section n°3,15.0,import_2024,section n°3,poincon,Section n°3,poincon
1389,2024-02-20,L13,Four 1,Serrage d'adapteur poinçon,poincon,Section n°8,15.0,import_2024,section n°8,poincon,Section n°8,poincon
1390,2024-02-20,L13,Four 1,Serrage d'adapteur poinçon,poincon,Section n°1,15.0,import_2024,section n°1,poincon,Section n°1,poincon
1391,2024-02-21,L13,Four 1,Changement rippeur,rippeur,Section n°1,15.0,import_2024,section n°1,rippeur,Section n°1,rippeur
1392,2024-02-22,L13,Four 1,Changement de support compression,compression,Section n°8,15.0,import_2024,section n°8,compression,Section n°8,compression
1393,2024-02-22,L13,Four 1,Changement de rippeur,rippeur,Section n°1,10.0,import_2024,section n°1,rippeur,Section n°1,rippeur
1394,2024-02-24,L13,Four 1,Changement du bras transfert,bras de transfert,Section n°1,60.0,import_2024,section n°1,bras de transfert,Section n°1,bras de transfert
1395,2024-02-26,L13,Four 1,Serrage d'adapteur,adapteur,Section n°9,15.0,import_2024,section n°9,adapteur,Section n°9,adapteur
1396,2024-02-26,L13,Four 1,Serrage de support compression,compression,Section n°2,20.0,import_2024,section n°2,compression,Section n°2,compression
1397,2024-02-27,L13,Four 1,Serrage d'adapteur,adapteur,Section n°9,30.0,import_2024,section n°9,adapteur,Section n°9,adapteur
1398,2024-03-03,L13,Four 1,Serrage d'adapteur,adapteur,Section n°9,10.0,import_2024,section n°9,adapteur,Section n°9,adapteur
1399,2024-03-03,L13,Four 1,Serrage d'adapteur,adapteur,Section n°6,10.0,import_2024,section n°6,adapteur,Section n°6,adapteur
1400,2024-03-04,L13,Four 1,Changement du bras transfert,bras de transfert,Section n°9,20.0,import_2024,section n°9,bras de transfert,Section n°9,bras de transfert
1401,2024-03-04,L13,Four 1,Serrage d'adapteur,adapteur,Section n°9,10.0,import_2024,section n°9,adapteur,Section n°9,adapteur
1402,2024-03-05,L13,Four 1,Serrage d'adapteur,adapteur,Section n°7,30.0,import_2024,section n°7,adapteur,Section n°7,adapteur
1403,2024-03-05,L13,Four 1,Changement de porte pincettes,pincettes,Section n°10,5.0,import_2024,section n°10,pincettes,Section n°10,pincettes
1404,2024-03-05,L13,Four 1,Serrage d'adapteur,adapteur,Section n°9,15.0,import_2024,section n°9,adapteur,Section n°9,adapteur
1405,2024-03-06,L13,Four 1,Serrage d'adapteur,adapteur,Section n°9,20.0,import_2024,section n°9,adapteur,Section n°9,adapteur
1406,2024-03-07,L13,Four 1,Serrage d'adapteur,adapteur,Section n°6,30.0,import_2024,section n°6,adapteur,Section n°6,adapteur
1407,2024-03-07,L13,Four 1,Coincement de mécanisme tete de compression,compression,Section n°9,90.0,import_2024,section n°9,compression,Section n°9,compression
1408,2024-03-07,L13,Four 1,Réglage plenium,plenium,Section n°10,15.0,import_2024,section n°10,plenium,Section n°10,plenium
1409,2024-03-11,L13,Four 1,Changement de distributeur cartouche boite à valve,boite a valve,Section n°5,20.0,import_2024,section n°5,boite a valve,Section n°5,boite a valve
1410,2024-03-12,L13,Four 1,Changement de rippeur,rippeur,Section n°1,20.0,import_2024,section n°1,rippeur,Section n°1,rippeur
1411,2024-03-12,L13,Four 1,Arret de convoyeur mise à l'arche Changement de rouleau récepteur,Convoyeur mise a l'arche,Convoyeur mise a l'arche,30.0,import_2024,convoyeur mise a l'arche,convoyeur mise a l'arche,convoyeur mise a l'arche,convoyeur mise a l'arche
1412,2024-03-12,L13,Four 1,Changement de cartouche boite à valve,boite a valve,Section n°5,50.0,import_2024,section n°5,boite a valve,Section n°5,boite a valve
1413,2024-03-12,L13,Four 1,Changement de cartouche boite à valve,boite a valve,Section n°5,30.0,import_2024,section n°5,boite a valve,Section n°5,boite a valve
1414,2024-03-13,L13,Four 1,Changement de rippeur,rippeur,Section n°10,25.0,import_2024,section n°10,rippeur,Section n°10,rippeur
1415,2024-03-14,L13,Four 1,Changement du bras transfert,bras de transfert,Section n°6,15.0,import_2024,section n°6,bras de transfert,Section n°6,bras de transfert
1416,2024-03-14,L13,Four 1,Serrage d'adapteur,adapteur,Section n°6,10.0,import_2024,section n°6,adapteur,Section n°6,adapteur
1417,2024-03-17,L13,Four 1,Réglage de mise à l'arche,Mise à l'arche,Mise à l'arche,15.0,import_2024,mise à l'arche,mise à l'arche,Mise à l'arche,Mise à l'arche
1418,2024-03-17,L13,Four 1,Serrage d'adapteur,adapteur,Section n°3,10.0,import_2024,section n°3,adapteur,Section n°3,adapteur
1419,2024-03-17,L13,Four 1,Serrage d'adapteur,adapteur,Section n°5,10.0,import_2024,section n°5,adapteur,Section n°5,adapteur
1420,2024-03-17,L13,Four 1,Serrage d'adapteur,adapteur,Section n°8,10.0,import_2024,section n°8,adapteur,Section n°8,adapteur
1421,2024-03-18,L13,Four 1,Mauvaise fonctionnement de tete compression,compression,Section n°7,40.0,import_2024,section n°7,compression,Section n°7,compression
1422,2024-03-18,L13,Four 1,Serrage de pole valve mécanisme compression,compression,Section n°2,10.0,import_2024,section n°2,compression,Section n°2,compression
1423,2024-03-18,L13,Four 1,Mise à niveau du bras transfert,bras de transfert,Section n°4,15.0,import_2024,section n°4,bras de transfert,Section n°4,bras de transfert
1424,2024-03-19,L13,Four 1,Changement de rippeur,rippeur,Section n°1,20.0,import_2024,section n°1,rippeur,Section n°1,rippeur
1425,2024-03-19,L13,Four 1,Changement du bras transfert,bras de transfert,Section n°4,15.0,import_2024,section n°4,bras de transfert,Section n°4,bras de transfert
1426,2024-03-19,L13,Four 1,Réparation Verti-Flow,verti-flow,Section n°7,40.0,import_2024,section n°7,verti-flow,Section n°7,verti-flow
1427,2024-03-20,L13,Four 1,Réparation du bras transfert,bras de transfert,Section n°1,15.0,import_2024,section n°1,bras de transfert,Section n°1,bras de transfert
1428,2024-03-21,L13,Four 1,Changement de rippeur,rippeur,Section n°1,25.0,import_2024,section n°1,rippeur,Section n°1,rippeur
1429,2024-03-21,L13,Four 1,Changement du bras transfert et flasque cartouche noyau,bras de transfert,Section n°5,20.0,import_2024,section n°5,bras de transfert,Section n°5,bras de transfert
1430,2024-03-22,L13,Four 1,Serrage d'adapteur,adapteur,Section n°7,20.0,import_2024,section n°7,adapteur,Section n°7,adapteur
1431,2024-03-22,L13,Four 1,Serrage d'adapteur,adapteur,Section n°8,30.0,import_2024,section n°8,adapteur,Section n°8,adapteur
1432,2024-03-23,L13,Four 1,Changement de rippeur,rippeur,Section n°1,10.0,import_2024,section n°1,rippeur,Section n°1,rippeur
1433,2024-03-24,L13,Four 1,Changement de rippeur,rippeur,Section n°3,20.0,import_2024,section n°3,rippeur,Section n°3,rippeur
1434,2024-03-24,L13,Four 1,Serrage d'adapteur,adapteur,Section n°6,15.0,import_2024,section n°6,adapteur,Section n°6,adapteur
1435,2024-03-24,L13,Four 1,Serrage d'adapteur,adapteur,Section n°6,15.0,import_2024,section n°6,adapteur,Section n°6,adapteur
1436,2024-03-24,L13,Four 1,Convoyeur mise a l'arche,Mise à l'arche,Mise à l'arche,5.0,import_2024,mise à l'arche,mise à l'arche,Mise à l'arche,Mise à l'arche
1437,2024-03-24,L13,Four 1,Changement de support de gonflage,gonflage,Section n°6,20.0,import_2024,section n°6,gonflage,Section n°6,gonflage
1438,2024-03-25,L13,Four 1,Serrage d'adapteur,adapteur,Section n°2,15.0,import_2024,section n°2,adapteur,Section n°2,adapteur
1439,2024-03-25,L13,Four 1,Changement de déflecteur,déflecteur,Section n°2,10.0,import_2024,section n°2,déflecteur,Section n°2,déflecteur
1440,2024-03-25,L13,Four 1,Serrage des vis d'écahpement tete de compression,compression,Section n°1,20.0,import_2024,section n°1,compression,Section n°1,compression
1441,2024-03-25,L13,Four 1,Changement rippeur,rippeur,Section n°3,10.0,import_2024,section n°3,rippeur,Section n°3,rippeur
1442,2024-03-26,L13,Four 1,Réglage de mouvement rippeur,rippeur,Section n°1,10.0,import_2024,section n°1,rippeur,Section n°1,rippeur
1443,2024-03-26,L13,Four 1,Serrage d'adapteur,adapteur,Section n°4,10.0,import_2024,section n°4,adapteur,Section n°4,adapteur
1444,2024-03-28,L13,Four 1,Changement de distributeur boite à valve bras transfert,bras de transfert,Section n°7,80.0,import_2024,section n°7,bras de transfert,Section n°7,bras de transfert
1445,2024-03-28,L13,Four 1,Changement et mise a niveau bras transfert,bras de transfert,Section n°7,30.0,import_2024,section n°7,bras de transfert,Section n°7,bras de transfert
1446,2024-03-29,L13,Four 1,Changement d'adapteur,adapteur,Section n°6,20.0,import_2024,section n°6,adapteur,Section n°6,adapteur
1447,2024-03-30,L13,Four 1,Serrage d'adapteur,adapteur,Section n°9,20.0,import_2024,section n°9,adapteur,Section n°9,adapteur
1448,2024-03-31,L13,Four 1,Changement d'adapteur,adapteur,Section n°9,30.0,import_2024,section n°9,adapteur,Section n°9,adapteur
1449,2024-03-31,L13,Four 1,Réglage fermeture charnières ébaucheurs,charniéres,Section n°5,30.0,import_2024,section n°5,charniéres,Section n°5,charniéres
1450,2024-03-31,L13,Four 1,Variation de montée poinçon,poincon,Section n°8,25.0,import_2024,section n°8,poincon,Section n°8,poincon
1451,2024-04-03,L13,Four 1,Changement des charnières ébaucheurs,charniéres,Section n°8,20.0,import_2024,section n°8,charniéres,Section n°8,charniéres
1452,2024-04-03,L13,Four 1,Changement et mise à niveau du bras transfert,bras de transfert,Section n°10,30.0,import_2024,section n°10,bras de transfert,Section n°10,bras de transfert
1453,2024-04-04,L13,Four 1,Réparation de Verti-Flow,verti-flow,Section n°9,10.0,import_2024,section n°9,verti-flow,Section n°9,verti-flow
1454,2024-04-04,L13,Four 1,Réparation de Verti-Flow,verti-flow,Section n°10,10.0,import_2024,section n°10,verti-flow,Section n°10,verti-flow
1455,2024-04-05,L13,Four 1,Réglage ventilation,ventilation,Section n°7,10.0,import_2024,section n°7,ventilation,Section n°7,ventilation
1456,2024-04-05,L13,Four 1,Réglage ventilation,ventilation,Section n°8,10.0,import_2024,section n°8,ventilation,Section n°8,ventilation
1457,2024-04-05,L13,Four 1,Réparation de Verti-Flow,verti-flow,Section n°2,45.0,import_2024,section n°2,verti-flow,Section n°2,verti-flow
1458,2024-04-05,L13,Four 1,Changement rippeur,rippeur,Section n°5,30.0,import_2024,section n°5,rippeur,Section n°5,rippeur
1459,2024-04-05,L13,Four 1,Changement support de gonflage,gonflage,Section n°3,15.0,import_2024,section n°3,gonflage,Section n°3,gonflage
1460,2024-04-05,L13,Four 1,Changement rippeur,rippeur,Section n°4,35.0,import_2024,section n°4,rippeur,Section n°4,rippeur
1461,2024-04-05,L13,Four 1,Changement distributeur ripeur,rippeur,Section n°8,30.0,import_2024,section n°8,rippeur,Section n°8,rippeur
1462,2024-04-06,L13,Four 1,Problème de compression,compression,Section n°1,195.0,import_2024,section n°1,compression,Section n°1,compression
1463,2024-04-06,L13,Four 1,Changement de rondelle d'écoullement,rondelle,Machine,100.0,import_2024,machine,rondelle,Machine,rondelle
1464,2024-04-06,L13,Four 1,Réparation de ventilation,ventilation,Section n°8,150.0,import_2024,section n°8,ventilation,Section n°8,ventilation
1465,2024-04-06,L13,Four 1,Réparation de ventilation,ventilation,Section n°9,150.0,import_2024,section n°9,ventilation,Section n°9,ventilation
1466,2024-04-06,L13,Four 1,Changement de cartouche poinçon,poincon,Section n°8,60.0,import_2024,section n°8,poincon,Section n°8,poincon
1467,2024-04-06,L13,Four 1,Changement bras de transfert,bras de transfert,Section n°1,20.0,import_2024,section n°1,bras de transfert,Section n°1,bras de transfert
1468,2024-04-07,L13,Four 1,Réglage de ventilation MDB,ventilation,Section n°1,15.0,import_2024,section n°1,ventilation,Section n°1,ventilation
1469,2024-04-07,L13,Four 1,Réglage de ventilation MDB,ventilation,Section n°2,15.0,import_2024,section n°2,ventilation,Section n°2,ventilation
1470,2024-04-07,L13,Four 1,Changement bras de transfert,bras de transfert,Section n°1,15.0,import_2024,section n°1,bras de transfert,Section n°1,bras de transfert
1471,2024-04-13,L13,Four 1,Mauvaise fonctionnement de rippeur,rippeur,Section n°1,50.0,import_2024,section n°1,rippeur,Section n°1,rippeur
1472,2024-04-13,L13,Four 1,Mauvaise fonctinnement du bras Take-Out,take-out,Section n°2,60.0,import_2024,section n°2,take-out,Section n°2,take-out
1473,2024-04-15,L13,Four 1,Changement de cartouche d'entonnoir,entonnoir,Section n°2,90.0,import_2024,section n°2,entonnoir,Section n°2,entonnoir
1474,2024-04-15,L13,Four 1,Changement de ripeur,rippeur,Section n°5,30.0,import_2024,section n°5,rippeur,Section n°5,rippeur
1475,2024-04-15,L13,Four 1,Changement de ripeur,rippeur,Section n°8,30.0,import_2024,section n°8,rippeur,Section n°8,rippeur
1476,2024-04-15,L13,Four 1,Changement de ripeur,rippeur,Section n°1,15.0,import_2024,section n°1,rippeur,Section n°1,rippeur
1477,2024-04-15,L13,Four 1,Changement support de gonflage,gonflage,Section n°2,10.0,import_2024,section n°2,gonflage,Section n°2,gonflage
1478,2024-04-18,L13,Four 1,Mauvaise fonctionnement de ripeur,rippeur,Section n°1,15.0,import_2024,section n°1,rippeur,Section n°1,rippeur
1479,2024-04-21,L13,Four 1,Serrage d'adapteur,adapteur,Section n°9,20.0,import_2024,section n°9,adapteur,Section n°9,adapteur
1480,2024-04-22,L13,Four 1,Changement bras de transfert,bras de transfert,Section n°5,10.0,import_2024,section n°5,bras de transfert,Section n°5,bras de transfert
1481,2024-04-22,L13,Four 1,Changement bras de transfert,bras de transfert,Section n°1,10.0,import_2024,section n°1,bras de transfert,Section n°1,bras de transfert
1482,2024-04-22,L13,Four 1,Changement bras de transfert,bras de transfert,Section n°2,20.0,import_2024,section n°2,bras de transfert,Section n°2,bras de transfert
1483,2024-04-22,L13,Four 1,Changement de cartouche boite à valve entonoire,entonnoir,Section n°2,20.0,import_2024,section n°2,entonnoir,Section n°2,entonnoir
1484,2024-04-23,L13,Four 1,Changement bras de transfert,bras de transfert,Section n°8,10.0,import_2024,section n°8,bras de transfert,Section n°8,bras de transfert
1485,2024-04-25,L13,Four 1,Changement bras de transfert,bras de transfert,Section n°8,15.0,import_2024,section n°8,bras de transfert,Section n°8,bras de transfert
1486,2024-04-25,L13,Four 1,Changement d'adapteur noyau,adapteur,Section n°1,30.0,import_2024,section n°1,adapteur,Section n°1,adapteur
1487,2024-04-26,L13,Four 1,Changement bras de transfert,bras de transfert,Section n°5,10.0,import_2024,section n°5,bras de transfert,Section n°5,bras de transfert
1488,2024-04-26,L13,Four 1,Changement des vis de chargement,vis de chargement,Section n°2,20.0,import_2024,section n°2,vis de chargement,Section n°2,vis de chargement
1489,2024-04-26,L13,Four 1,Changement bras de transfert,bras de transfert,Section n°2,10.0,import_2024,section n°2,bras de transfert,Section n°2,bras de transfert
1490,2024-04-26,L13,Four 1,Changement bras de transfert,bras de transfert,Section n°5,15.0,import_2024,section n°5,bras de transfert,Section n°5,bras de transfert
1491,2024-04-26,L13,Four 1,Mise a niveau de coté finisseur,Section n°5,Section n°5,5.0,import_2024,section n°5,section n°5,Section n°5,Section n°5
1492,2024-04-26,L13,Four 1,Changement de support tete de compression,compression,Section n°5,10.0,import_2024,section n°5,compression,Section n°5,compression
1493,2024-04-27,L13,Four 1,Problème d'entonnoire,entonnoir,Section n°2,40.0,import_2024,section n°2,entonnoir,Section n°2,entonnoir
1494,2024-04-27,L13,Four 1,Changement bras de transfert,bras de transfert,Section n°2,15.0,import_2024,section n°2,bras de transfert,Section n°2,bras de transfert
1495,2024-04-28,L13,Four 1,Mauvaise fonctionnement de ripeur,rippeur,Section n°2,25.0,import_2024,section n°2,rippeur,Section n°2,rippeur
1496,2024-04-28,L13,Four 1,Mauvaise fonctionnement de ripeur,rippeur,Section n°5,40.0,import_2024,section n°5,rippeur,Section n°5,rippeur
1497,2024-04-28,L13,Four 1,Changement des charnières,charniéres,Section n°2,15.0,import_2024,section n°2,charniéres,Section n°2,charniéres
1498,2024-04-28,L13,Four 1,Changement du bras transfert,bras de transfert,Section n°8,15.0,import_2024,section n°8,bras de transfert,Section n°8,bras de transfert
1499,2024-04-28,L13,Four 1,Ajustement de niveau du bras transfert,bras de transfert,Section n°2,5.0,import_2024,section n°2,bras de transfert,Section n°2,bras de transfert
1500,2024-04-28,L13,Four 1,Ajustement de niveau du bras Take-Out,take-out,Section n°2,5.0,import_2024,section n°2,take-out,Section n°2,take-out
1501,2024-04-29,L13,Four 1,Manque d'eau de refroidissement Scoop,Scoop,Scoop,90.0,import_2024,scoop,scoop,scoop,scoop
1502,2024-04-29,L13,Four 1,Endommagement des lames ciseaux suite au manque d'eau de refroidissment ciseaux,Mécanisme ciseaux,Ciseaux,165.0,import_2024,ciseaux,mécanisme ciseaux,Ciseaux,Mécanisme ciseaux
1503,2024-04-30,L13,Four 1,Changementt des charnières,charniéres,Section n°2,15.0,import_2024,section n°2,charniéres,Section n°2,charniéres
1504,2024-04-30,L13,Four 1,Réglage de mécanisme support d'entonnoire,entonnoir,Section n°2,60.0,import_2024,section n°2,entonnoir,Section n°2,entonnoir
1505,2024-04-30,L13,Four 1,Changement du bras Take-Out,take-out,Section n°4,20.0,import_2024,section n°4,take-out,Section n°4,take-out
1506,2024-04-30,L13,Four 1,Changement des charnières ébaucheurs,charniéres,Section n°2,15.0,import_2024,section n°2,charniéres,Section n°2,charniéres
1507,2024-04-30,L13,Four 1,Changement du bras transfert,bras de transfert,Section n°2,15.0,import_2024,section n°2,bras de transfert,Section n°2,bras de transfert
1508,2024-04-30,L13,Four 1,Manque d'eau de refroidissement,Mécanisme ciseaux,Ciseaux,20.0,import_2024,ciseaux,mécanisme ciseaux,Ciseaux,Mécanisme ciseaux
1509,2024-05-01,L13,Four 1,Changement du bras transfert,bras de transfert,Section n°2,10.0,import_2024,section n°2,bras de transfert,Section n°2,bras de transfert
1510,2024-05-02,L13,Four 1,Ajustement de mouvement support d'entonoire,entonnoir,Section n°2,15.0,import_2024,section n°2,entonnoir,Section n°2,entonnoir
1511,2024-05-03,L13,Four 1,Changement du boite à valve et support Take-Out,take-out,Section n°4,70.0,import_2024,section n°4,take-out,Section n°4,take-out
1512,2024-05-03,L13,Four 1,Manque de support d'entonoire,entonnoir,Section n°2,25.0,import_2024,section n°2,entonnoir,Section n°2,entonnoir
1513,2024-05-04,L13,Four 1,Problème d'entonoire,entonnoir,Section n°2,25.0,import_2024,section n°2,entonnoir,Section n°2,entonnoir
1514,2024-05-05,L13,Four 1,convoyeur mise à l'arche,Mise à l'arche,Convoyeur mise a l'arche,30.0,import_2024,convoyeur mise a l'arche,mise à l'arche,convoyeur mise a l'arche,Mise à l'arche
1515,2024-05-07,L13,Four 1,ATC,transfert,ATC,5.0,import_2024,atc,transfert,ATC,Transfert
1516,2024-05-08,L13,Four 1,Mauvaise fonctionnement de ripeur,rippeur,Section n°5,30.0,import_2024,section n°5,rippeur,Section n°5,rippeur
1517,2024-05-08,L13,Four 1,Ajustement de niveau du bras transfert,bras de transfert,Section n°9,10.0,import_2024,section n°9,bras de transfert,Section n°9,bras de transfert
1518,2024-05-09,L13,Four 1,convoyeur mise à l'arche,Convoyeur mise a l'arche,Convoyeur mise a l'arche,20.0,import_2024,convoyeur mise a l'arche,convoyeur mise a l'arche,convoyeur mise a l'arche,convoyeur mise a l'arche
1519,2024-05-12,L13,Four 1,Mauvaise fonctionnement de ripeur,rippeur,Section n°1,15.0,import_2024,section n°1,rippeur,Section n°1,rippeur
1520,2024-05-12,L13,Four 1,Changement du bras transfert,bras de transfert,Section n°7,10.0,import_2024,section n°7,bras de transfert,Section n°7,bras de transfert
1521,2024-05-13,L13,Four 1,Changement charniéres,charniéres,Section n°4,30.0,import_2024,section n°4,charniéres,Section n°4,charniéres
1522,2024-05-13,L13,Four 1,Mauvaise fonctionnement de ripeur,rippeur,Section n°1,80.0,import_2024,section n°1,rippeur,Section n°1,rippeur
1523,2024-05-13,L13,Four 1,Mauvaise fonctionnement de ripeur,rippeur,Section n°5,15.0,import_2024,section n°5,rippeur,Section n°5,rippeur
1524,2024-05-13,L13,Four 1,Mauvaise fonctionnement de ripeur,rippeur,Section n°6,15.0,import_2024,section n°6,rippeur,Section n°6,rippeur
1525,2024-05-13,L13,Four 1,Mauvaise fonctionnement de ripeur,rippeur,Section n°7,15.0,import_2024,section n°7,rippeur,Section n°7,rippeur
1526,2024-05-13,L13,Four 1,Changement de ventilation moule de bague,ventilation,Section n°1,10.0,import_2024,section n°1,ventilation,Section n°1,ventilation
1527,2024-05-13,L13,Four 1,Changement de ventilation moule de bague,ventilation,Section n°2,10.0,import_2024,section n°2,ventilation,Section n°2,ventilation
1528,2024-05-14,L13,Four 1,Mauvaise fonctionnement de ripeur,rippeur,Section n°1,40.0,import_2024,section n°1,rippeur,Section n°1,rippeur
1529,2024-05-14,L13,Four 1,Mauvaise fonctionnement de ripeur,rippeur,Section n°1,20.0,import_2024,section n°1,rippeur,Section n°1,rippeur
1530,2024-05-14,L13,Four 1,Panne éléctrique,AEE,Section n°7,20.0,import_2024,section n°7,aee,Section n°7,AEE
1531,2024-05-17,L13,Four 1,Mise a l'arche,Mise à l'arche,Mise à l'arche,16.0,import_2024,mise à l'arche,mise à l'arche,Mise à l'arche,Mise à l'arche
1532,2024-05-18,L13,Four 1,Variation de mouvement de mécanisme entonnoire,entonnoir,Section n°2,60.0,import_2024,section n°2,entonnoir,Section n°2,entonnoir
1533,2024-05-18,L13,Four 1,Changement de ripeur,rippeur,Section n°1,20.0,import_2024,section n°1,rippeur,Section n°1,rippeur
1534,2024-05-19,L13,Four 1,Mise a l'arche,Mise à l'arche,Mise à l'arche,15.0,import_2024,mise à l'arche,mise à l'arche,Mise à l'arche,Mise à l'arche
1535,2024-05-19,L13,Four 1,Mauvaise fonctionnement de ripeur,rippeur,Section n°1,15.0,import_2024,section n°1,rippeur,Section n°1,rippeur
1536,2024-05-20,L13,Four 1,Mise a l'arche,Mise à l'arche,Mise à l'arche,10.0,import_2024,mise à l'arche,mise à l'arche,Mise à l'arche,Mise à l'arche
1537,2024-05-20,L13,Four 1,Manque d'eau de refroidissement ciseaux,Mécanisme ciseaux,Ciseaux,5.0,import_2024,ciseaux,mécanisme ciseaux,Ciseaux,Mécanisme ciseaux
1538,2024-05-21,L13,Four 1,Mauvaise fonctionnement de ripeur,rippeur,Section n°1,20.0,import_2024,section n°1,rippeur,Section n°1,rippeur
1539,2024-05-22,L13,Four 1,Mauvaise fonctionnement de ripeur,rippeur,Section n°1,20.0,import_2024,section n°1,rippeur,Section n°1,rippeur
1540,2024-05-22,L13,Four 1,Mauvaise fonctionnement de ripeur,rippeur,Section n°1,25.0,import_2024,section n°1,rippeur,Section n°1,rippeur
1541,2024-05-22,L13,Four 1,Changement des charnières,charniéres,Section n°1,20.0,import_2024,section n°1,charniéres,Section n°1,charniéres
1542,2024-05-23,L13,Four 1,Chute de courant,AEE,Machine,150.0,import_2024,machine,aee,Machine,AEE
1543,2024-05-24,L13,Four 1,Mauvaise fonctionnement de ripeur,rippeur,Section n°1,30.0,import_2024,section n°1,rippeur,Section n°1,rippeur
1544,2024-05-24,L13,Four 1,Mauvaise fonctionnement de ripeur,rippeur,Section n°1,20.0,import_2024,section n°1,rippeur,Section n°1,rippeur
1545,2024-05-25,L13,Four 1,Mise a l'arche,Mise à l'arche,Mise à l'arche,15.0,import_2024,mise à l'arche,mise à l'arche,Mise à l'arche,Mise à l'arche
1546,2024-05-26,L13,Four 1,Manque d'eau de refroidissement ciseaux,Mécanisme ciseaux,Ciseaux,60.0,import_2024,ciseaux,mécanisme ciseaux,Ciseaux,Mécanisme ciseaux
1547,2024-05-28,L13,Four 1,Changement de ventilation MDB,ventilation,Section n°2,15.0,import_2024,section n°2,ventilation,Section n°2,ventilation
1548,2024-05-28,L13,Four 1,Changement de ventilation MDB,ventilation,Section n°3,15.0,import_2024,section n°3,ventilation,Section n°3,ventilation
1549,2024-05-28,L13,Four 1,Changement de ventilation MDB,ventilation,Section n°6,20.0,import_2024,section n°6,ventilation,Section n°6,ventilation
1550,2024-05-28,L13,Four 1,Changement de ventilation MDB,ventilation,Section n°7,20.0,import_2024,section n°7,ventilation,Section n°7,ventilation
1551,2024-05-28,L13,Four 1,Serrage d'adapteur,adapteur,Section n°8,15.0,import_2024,section n°8,adapteur,Section n°8,adapteur
1552,2024-05-28,L13,Four 1,Serrage d'adapteur,adapteur,Section n°8,15.0,import_2024,section n°8,adapteur,Section n°8,adapteur
1553,2024-05-28,L13,Four 1,Serrage d'adapteur,adapteur,Section n°9,15.0,import_2024,section n°9,adapteur,Section n°9,adapteur
1554,2024-05-30,L13,Four 1,Convoyeur mise a l'arche,Convoyeur mise a l'arche,Convoyeur mise a l'arche,5.0,import_2024,convoyeur mise a l'arche,convoyeur mise a l'arche,convoyeur mise a l'arche,convoyeur mise a l'arche
1555,2024-05-30,L13,Four 1,Serrage d'adapteur,adapteur,Section n°7,20.0,import_2024,section n°7,adapteur,Section n°7,adapteur
1556,2024-05-31,L13,Four 1,Changement de boutton de commande,boutton de commande,Section n°9,15.0,import_2024,section n°9,boutton de commande,Section n°9,boutton de commande
1557,2024-05-31,L13,Four 1,Mauvaise fonctionnement de ripeur,rippeur,Section n°5,10.0,import_2024,section n°5,rippeur,Section n°5,rippeur
1558,2024-06-01,L13,Four 1,Changement de distributeur,distributeur,Section n°4,30.0,import_2024,section n°4,distributeur,Section n°4,Distributeur
1559,2024-06-01,L13,Four 1,Changement rippeur,rippeur,Section n°4,30.0,import_2024,section n°4,rippeur,Section n°4,rippeur
1560,2024-06-01,L13,Four 1,Changement rippeur,rippeur,Section n°3,15.0,import_2024,section n°3,rippeur,Section n°3,rippeur
1561,2024-06-01,L13,Four 1,Changement du bras Take-out,take-out,Section n°3,10.0,import_2024,section n°3,take-out,Section n°3,take-out
1562,2024-06-02,L13,Four 1,Changement de flexible,flexible,Section n°2,10.0,import_2024,section n°2,flexible,Section n°2,flexible
1563,2024-06-02,L13,Four 1,Serrage d'adapteur poinçon,poincon,Section n°9,15.0,import_2024,section n°9,poincon,Section n°9,poincon
1564,2024-06-02,L13,Four 1,Mauvaise fonctionnement de ripeur,rippeur,Section n°4,15.0,import_2024,section n°4,rippeur,Section n°4,rippeur
1565,2024-06-02,L13,Four 1,Changement bras de transfert,bras de transfert,Section n°6,15.0,import_2024,section n°6,bras de transfert,Section n°6,bras de transfert
1566,2024-06-03,L13,Four 1,Changement rippeur,rippeur,Section n°5,15.0,import_2024,section n°5,rippeur,Section n°5,rippeur
1567,2024-06-03,L13,Four 1,Changement rippeur,rippeur,Section n°4,10.0,import_2024,section n°4,rippeur,Section n°4,rippeur
1568,2024-06-03,L13,Four 1,Changement rippeur,rippeur,Section n°6,10.0,import_2024,section n°6,rippeur,Section n°6,rippeur
1569,2024-06-03,L13,Four 1,Mauvaise fonctionnement de ripeur,rippeur,Section n°5,30.0,import_2024,section n°5,rippeur,Section n°5,rippeur
1570,2024-06-03,L13,Four 1,Serrage d'adapteur poinçon,poincon,Section n°7,10.0,import_2024,section n°7,poincon,Section n°7,poincon
1571,2024-06-04,L13,Four 1,Serrage d'adapteur poinçon,poincon,Section n°6,15.0,import_2024,section n°6,poincon,Section n°6,poincon
1572,2024-06-04,L13,Four 1,Changement d'entennoir,entonnoir,Section n°5,10.0,import_2024,section n°5,entonnoir,Section n°5,entonnoir
1573,2024-06-07,L13,Four 1,Mauvaise fonctionnement de ripeur,rippeur,Section n°5,40.0,import_2024,section n°5,rippeur,Section n°5,rippeur
1574,2024-06-07,L13,Four 1,Cantrage de support d'entonnoire,entonnoir,Section n°5,20.0,import_2024,section n°5,entonnoir,Section n°5,entonnoir
1575,2024-06-07,L13,Four 1,Changement rippeur,rippeur,Section n°3,15.0,import_2024,section n°3,rippeur,Section n°3,rippeur
1576,2024-06-07,L13,Four 1,Changement de cartouche poinçon,poincon,Section n°2,20.0,import_2024,section n°2,poincon,Section n°2,poincon
1577,2024-06-10,L13,Four 1,Décalage poids,Poids,Machine,10.0,import_2024,machine,poids,Machine,Poids
1578,2024-06-10,L13,Four 1,Mauvaise fonctionnement de ripeur,rippeur,Section n°5,15.0,import_2024,section n°5,rippeur,Section n°5,rippeur
1579,2024-06-10,L13,Four 1,Mauvaise fonctionnement de ripeur,rippeur,Section n°5,30.0,import_2024,section n°5,rippeur,Section n°5,rippeur
1580,2024-06-11,L13,Four 1,Serrage d'adapteur poinçon,poincon,Section n°6,20.0,import_2024,section n°6,poincon,Section n°6,poincon
1581,2024-06-11,L13,Four 1,Changement de support compression,compression,Section n°5,15.0,import_2024,section n°5,compression,Section n°5,compression
1582,2024-06-11,L13,Four 1,Changement bras de transfert,bras de transfert,Section n°2,15.0,import_2024,section n°2,bras de transfert,Section n°2,bras de transfert
1583,2024-06-12,L13,Four 1,Serrage d'adapteur poinçon,poincon,Section n°4,15.0,import_2024,section n°4,poincon,Section n°4,poincon
1584,2024-06-12,L13,Four 1,Changement de support compression,compression,Section n°5,30.0,import_2024,section n°5,compression,Section n°5,compression
1585,2024-06-12,L13,Four 1,Serrage d'adapteur,adapteur,Section n°7,15.0,import_2024,section n°7,adapteur,Section n°7,adapteur
1586,2024-06-12,L13,Four 1,Décalage goutte,décalage goutte,Machine,15.0,import_2024,machine,décalage goutte,Machine,décalage goutte
1587,2024-06-13,L13,Four 1,Changement bras de transfert,bras de transfert,Section n°9,15.0,import_2024,section n°9,bras de transfert,Section n°9,bras de transfert
1588,2024-06-13,L13,Four 1,Serrage d'adapteur poinçon,poincon,Section n°9,5.0,import_2024,section n°9,poincon,Section n°9,poincon
1589,2024-06-13,L13,Four 1,Changement cylindre,cylindre,Section n°9,30.0,import_2024,section n°9,cylindre,Section n°9,cylindre
1590,2024-06-13,L13,Four 1,Décalage poids,Poids,Machine,10.0,import_2024,machine,poids,Machine,Poids
1591,2024-06-16,L13,Four 1,Changement rippeur,rippeur,Section n°2,15.0,import_2024,section n°2,rippeur,Section n°2,rippeur
1592,2024-06-18,L13,Four 1,Serrage d'adapteur,adapteur,Section n°10,10.0,import_2024,section n°10,adapteur,Section n°10,adapteur
1593,2024-06-18,L13,Four 1,Mauvaise fonctionnement de ripeur,rippeur,Section n°2,10.0,import_2024,section n°2,rippeur,Section n°2,rippeur
1594,2024-06-18,L13,Four 1,Décalage poids,Poids,Machine,8.0,import_2024,machine,poids,Machine,Poids
1595,2024-06-19,L13,Four 1,Changement rippeur,rippeur,Section n°2,15.0,import_2024,section n°2,rippeur,Section n°2,rippeur
1596,2024-06-19,L13,Four 1,Serrage d'adapteur poinçon,poincon,Section n°9,10.0,import_2024,section n°9,poincon,Section n°9,poincon
1597,2024-06-20,L13,Four 1,Serrage d'adapteur poinçon,poincon,Section n°4,10.0,import_2024,section n°4,poincon,Section n°4,poincon
1598,2024-06-20,L13,Four 1,Changement du bras Take-Out,take-out,Section n°3,15.0,import_2024,section n°3,take-out,Section n°3,take-out
1599,2024-06-20,L13,Four 1,Manque d'eau de refroidissement scoop,Scoop,Scoop,25.0,import_2024,scoop,scoop,scoop,scoop
1600,2024-06-22,L13,Four 1,Mise a l'arche,Mise à l'arche,Mise à l'arche,20.0,import_2024,mise à l'arche,mise à l'arche,Mise à l'arche,Mise à l'arche
1601,2024-06-22,L13,Four 1,changement mécanisme de percage,percage,Section n°10,45.0,import_2024,section n°10,percage,Section n°10,percage
1602,2024-06-22,L13,Four 1,Serrage d'adapteur,adapteur,Section n°2,20.0,import_2024,section n°2,adapteur,Section n°2,adapteur
1603,2024-06-22,L13,Four 1,Serrage d'adapteur,adapteur,Section n°10,20.0,import_2024,section n°10,adapteur,Section n°10,adapteur
1604,2024-06-22,L13,Four 1,Mauvaise fonctionnement de ripeur,rippeur,Section n°1,5.0,import_2024,section n°1,rippeur,Section n°1,rippeur
1605,2024-06-22,L13,Four 1,Mauvaise fonctionnement de ripeur,rippeur,Section n°4,5.0,import_2024,section n°4,rippeur,Section n°4,rippeur
1606,2024-06-22,L13,Four 1,Mauvaise fonctionnement de ripeur,rippeur,Section n°5,5.0,import_2024,section n°5,rippeur,Section n°5,rippeur
1607,2024-06-23,L13,Four 1,Mauvaise fonctionnement de ripeur,rippeur,Section n°1,10.0,import_2024,section n°1,rippeur,Section n°1,rippeur
1608,2024-06-23,L13,Four 1,Mauvaise fonctionnement de ripeur,rippeur,Section n°4,15.0,import_2024,section n°4,rippeur,Section n°4,rippeur
1609,2024-06-23,L13,Four 1,Mauvaise fonctionnement de ripeur,rippeur,Section n°5,20.0,import_2024,section n°5,rippeur,Section n°5,rippeur
1610,2024-06-23,L13,Four 1,Mauvaise fonctionnement de ripeur,rippeur,Section n°7,10.0,import_2024,section n°7,rippeur,Section n°7,rippeur
1611,2024-06-23,L13,Four 1,Mauvaise fonctionnement de ripeur,rippeur,Section n°2,20.0,import_2024,section n°2,rippeur,Section n°2,rippeur
1612,2024-06-23,L13,Four 1,Coincement de poincon,poincon,Section n°6,25.0,import_2024,section n°6,poincon,Section n°6,poincon
1613,2024-06-23,L13,Four 1,réparation ripeur,rippeur,Section n°5,25.0,import_2024,section n°5,rippeur,Section n°5,rippeur
1614,2024-06-24,L13,Four 1,Mise a l'arche,Mise à l'arche,Mise à l'arche,5.0,import_2024,mise à l'arche,mise à l'arche,Mise à l'arche,Mise à l'arche
1615,2024-06-24,L13,Four 1,Changement des charnières finisseurs et bielles,charniéres,Section n°4,15.0,import_2024,section n°4,charniéres,Section n°4,charniéres
1616,2024-06-24,L13,Four 1,Changement des axes et bielles,bielles,Section n°6,10.0,import_2024,section n°6,bielles,Section n°6,bielles
1617,2024-06-24,L13,Four 1,Réglage support de compression,compression,Section n°1,30.0,import_2024,section n°1,compression,Section n°1,compression
1618,2024-06-25,L13,Four 1,Mauvaise fonctionnement de ripeur,rippeur,Section n°5,50.0,import_2024,section n°5,rippeur,Section n°5,rippeur
1619,2024-06-25,L13,Four 1,Dressage cartouche poincon,poincon,Section n°7,90.0,import_2024,section n°7,poincon,Section n°7,poincon
1620,2024-06-25,L13,Four 1,Changement bras de transfert,bras de transfert,Section n°2,30.0,import_2024,section n°2,bras de transfert,Section n°2,bras de transfert
1621,2024-05-26,L13,Four 1,Serrage d'adapteur,adapteur,Section n°3,15.0,import_2024,section n°3,adapteur,Section n°3,adapteur
1622,2024-05-26,L13,Four 1,Mauvaise fonctionnement de ripeur,rippeur,Section n°3,45.0,import_2024,section n°3,rippeur,Section n°3,rippeur
1623,2024-05-26,L13,Four 1,Mauvaise fonctionnement de ripeur,rippeur,Section n°4,20.0,import_2024,section n°4,rippeur,Section n°4,rippeur
1624,2024-05-26,L13,Four 1,Mauvaise fonctionnement de ripeur,rippeur,Section n°2,35.0,import_2024,section n°2,rippeur,Section n°2,rippeur
1625,2024-05-26,L13,Four 1,Changement cartouche noyau,noyau,Section n°5,30.0,import_2024,section n°5,noyau,Section n°5,noyau
1626,2024-05-26,L13,Four 1,Variation de mouvement des pinçettes,pincettes,Section n°3,50.0,import_2024,section n°3,pincettes,Section n°3,pincettes
1627,2024-05-26,L13,Four 1,Serrage d'adapteur,adapteur,Section n°1,15.0,import_2024,section n°1,adapteur,Section n°1,adapteur
1628,2024-06-27,L13,Four 1,Changement du bras Take-Out,take-out,Section n°3,25.0,import_2024,section n°3,take-out,Section n°3,take-out
1629,2024-06-27,L13,Four 1,Serrage d'adapteur,adapteur,Section n°4,10.0,import_2024,section n°4,adapteur,Section n°4,adapteur
1630,2024-06-27,L13,Four 1,Serrage d'adapteur,adapteur,Section n°6,15.0,import_2024,section n°6,adapteur,Section n°6,adapteur
1631,2024-06-27,L13,Four 1,Ripeur,rippeur,Section n°4,15.0,import_2024,section n°4,rippeur,Section n°4,rippeur
1632,2024-06-27,L13,Four 1,Ripeur,rippeur,Section n°4,30.0,import_2024,section n°4,rippeur,Section n°4,rippeur
1633,2024-06-28,L13,Four 1,Mauvaise fonctionnement de ripeur,rippeur,Section n°2,10.0,import_2024,section n°2,rippeur,Section n°2,rippeur
1634,2024-06-28,L13,Four 1,Mauvaise fonctionnement de ripeur,rippeur,Section n°4,10.0,import_2024,section n°4,rippeur,Section n°4,rippeur
1635,2024-06-28,L13,Four 1,Mauvaise fonctionnement de ripeur,rippeur,Section n°2,30.0,import_2024,section n°2,rippeur,Section n°2,rippeur
1636,2024-06-28,L13,Four 1,Mauvaise fonctionnement de ripeur,rippeur,Section n°2,15.0,import_2024,section n°2,rippeur,Section n°2,rippeur
1637,2024-06-29,L13,Four 1,Mauvaise fonctionnement de ripeur,rippeur,Section n°2,20.0,import_2024,section n°2,rippeur,Section n°2,rippeur
1638,2024-06-29,L13,Four 1,Mauvaise fonctionnement de ripeur,rippeur,Section n°4,40.0,import_2024,section n°4,rippeur,Section n°4,rippeur
1639,2024-06-29,L13,Four 1,Changement tete compresion,compression,Section n°1,20.0,import_2024,section n°1,compression,Section n°1,compression
1640,2024-06-29,L13,Four 1,Serrage d'adapteur,adapteur,Section n°8,15.0,import_2024,section n°8,adapteur,Section n°8,adapteur
1641,2024-06-30,L13,Four 1,Serrage d'adapteur,adapteur,Section n°3,10.0,import_2024,section n°3,adapteur,Section n°3,adapteur
1642,2024-06-30,L13,Four 1,Serrage d'adapteur,adapteur,Section n°5,15.0,import_2024,section n°5,adapteur,Section n°5,adapteur
1643,2024-06-30,L13,Four 1,Mauvaise fonctionnement de ripeur,rippeur,Section n°4,40.0,import_2024,section n°4,rippeur,Section n°4,rippeur
1644,2024-07-01,L13,Four 1,Serrage d'adapteur,adapteur,Section n°7,10.0,import_2024,section n°7,adapteur,Section n°7,adapteur
1645,2024-07-03,L13,Four 1,Serrage d'axe mécanisme tete de compression,compression,Section n°4,20.0,import_2024,section n°4,compression,Section n°4,compression
1646,2024-07-03,L13,Four 1,Changement rippeur,rippeur,Section n°10,10.0,import_2024,section n°10,rippeur,Section n°10,rippeur
1647,2024-07-03,L13,Four 1,serrage vis,serrage,Section n°7,15.0,import_2024,section n°7,serrage,Section n°7,serrage
1648,2024-07-03,L13,Four 1,Changement rippeur,rippeur,Section n°8,40.0,import_2024,section n°8,rippeur,Section n°8,rippeur
1649,2024-07-04,L13,Four 1,Serrage d'adapteur,adapteur,Section n°8,20.0,import_2024,section n°8,adapteur,Section n°8,adapteur
1650,2024-07-04,L13,Four 1,Mauvaise fonctionnement de ripeur,rippeur,Section n°1,30.0,import_2024,section n°1,rippeur,Section n°1,rippeur
1651,2024-07-04,L13,Four 1,Mauvaise fonctionnement de ripeur,rippeur,Section n°5,20.0,import_2024,section n°5,rippeur,Section n°5,rippeur
1652,2024-07-04,L13,Four 1,Mauvaise fonctionnement de ripeur,rippeur,Section n°8,30.0,import_2024,section n°8,rippeur,Section n°8,rippeur
1653,2024-07-07,L13,Four 1,Mauvaise fonctionnement de ripeur,rippeur,Section n°10,15.0,import_2024,section n°10,rippeur,Section n°10,rippeur
1654,2024-07-07,L13,Four 1,Mauvaise fonctionnement de ripeur,rippeur,Section n°9,15.0,import_2024,section n°9,rippeur,Section n°9,rippeur
1655,2024-07-07,L13,Four 1,Changement cartouche noyau,noyau,Section n°1,30.0,import_2024,section n°1,noyau,Section n°1,noyau
1656,2024-07-08,L13,Four 1,Mauvaise Verti-Flow,verti-flow,Section n°4,150.0,import_2024,section n°4,verti-flow,Section n°4,verti-flow
1657,2024-07-09,L13,Four 1,Manque de support d'entonnoir,entonnoir,Section n°5,30.0,import_2024,section n°5,entonnoir,Section n°5,entonnoir
1658,2024-07-09,L13,Four 1,Mauvaise fonctionnement de ripeur,rippeur,Section n°4,15.0,import_2024,section n°4,rippeur,Section n°4,rippeur
1659,2024-07-09,L13,Four 1,Changement du bras transfert,bras de transfert,Section n°2,15.0,import_2024,section n°2,bras de transfert,Section n°2,bras de transfert
1660,2024-07-09,L13,Four 1,Serrage de vis flasque cartouche poinçon,poincon,Section n°7,20.0,import_2024,section n°7,poincon,Section n°7,poincon
1661,2024-07-10,L13,Four 1,centrage support entennoir,entonnoir,Section n°2,60.0,import_2024,section n°2,entonnoir,Section n°2,entonnoir
1662,2024-07-10,L13,Four 1,AEE,AEE,Section n°6,60.0,import_2024,section n°6,aee,Section n°6,AEE
1663,2024-07-10,L13,Four 1,coupure de courant,Machine,coupure de courant,155.0,import_2024,coupure de courant,machine,coupure de courant,Machine
1664,2024-07-14,L13,Four 1,Verti-flow,verti-flow,Section n°1,10.0,import_2024,section n°1,verti-flow,Section n°1,verti-flow
1665,2024-07-14,L13,Four 1,Serrage adapteur,adapteur,Section n°7,15.0,import_2024,section n°7,adapteur,Section n°7,adapteur
1666,2024-07-14,L13,Four 1,centrage support entennoir,entonnoir,Section n°2,20.0,import_2024,section n°2,entonnoir,Section n°2,entonnoir
1667,2024-07-14,L13,Four 1,Flasque noyau,Flasque,Section n°5,15.0,import_2024,section n°5,flasque,Section n°5,Flasque
1668,2024-07-17,L13,Four 1,Mauvaise fonctionnement rippeur,rippeur,Section n°5,15.0,import_2024,section n°5,rippeur,Section n°5,rippeur
1669,2024-07-17,L13,Four 1,Mauvaise fonctionnement rippeur,rippeur,Section n°6,10.0,import_2024,section n°6,rippeur,Section n°6,rippeur
1670,2024-07-17,L13,Four 1,Mauvaise fonctionnement rippeur,rippeur,Section n°4,20.0,import_2024,section n°4,rippeur,Section n°4,rippeur
1671,2024-07-17,L13,Four 1,Manque verti-flow,verti-flow,Section n°4,20.0,import_2024,section n°4,verti-flow,Section n°4,verti-flow
1672,2024-07-17,L13,Four 1,changement bras de transfert,bras de transfert,Section n°2,30.0,import_2024,section n°2,bras de transfert,Section n°2,bras de transfert
1673,2024-07-17,L13,Four 1,changement d'ivertion,invertion,Section n°2,60.0,import_2024,section n°2,invertion,Section n°2,invertion
1674,2024-07-18,L13,Four 1,Mauvaise fonctionnement rippeur,rippeur,Section n°3,30.0,import_2024,section n°3,rippeur,Section n°3,rippeur
1675,2024-07-19,L13,Four 1,Support téte de compression,tete de compression,Section n°2,30.0,import_2024,section n°2,tete de compression,Section n°2,tete de compression
1676,2024-07-19,L13,Four 1,Mauvaise fonctionnement rippeur,rippeur,Section n°4,20.0,import_2024,section n°4,rippeur,Section n°4,rippeur
1677,2024-07-19,L13,Four 1,Mauvaise fonctionnement rippeur,rippeur,Section n°3,30.0,import_2024,section n°3,rippeur,Section n°3,rippeur
1678,2024-07-19,L13,Four 1,Mauvaise fonctionnement rippeur,rippeur,Section n°3,35.0,import_2024,section n°3,rippeur,Section n°3,rippeur
1679,2024-07-19,L13,Four 1,Mauvaise fonctionnement rippeur,rippeur,Section n°3,20.0,import_2024,section n°3,rippeur,Section n°3,rippeur
1680,2024-07-20,L13,Four 1,Mauvaise fonctionnement rippeur,rippeur,Section n°3,30.0,import_2024,section n°3,rippeur,Section n°3,rippeur
1681,2024-07-21,L13,Four 1,changement bras de transfert,bras de transfert,Section n°5,40.0,import_2024,section n°5,bras de transfert,Section n°5,bras de transfert
1682,2024-07-21,L13,Four 1,Mauvaise fonctionnement rippeur,rippeur,Section n°5,30.0,import_2024,section n°5,rippeur,Section n°5,rippeur
1683,2024-07-21,L13,Four 1,Mauvaise fonctionnement rippeur,rippeur,Section n°5,35.0,import_2024,section n°5,rippeur,Section n°5,rippeur
1684,2024-07-21,L13,Four 1,Mauvaise fonctionnement rippeur,rippeur,Section n°3,20.0,import_2024,section n°3,rippeur,Section n°3,rippeur
1685,2024-07-24,L13,Four 1,Mauvaise fonctionnement rippeur,rippeur,Section n°9,20.0,import_2024,section n°9,rippeur,Section n°9,rippeur
1686,2024-07-24,L13,Four 1,Support téte de gonflage,gonflage,Section n°9,15.0,import_2024,section n°9,gonflage,Section n°9,gonflage
1687,2024-07-24,L13,Four 1,changement tout les poincon et refroidesseur,poincon,Machine,5.0,import_2024,machine,poincon,Machine,poincon
1688,2024-07-24,L13,Four 1,Mauvaise recange take-out,take-out,Section n°9,45.0,import_2024,section n°9,take-out,Section n°9,take-out
1689,2024-07-25,L13,Four 1,Vis console,Console,Section n°4,20.0,import_2024,section n°4,console,Section n°4,Console
1690,2024-07-27,L13,Four 1,Mauvaise fonctionnement rippeur,rippeur,Section n°1,20.0,import_2024,section n°1,rippeur,Section n°1,rippeur
1691,2024-07-28,L13,Four 1,Changement bras de transfert,bras de transfert,Section n°1,60.0,import_2024,section n°1,bras de transfert,Section n°1,bras de transfert
1692,2024-07-28,L13,Four 1,Chnagement FPS,FPS,Section n°1,60.0,import_2024,section n°1,fps,Section n°1,FPS
1693,2024-07-28,L13,Four 1,changement poincon,Poincon,Section n°2,15.0,import_2024,section n°2,poincon,Section n°2,poincon
1694,2024-07-29,L13,Four 1,Variation montée poincon,Poincon,Section n°1,60.0,import_2024,section n°1,poincon,Section n°1,poincon
1695,2024-07-30,L13,Four 1,Mauvaise fonctionnement rippeur,rippeur,Section n°5,15.0,import_2024,section n°5,rippeur,Section n°5,rippeur
1696,2024-07-30,L13,Four 1,Variation montée poincon,Poincon,Section n°1,20.0,import_2024,section n°1,poincon,Section n°1,poincon
1697,2024-07-30,L13,Four 1,Changement bras de transfert,bras de transfert,Section n°1,10.0,import_2024,section n°1,bras de transfert,Section n°1,bras de transfert
1698,2024-07-30,L13,Four 1,Changement bras de transfert,bras de transfert,Section n°5,10.0,import_2024,section n°5,bras de transfert,Section n°5,bras de transfert
1699,2024-07-30,L13,Four 1,Mauvaise fonctionnement rippeur,rippeur,Section n°8,10.0,import_2024,section n°8,rippeur,Section n°8,rippeur
1700,2024-07-30,L13,Four 1,Mauvaise percage,Percage,Section n°1,90.0,import_2024,section n°1,percage,Section n°1,percage
1701,2024-07-30,L13,Four 1,Changement bras de transfert,bras de transfert,Section n°1,35.0,import_2024,section n°1,bras de transfert,Section n°1,bras de transfert
1702,2024-07-30,L13,Four 1,Ventillation,Ventillation,Section n°5,15.0,import_2024,section n°5,ventillation,Section n°5,ventillation
1703,2024-07-30,L13,Four 1,Ventillation,Ventillation,Section n°4,15.0,import_2024,section n°4,ventillation,Section n°4,ventillation
1704,2024-07-30,L13,Four 1,Ventillation,Ventillation,Section n°10,20.0,import_2024,section n°10,ventillation,Section n°10,ventillation
1705,2024-07-30,L13,Four 1,Changement cartouche poincon,Poincon,Section n°1,30.0,import_2024,section n°1,poincon,Section n°1,poincon
1706,2024-07-31,L13,Four 1,Chnagement FPS,FPS,Section n°5,40.0,import_2024,section n°5,fps,Section n°5,FPS
1707,2024-07-31,L13,Four 1,Variation montée poincon,Poincon,Section n°5,50.0,import_2024,section n°5,poincon,Section n°5,poincon
1708,2024-07-31,L13,Four 1,Changement bras de transfert,bras de transfert,Section n°2,15.0,import_2024,section n°2,bras de transfert,Section n°2,bras de transfert
1709,2024-07-31,L13,Four 1,Changement cylindre et FPS,FPS,Section n°5,120.0,import_2024,section n°5,fps,Section n°5,FPS
1710,2024-07-31,L13,Four 1,Mauvaise fonctionnement rippeur,rippeur,Section n°3,20.0,import_2024,section n°3,rippeur,Section n°3,rippeur
1711,2024-07-31,L13,Four 1,Changement bras de transfert,bras de transfert,Section n°1,15.0,import_2024,section n°1,bras de transfert,Section n°1,bras de transfert
1712,2024-07-31,L13,Four 1,Mauvaise fonctionnement rippeur,rippeur,Section n°4,15.0,import_2024,section n°4,rippeur,Section n°4,rippeur
1713,2024-08-01,L13,Four 1,Mauvaise fonctionnement rippeur,rippeur,Section n°4,45.0,import_2024,section n°4,rippeur,Section n°4,rippeur
1714,2024-08-01,L13,Four 1,Mauvaise fonctionnement rippeur,rippeur,Section n°3,45.0,import_2024,section n°3,rippeur,Section n°3,rippeur
1715,2024-08-01,L13,Four 1,Mauvaise fonctionnement rippeur,rippeur,Section n°5,45.0,import_2024,section n°5,rippeur,Section n°5,rippeur
1716,2024-08-01,L13,Four 1,Mauvaise fonctionnement rippeur,rippeur,Section n°10,45.0,import_2024,section n°10,rippeur,Section n°10,rippeur
1717,2024-08-01,L13,Four 1,Manque verti-flow,verti-flow,Section n°5,140.0,import_2024,section n°5,verti-flow,Section n°5,verti-flow
1718,2024-08-01,L13,Four 1,Mauvaise fonctionnement rippeur,rippeur,Section n°4,10.0,import_2024,section n°4,rippeur,Section n°4,rippeur
1719,2024-08-02,L13,Four 1,Mauvaise fonctionnement rippeur,rippeur,Section n°4,60.0,import_2024,section n°4,rippeur,Section n°4,rippeur
1720,2024-08-02,L13,Four 1,Mauvaise fonctionnement rippeur,rippeur,Section n°3,60.0,import_2024,section n°3,rippeur,Section n°3,rippeur
1721,2024-08-02,L13,Four 1,Mauvaise fonctionnement rippeur,rippeur,Section n°5,60.0,import_2024,section n°5,rippeur,Section n°5,rippeur
1722,2024-08-02,L13,Four 1,Mauvaise fonctionnement rippeur,rippeur,Section n°2,15.0,import_2024,section n°2,rippeur,Section n°2,rippeur
1723,2024-08-02,L13,Four 1,Mauvaise fonctionnement rippeur,rippeur,Section n°5,15.0,import_2024,section n°5,rippeur,Section n°5,rippeur
1724,2024-08-03,L13,Four 1,Mauvaise fonctionnement rippeur,rippeur,Section n°4,90.0,import_2024,section n°4,rippeur,Section n°4,rippeur
1725,2024-08-03,L13,Four 1,Mauvaise fonctionnement rippeur,rippeur,Section n°5,40.0,import_2024,section n°5,rippeur,Section n°5,rippeur
1726,2024-08-03,L13,Four 1,Variation montée poincon,poincon,Section n°1,120.0,import_2024,section n°1,poincon,Section n°1,poincon
1727,2024-08-04,L13,Four 1,Probléme percage,Percage,Section n°9,45.0,import_2024,section n°9,percage,Section n°9,percage
1728,2024-08-04,L13,Four 1,Probléme percage,Percage,Section n°2,45.0,import_2024,section n°2,percage,Section n°2,percage
1729,2024-08-04,L13,Four 1,Probléme percage,Percage,Section n°5,45.0,import_2024,section n°5,percage,Section n°5,percage
1730,2024-08-04,L13,Four 1,Probléme percage,Percage,Section n°6,45.0,import_2024,section n°6,percage,Section n°6,percage
1731,2024-08-04,L13,Four 1,Réparation ventilation MDB,ventilation,Section n°10,30.0,import_2024,section n°10,ventilation,Section n°10,ventilation
1732,2024-08-04,L13,Four 1,Réparation ventilation MDB,ventilation,Section n°9,30.0,import_2024,section n°9,ventilation,Section n°9,ventilation
1733,2024-08-04,L13,Four 1,Réparation ventilation MDB,ventilation,Section n°6,30.0,import_2024,section n°6,ventilation,Section n°6,ventilation
1734,2024-08-04,L13,Four 1,Réparation ventilation MDB,ventilation,Section n°5,30.0,import_2024,section n°5,ventilation,Section n°5,ventilation
1735,2024-08-04,L13,Four 1,Bras de transfert,bras de transfert,Section n°9,25.0,import_2024,section n°9,bras de transfert,Section n°9,bras de transfert
1736,2024-08-04,L13,Four 1,Bras de transfert,bras de transfert,Section n°1,15.0,import_2024,section n°1,bras de transfert,Section n°1,bras de transfert
1737,2024-08-04,L13,Four 1,Mauvaise fonctionnement rippeur,rippeur,Section n°3,20.0,import_2024,section n°3,rippeur,Section n°3,rippeur
1738,2024-08-04,L13,Four 1,Mauvaise fonctionnement rippeur,rippeur,Section n°5,20.0,import_2024,section n°5,rippeur,Section n°5,rippeur
1739,2024-08-04,L13,Four 1,Variation montée poincon,poincon,Section n°2,45.0,import_2024,section n°2,poincon,Section n°2,poincon
1740,2024-08-04,L13,Four 1,Variation montée poincon,poincon,Section n°5,45.0,import_2024,section n°5,poincon,Section n°5,poincon
1741,2024-08-04,L13,Four 1,Variation montée poincon,poincon,Section n°6,45.0,import_2024,section n°6,poincon,Section n°6,poincon
1742,2024-08-04,L13,Four 1,Variation montée poincon,poincon,Section n°9,45.0,import_2024,section n°9,poincon,Section n°9,poincon
1743,2024-08-04,L13,Four 1,Variation montée poincon,poincon,Section n°2,240.0,import_2024,section n°2,poincon,Section n°2,poincon
1744,2024-08-04,L13,Four 1,Variation montée poincon,poincon,Section n°6,240.0,import_2024,section n°6,poincon,Section n°6,poincon
1745,2024-08-04,L13,Four 1,Variation montée poincon,poincon,Section n°9,180.0,import_2024,section n°9,poincon,Section n°9,poincon
1746,2024-08-06,L13,Four 1,Mauvaise fonctionnement rippeur,rippeur,Section n°5,20.0,import_2024,section n°5,rippeur,Section n°5,rippeur
1747,2024-08-06,L13,Four 1,Mauvaise fonctionnement rippeur 2 fois,rippeur,Section n°2,15.0,import_2024,section n°2,rippeur,Section n°2,rippeur
1748,2024-08-06,L13,Four 1,Mauvaise fonctionnement rippeur 4 fois,rippeur,Section n°2,60.0,import_2024,section n°2,rippeur,Section n°2,rippeur
1749,2024-08-06,L13,Four 1,Mauvaise fonctionnement rippeur 2 fois,rippeur,Section n°8,35.0,import_2024,section n°8,rippeur,Section n°8,rippeur
1750,2024-08-06,L13,Four 1,Bras de transfert,bras de transfert,Section n°9,30.0,import_2024,section n°9,bras de transfert,Section n°9,bras de transfert
1751,2024-08-07,L13,Four 1,Serrage support de rippeur,rippeur,Section n°3,15.0,import_2024,section n°3,rippeur,Section n°3,rippeur
1752,2024-08-07,L13,Four 1,Changement charnieres Eb,charniéres,Section n°4,15.0,import_2024,section n°4,charniéres,Section n°4,charniéres
1753,2024-08-07,L13,Four 1,Changement charnieres Eb,charniéres,Section n°4,30.0,import_2024,section n°4,charniéres,Section n°4,charniéres
1754,2024-08-07,L13,Four 1,Bras de transfert,bras de transfert,Section n°6,15.0,import_2024,section n°6,bras de transfert,Section n°6,bras de transfert
1755,2024-08-07,L13,Four 1,Mauvaise fonctionnement rippeur,rippeur,Section n°2,30.0,import_2024,section n°2,rippeur,Section n°2,rippeur
1756,2024-08-08,L13,Four 1,Mauvaise fonctionnement rippeur,rippeur,Section n°2,20.0,import_2024,section n°2,rippeur,Section n°2,rippeur
1757,2024-08-08,L13,Four 1,Mauvaise fonctionnement rippeur 2 fois,rippeur,Section n°6,30.0,import_2024,section n°6,rippeur,Section n°6,rippeur
1758,2024-08-09,L13,Four 1,centrage support entennoir,entonnoir,Section n°6,40.0,import_2024,section n°6,entonnoir,Section n°6,entonnoir
1759,2024-08-09,L13,Four 1,Mauvaise fonctionnement rippeur 2 fois,rippeur,Section n°2,30.0,import_2024,section n°2,rippeur,Section n°2,rippeur
1760,2024-08-11,L13,Four 1,Ventillation MDB entre st4 et st5,Ventillation,Section n°4,30.0,import_2024,section n°4,ventillation,Section n°4,ventillation
1761,2024-08-11,L13,Four 1,Ventillation MDB entre st4 et st5,Ventillation,Section n°5,30.0,import_2024,section n°5,ventillation,Section n°5,ventillation
1762,2024-08-12,L13,Four 1,Mauvaise fonctionnement rippeur,rippeur,Section n°6,15.0,import_2024,section n°6,rippeur,Section n°6,rippeur
1763,2024-08-12,L13,Four 1,Mauvaise fonctionnement rippeur,rippeur,Section n°8,15.0,import_2024,section n°8,rippeur,Section n°8,rippeur
1764,2024-08-12,L13,Four 1,Mauvaise fonctionnement rippeur,rippeur,Section n°3,10.0,import_2024,section n°3,rippeur,Section n°3,rippeur
1765,2024-08-12,L13,Four 1,Changement bras take-out,take-out,Section n°3,60.0,import_2024,section n°3,take-out,Section n°3,take-out
1766,2024-08-12,L13,Four 1,Mauvaise fonctionnement rippeur,rippeur,Section n°6,10.0,import_2024,section n°6,rippeur,Section n°6,rippeur
1767,2024-08-14,L13,Four 1,Arret de mise a l'arche,Mise à l'arche,mise a l'arche,120.0,import_2024,mise a l'arche,mise à l'arche,Mise a l'arche,Mise à l'arche
1768,2024-08-14,L13,Four 1,Mauvaise fonctionnement rippeur,rippeur,Section n°8,20.0,import_2024,section n°8,rippeur,Section n°8,rippeur
1769,2024-08-14,L13,Four 1,Mauvaise fonctionnement rippeur,rippeur,Section n°2,20.0,import_2024,section n°2,rippeur,Section n°2,rippeur
1770,2024-08-14,L13,Four 1,Mauvaise fonctionnement rippeur,rippeur,Section n°4,20.0,import_2024,section n°4,rippeur,Section n°4,rippeur
1771,2024-08-14,L13,Four 1,Mauvaise fonctionnement rippeur,rippeur,Section n°5,20.0,import_2024,section n°5,rippeur,Section n°5,rippeur
1772,2024-08-15,L13,Four 1,Bras de transfert,bras de transfert,Section n°2,15.0,import_2024,section n°2,bras de transfert,Section n°2,bras de transfert
1773,2024-08-15,L13,Four 1,Bras de transfert,bras de transfert,Section n°2,15.0,import_2024,section n°2,bras de transfert,Section n°2,bras de transfert
1774,2024-08-15,L13,Four 1,Changement rippeur,rippeur,Section n°8,15.0,import_2024,section n°8,rippeur,Section n°8,rippeur
1775,2024-08-15,L13,Four 1,Changement rippeur,rippeur,Section n°3,15.0,import_2024,section n°3,rippeur,Section n°3,rippeur
1776,2024-08-15,L13,Four 1,Changement rippeur,rippeur,Section n°4,15.0,import_2024,section n°4,rippeur,Section n°4,rippeur
1777,2024-08-15,L13,Four 1,Mise a niveau bras de transfert,bras de transfert,Section n°6,20.0,import_2024,section n°6,bras de transfert,Section n°6,bras de transfert
1778,2024-08-16,L13,Four 1,Mauvaise fonctionnement rippeur,rippeur,Section n°6,30.0,import_2024,section n°6,rippeur,Section n°6,rippeur
1779,2024-08-16,L13,Four 1,Mauvaise fonctionnement rippeur,rippeur,Section n°5,30.0,import_2024,section n°5,rippeur,Section n°5,rippeur
1780,2024-08-16,L13,Four 1,Mauvaise fonctionnement rippeur,rippeur,Section n°4,30.0,import_2024,section n°4,rippeur,Section n°4,rippeur
1781,2024-08-16,L13,Four 1,centrage téte compression,compression,Section n°5,30.0,import_2024,section n°5,compression,Section n°5,compression
1782,2024-08-16,L13,Four 1,Mise a niveau bras de transfert,bras de transfert,Section n°4,30.0,import_2024,section n°4,bras de transfert,Section n°4,bras de transfert
1783,2024-08-18,L13,Four 1,Changement charnieres Eb,charniéres,Section n°2,10.0,import_2024,section n°2,charniéres,Section n°2,charniéres
1784,2024-08-18,L13,Four 1,Mauvaise fonctionnement rippeur,rippeur,Section n°5,15.0,import_2024,section n°5,rippeur,Section n°5,rippeur
1785,2024-08-18,L13,Four 1,Mauvaise fonctionnement rippeur,rippeur,Section n°3,15.0,import_2024,section n°3,rippeur,Section n°3,rippeur
1786,2024-08-18,L13,Four 1,Changement rippeur,rippeur,Section n°5,45.0,import_2024,section n°5,rippeur,Section n°5,rippeur
1787,2024-08-20,L13,Four 1,Flexible verti-flow,verti-flow,Section n°8,15.0,import_2024,section n°8,verti-flow,Section n°8,verti-flow
1788,2024-08-20,L13,Four 1,Mauvaise fonctionnement rippeur,rippeur,Section n°2,20.0,import_2024,section n°2,rippeur,Section n°2,rippeur
1789,2024-08-20,L13,Four 1,Serrage adapteur,adapteur,Section n°5,15.0,import_2024,section n°5,adapteur,Section n°5,adapteur
1790,2024-08-20,L13,Four 1,Mauvaise fonctionnement rippeur,rippeur,Section n°2,40.0,import_2024,section n°2,rippeur,Section n°2,rippeur
1791,2024-08-21,L13,Four 1,Arret de machine a cause arret scoop,Scoop,machine,150.0,import_2024,machine,scoop,Machine,scoop
1792,2024-08-21,L13,Four 1,Mauvaise fonctionnement rippeur,rippeur,Section n°8,30.0,import_2024,section n°8,rippeur,Section n°8,rippeur
1793,2024-08-21,L13,Four 1,Plusier arret a cause variation mvt support entennoir,entonnoir,Section n°2,75.0,import_2024,section n°2,entonnoir,Section n°2,entonnoir
1794,2024-08-22,L13,Four 1,Réglage mécanisme téte compression,compression,Section n°1,60.0,import_2024,section n°1,compression,Section n°1,compression
1795,2024-08-22,L13,Four 1,Pour faciliter le travail,faciliter le travail,Section n°2,45.0,import_2024,section n°2,faciliter le travail,Section n°2,faciliter le travail
1796,2024-08-22,L13,Four 1,Mauvaise fonctionnement rippeur,rippeur,Section n°1,30.0,import_2024,section n°1,rippeur,Section n°1,rippeur
1797,2024-08-23,L13,Four 1,Serrage adapteur poincon,Poincon,Section n°1,10.0,import_2024,section n°1,poincon,Section n°1,poincon
1798,2024-08-23,L13,Four 1,Mise a niveau bras de transfert,bras de transfert,Section n°1,15.0,import_2024,section n°1,bras de transfert,Section n°1,bras de transfert
1799,2024-08-23,L13,Four 1,Support téte de gonflage,gonflage,Section n°2,15.0,import_2024,section n°2,gonflage,Section n°2,gonflage
1800,2024-08-24,L13,Four 1,Mise a niveau bras de transfert,bras de transfert,Section n°2,15.0,import_2024,section n°2,bras de transfert,Section n°2,bras de transfert
1801,2024-08-25,L13,Four 1,Changement bras de transfert,bras de transfert,Section n°2,45.0,import_2024,section n°2,bras de transfert,Section n°2,bras de transfert
1802,2024-08-25,L13,Four 1,Réglage verti-flow,verti-flow,Section n°9,30.0,import_2024,section n°9,verti-flow,Section n°9,verti-flow
1803,2024-08-25,L13,Four 1,Mauvaise support de compression,compression,Section n°10,35.0,import_2024,section n°10,compression,Section n°10,compression
1804,2024-08-25,L13,Four 1,Changement rippeur,rippeur,Section n°6,30.0,import_2024,section n°6,rippeur,Section n°6,rippeur
1805,2024-08-25,L13,Four 1,Changement rippeur,rippeur,Section n°1,15.0,import_2024,section n°1,rippeur,Section n°1,rippeur
1806,2024-08-25,L13,Four 1,Changement rippeur,rippeur,Section n°6,60.0,import_2024,section n°6,rippeur,Section n°6,rippeur
1807,2024-08-25,L13,Four 1,Changement rippeur,rippeur,Section n°9,90.0,import_2024,section n°9,rippeur,Section n°9,rippeur
1808,2024-08-26,L13,Four 1,Arret machine pour changement rondelle,rondelle,machine,30.0,import_2024,machine,rondelle,Machine,rondelle
1809,2024-08-26,L13,Four 1,Changement bras de transfert,bras de transfert,Section n°2,60.0,import_2024,section n°2,bras de transfert,Section n°2,bras de transfert
1810,2024-08-26,L13,Four 1,Changement bras de transfert,bras de transfert,Section n°1,30.0,import_2024,section n°1,bras de transfert,Section n°1,bras de transfert
1811,2024-08-26,L13,Four 1,Changement rippeur,rippeur,Section n°9,30.0,import_2024,section n°9,rippeur,Section n°9,rippeur
1812,2024-08-27,L13,Four 1,Réglage bras de transfert,bras de transfert,Section n°7,20.0,import_2024,section n°7,bras de transfert,Section n°7,bras de transfert
1813,2024-08-27,L13,Four 1,Mauvaise fonctionnement rippeur,rippeur,Section n°1,15.0,import_2024,section n°1,rippeur,Section n°1,rippeur
1814,2024-08-27,L13,Four 1,Changement vis cartouche noyau,noyau,Section n°5,20.0,import_2024,section n°5,noyau,Section n°5,noyau
1815,2024-08-27,L13,Four 1,Montage tube du refroidissement coté Eb,tube de refroidissement,Section n°5,25.0,import_2024,section n°5,tube de refroidissement,Section n°5,tube de refroidissement
1816,2024-08-27,L13,Four 1,Montage tube du refroidissement coté Eb,tube de refroidissement,Section n°6,25.0,import_2024,section n°6,tube de refroidissement,Section n°6,tube de refroidissement
1817,2024-08-27,L13,Four 1,Mauvaise fonctionnement rippeur,rippeur,Section n°9,20.0,import_2024,section n°9,rippeur,Section n°9,rippeur
1818,2024-08-28,L13,Four 1,Mise a niveau bras de transfert,bras de transfert,Section n°9,15.0,import_2024,section n°9,bras de transfert,Section n°9,bras de transfert
1819,2024-08-28,L13,Four 1,Mise a niveau bras de transfert,bras de transfert,Section n°8,15.0,import_2024,section n°8,bras de transfert,Section n°8,bras de transfert
1820,2024-08-28,L13,Four 1,Bras de take-out,take-out,Section n°5,20.0,import_2024,section n°5,take-out,Section n°5,take-out
1821,2024-08-28,L13,Four 1,Manque l'eau de ciseaux,Mécanisme ciseaux,machine,15.0,import_2024,machine,mécanisme ciseaux,Machine,Mécanisme ciseaux
1822,2024-08-29,L13,Four 1,Support de compression,compression,Section n°4,20.0,import_2024,section n°4,compression,Section n°4,compression
1823,2024-08-29,L13,Four 1,Mauvaise fonctionnement rippeur,rippeur,Section n°1,30.0,import_2024,section n°1,rippeur,Section n°1,rippeur
1824,2024-08-29,L13,Four 1,Mauvaise fonctionnement rippeur,rippeur,Section n°3,30.0,import_2024,section n°3,rippeur,Section n°3,rippeur
1825,2024-08-29,L13,Four 1,Mauvaise fonctionnement rippeur,rippeur,Section n°4,30.0,import_2024,section n°4,rippeur,Section n°4,rippeur
1826,2024-08-29,L13,Four 1,Mauvaise fonctionnement rippeur,rippeur,Section n°5,30.0,import_2024,section n°5,rippeur,Section n°5,rippeur
1827,2024-08-29,L13,Four 1,Mauvaise fonctionnement rippeur,rippeur,Section n°6,30.0,import_2024,section n°6,rippeur,Section n°6,rippeur
1828,2024-08-29,L13,Four 1,Mauvaise fonctionnement rippeur,rippeur,Section n°8,40.0,import_2024,section n°8,rippeur,Section n°8,rippeur
1829,2024-08-29,L13,Four 1,Mauvaise fonctionnement rippeur,rippeur,Section n°6,40.0,import_2024,section n°6,rippeur,Section n°6,rippeur
1830,2024-08-29,L13,Four 1,Mauvaise fonctionnement rippeur,rippeur,Section n°1,20.0,import_2024,section n°1,rippeur,Section n°1,rippeur
1831,2024-08-29,L13,Four 1,Mauvaise fonctionnement rippeur,rippeur,Section n°3,20.0,import_2024,section n°3,rippeur,Section n°3,rippeur
1832,2024-08-29,L13,Four 1,Mauvaise fonctionnement rippeur,rippeur,Section n°8,30.0,import_2024,section n°8,rippeur,Section n°8,rippeur
1833,2024-08-29,L13,Four 1,Mauvaise fonctionnement rippeur,rippeur,Section n°6,20.0,import_2024,section n°6,rippeur,Section n°6,rippeur
1834,2024-08-30,L13,Four 1,Mauvaise fonctionnement rippeur,rippeur,Section n°1,15.0,import_2024,section n°1,rippeur,Section n°1,rippeur
1835,2024-08-30,L13,Four 1,Mauvaise fonctionnement téte de compression,compression,Section n°9,45.0,import_2024,section n°9,compression,Section n°9,compression
1836,2024-08-31,L13,Four 1,Mise a niveau bras de transfert,bras de transfert,Section n°2,15.0,import_2024,section n°2,bras de transfert,Section n°2,bras de transfert
1837,2024-08-31,L13,Four 1,Mauvaise fonctionnement rippeur,rippeur,Section n°3,20.0,import_2024,section n°3,rippeur,Section n°3,rippeur
1838,2024-09-01,L13,Four 1,Probléme d'invertion,invertion,Section n°6,30.0,import_2024,section n°6,invertion,Section n°6,invertion
1839,2024-09-01,L13,Four 1,Mauvaise fonctionnement rippeur,rippeur,Section n°6,20.0,import_2024,section n°6,rippeur,Section n°6,rippeur
1840,2024-09-04,L13,Four 1,Mauvaise fonctionnement rippeur,rippeur,Section n°4,10.0,import_2024,section n°4,rippeur,Section n°4,rippeur
1841,2024-09-05,L13,Four 1,Mise a niveau bras de transfert,bras de transfert,Section n°1,20.0,import_2024,section n°1,bras de transfert,Section n°1,bras de transfert
1842,2024-09-05,L13,Four 1,Fixation tube verti-flow,verti-flow,Section n°2,20.0,import_2024,section n°2,verti-flow,Section n°2,verti-flow
1843,2024-09-05,L13,Four 1,Distributeur bloc valve,distributeur,Section n°9,20.0,import_2024,section n°9,distributeur,Section n°9,Distributeur
1844,2024-09-07,L13,Four 1,Changement bras take-out,take-out,Section n°2,60.0,import_2024,section n°2,take-out,Section n°2,take-out
1845,2024-09-07,L13,Four 1,Changement bras take-out,take-out,Section n°5,25.0,import_2024,section n°5,take-out,Section n°5,take-out
1846,2024-09-07,L13,Four 1,Probléme raccord de téte gonflage,gonflage,Section n°2,25.0,import_2024,section n°2,gonflage,Section n°2,gonflage
1847,2024-09-08,L13,Four 1,Mise a niveau bras de transfert,bras de transfert,Section n°6,20.0,import_2024,section n°6,bras de transfert,Section n°6,bras de transfert
1848,2024-09-08,L13,Four 1,Probléme verti-flow Eb,verti-flow,Section n°2,20.0,import_2024,section n°2,verti-flow,Section n°2,verti-flow
1849,2024-09-08,L13,Four 1,Changement rippeur,rippeur,Section n°4,45.0,import_2024,section n°4,rippeur,Section n°4,rippeur
1850,2024-09-08,L13,Four 1,Mauvaise fonctionnement rippeur,rippeur,Section n°2,90.0,import_2024,section n°2,rippeur,Section n°2,rippeur
1851,2024-09-08,L13,Four 1,Mauvaise fonctionnement rippeur,rippeur,Section n°2,30.0,import_2024,section n°2,rippeur,Section n°2,rippeur
1852,2024-09-08,L13,Four 1,Verti-flow,verti-flow,Section n°2,90.0,import_2024,section n°2,verti-flow,Section n°2,verti-flow
1853,2024-09-09,L13,Four 1,Mauvaise fonctionnement rippeur,rippeur,Section n°8,30.0,import_2024,section n°8,rippeur,Section n°8,rippeur
1854,2024-09-09,L13,Four 1,Mauvaise fonctionnement rippeur,rippeur,Section n°9,30.0,import_2024,section n°9,rippeur,Section n°9,rippeur
1855,2024-09-09,L13,Four 1,Mauvaise fonctionnement rippeur,rippeur,Section n°6,30.0,import_2024,section n°6,rippeur,Section n°6,rippeur
1856,2024-09-09,L13,Four 1,Mauvaise fonctionnement rippeur,rippeur,Section n°5,30.0,import_2024,section n°5,rippeur,Section n°5,rippeur
1857,2024-09-09,L13,Four 1,Mauvaise fonctionnement rippeur,rippeur,Section n°1,20.0,import_2024,section n°1,rippeur,Section n°1,rippeur
1858,2024-09-09,L13,Four 1,Mauvaise fonctionnement rippeur,rippeur,Section n°9,20.0,import_2024,section n°9,rippeur,Section n°9,rippeur
1859,2024-09-09,L13,Four 1,Mauvaise fonctionnement rippeur,rippeur,Section n°8,20.0,import_2024,section n°8,rippeur,Section n°8,rippeur
1860,2024-09-09,L13,Four 1,Distributeur ripeur,rippeur,Section n°1,30.0,import_2024,section n°1,rippeur,Section n°1,rippeur
1861,2024-09-10,L13,Four 1,Variation verti-flow,verti-flow,Section n°10,30.0,import_2024,section n°10,verti-flow,Section n°10,verti-flow
1862,2024-09-10,L13,Four 1,Probléme fermeture pincete,pincettes,Section n°1,40.0,import_2024,section n°1,pincettes,Section n°1,pincettes
1863,2024-09-10,L13,Four 1,Changement flexible gonflage,gonflage,Section n°5,90.0,import_2024,section n°5,gonflage,Section n°5,gonflage
1864,2024-09-10,L13,Four 1,Changement rippeur,rippeur,Section n°6,40.0,import_2024,section n°6,rippeur,Section n°6,rippeur
1865,2024-09-10,L13,Four 1,Changement rippeur,rippeur,Section n°2,15.0,import_2024,section n°2,rippeur,Section n°2,rippeur
1866,2024-09-12,L13,Four 1,Probléme st 9 de démarrage,poincon,Section n°9,75.0,import_2024,section n°9,poincon,Section n°9,poincon
1867,2024-09-12,L13,Four 1,Mauvaise fonctionnement rippeur,rippeur,Section n°5,20.0,import_2024,section n°5,rippeur,Section n°5,rippeur
1868,2024-09-12,L13,Four 1,Mauvaise fonctionnement rippeur,rippeur,Section n°8,15.0,import_2024,section n°8,rippeur,Section n°8,rippeur
1869,2024-09-13,L13,Four 1,Serrage cartouche poincon,Poincon,Section n°8,10.0,import_2024,section n°8,poincon,Section n°8,poincon
1870,2024-09-13,L13,Four 1,Réparation ventilation MDB,ventilation,Section n°6,10.0,import_2024,section n°6,ventilation,Section n°6,ventilation
1871,2024-09-13,L13,Four 1,Réparation ventilation MDB,ventilation,Section n°7,10.0,import_2024,section n°7,ventilation,Section n°7,ventilation
1872,2024-09-14,L13,Four 1,Mauvaise fonctionnement rippeur,rippeur,Section n°5,15.0,import_2024,section n°5,rippeur,Section n°5,rippeur
1873,2024-09-14,L13,Four 1,Serrage cartouche poincon,Poincon,Section n°2,30.0,import_2024,section n°2,poincon,Section n°2,poincon
1874,2024-09-15,L13,Four 1,Probléme ventillation,ventillation,Section n°4,50.0,import_2024,section n°4,ventillation,Section n°4,ventillation
1875,2024-09-15,L13,Four 1,Probléme ventillation,ventillation,Section n°3,50.0,import_2024,section n°3,ventillation,Section n°3,ventillation
1876,2024-09-15,L13,Four 1,Mauvaise fonctionnement rippeur,rippeur,Section n°4,20.0,import_2024,section n°4,rippeur,Section n°4,rippeur
1877,2024-09-15,L13,Four 1,Mauvaise percage,percage,Section n°2,30.0,import_2024,section n°2,percage,Section n°2,percage
1878,2024-09-15,L13,Four 1,Changment les lame ciseaux,ciseaux,ciseaux,120.0,import_2024,ciseaux,ciseaux,Ciseaux,Ciseaux
1879,2024-09-16,L13,Four 1,Probléme bras ciseaux,ciseaux,ciseaux,40.0,import_2024,ciseaux,ciseaux,Ciseaux,Ciseaux
1880,2024-09-16,L13,Four 1,Mauvaise fonctionnement rippeur,rippeur,Section n°4,60.0,import_2024,section n°4,rippeur,Section n°4,rippeur
1881,2024-09-18,L13,Four 1,Changement pincette,pincettes,Section n°4,15.0,import_2024,section n°4,pincettes,Section n°4,pincettes
1882,2024-09-18,L13,Four 1,Mauvaise fonctionnement rippeur,rippeur,Section n°4,14.0,import_2024,section n°4,rippeur,Section n°4,rippeur
1883,2024-09-18,L13,Four 1,Mise a l'arche,Mise a l'arche,Mise a l'arche,5.0,import_2024,mise a l'arche,mise a l'arche,Mise a l'arche,Mise a l'arche
1884,2024-09-19,L13,Four 1,Bras de transfert,bras de transfert,Section n°2,15.0,import_2024,section n°2,bras de transfert,Section n°2,bras de transfert
1885,2024-09-19,L13,Four 1,Changement ON/OF,ON/OF,Section n°4,45.0,import_2024,section n°4,on/of,Section n°4,ON/OF
1886,2024-09-19,L13,Four 1,Changement ON/OF,ON/OF,Section n°5,45.0,import_2024,section n°5,on/of,Section n°5,ON/OF
1887,2024-09-19,L13,Four 1,Arret mise a l'arche,mise a l'arche,mise a l'arche,15.0,import_2024,mise a l'arche,mise a l'arche,Mise a l'arche,Mise a l'arche
1888,2024-09-19,L13,Four 1,Mauvaise fonctionnement rippeur,rippeur,Section n°3,20.0,import_2024,section n°3,rippeur,Section n°3,rippeur
1889,2024-09-19,L13,Four 1,Mauvaise fonctionnement rippeur,rippeur,Section n°8,20.0,import_2024,section n°8,rippeur,Section n°8,rippeur
1890,2024-09-19,L13,Four 1,Mauvaise fonctionnement rippeur,rippeur,Section n°9,20.0,import_2024,section n°9,rippeur,Section n°9,rippeur
1891,2024-09-20,L13,Four 1,Mauvaise fonctionnement rippeur,rippeur,Section n°4,15.0,import_2024,section n°4,rippeur,Section n°4,rippeur
1892,2024-09-22,L13,Four 1,Travail sur charnier fin,charniéres fin,Section n°10,20.0,import_2024,section n°10,charniéres fin,Section n°10,charniéres fin
1893,2024-09-22,L13,Four 1,Mauvaise fonctionnement rippeur,rippeur,Section n°9,20.0,import_2024,section n°9,rippeur,Section n°9,rippeur
1894,2024-09-22,L13,Four 1,Mauvaise fonctionnement rippeur,rippeur,Section n°4,20.0,import_2024,section n°4,rippeur,Section n°4,rippeur
1895,2024-09-22,L13,Four 1,Mauvaise fonctionnement rippeur,rippeur,Section n°9,20.0,import_2024,section n°9,rippeur,Section n°9,rippeur
1896,2024-09-22,L13,Four 1,Mauvaise fonctionnement rippeur,rippeur,Section n°4,20.0,import_2024,section n°4,rippeur,Section n°4,rippeur
1897,2024-09-22,L13,Four 1,Arret de machine pour travail sur bouillon,feeder,machine,30.0,import_2024,machine,feeder,Machine,Feeder
1898,2024-09-22,L13,Four 1,Changement rippeur,rippeur,Section n°4,15.0,import_2024,section n°4,rippeur,Section n°4,rippeur
1899,2024-09-24,L13,Four 1,Mauvaise fonctionnement rippeur,rippeur,Section n°4,15.0,import_2024,section n°4,rippeur,Section n°4,rippeur
1900,2024-09-24,L13,Four 1,Probléme de percage,percage,Section n°1,50.0,import_2024,section n°1,percage,Section n°1,percage
1901,2024-09-24,L13,Four 1,Manque l'eau de ciseaux,Mécanisme ciseaux,machine,10.0,import_2024,machine,mécanisme ciseaux,Machine,Mécanisme ciseaux
1902,2024-09-24,L13,Four 1,Probléme de percage,percage,Section n°5,45.0,import_2024,section n°5,percage,Section n°5,percage
1903,2024-09-24,L13,Four 1,Probléme de percage,percage,Section n°4,30.0,import_2024,section n°4,percage,Section n°4,percage
1904,2024-09-25,L13,Four 1,Mauvaise fonctionnement rippeur,rippeur,Section n°3,10.0,import_2024,section n°3,rippeur,Section n°3,rippeur
1905,2024-09-25,L13,Four 1,Changement adapteur noyau,adapteur,Section n°4,30.0,import_2024,section n°4,adapteur,Section n°4,adapteur
1906,2024-09-26,L13,Four 1,Arret de mise à l'arche,mise a l'arche,mise a l'arche,15.0,import_2024,mise a l'arche,mise a l'arche,Mise a l'arche,Mise a l'arche
1907,2024-09-26,L13,Four 1,Bras transfert,bras de transfert,Section n°7,10.0,import_2024,section n°7,bras de transfert,Section n°7,bras de transfert
1908,2024-09-27,L13,Four 1,mauvaise Centrage Mediane et deflecteur,mediane,Section n°1,20.0,import_2024,section n°1,mediane,Section n°1,mediane
1909,2024-09-27,L13,Four 1,mauvaise fonctionnement Bras Transfert,bras de transfert,Section n°3,20.0,import_2024,section n°3,bras de transfert,Section n°3,bras de transfert
1910,2024-09-27,L13,Four 1,mauvaise fonctionnement Bras Transfert,bras de transfert,Section n°7,10.0,import_2024,section n°7,bras de transfert,Section n°7,bras de transfert
1911,2024-09-27,L13,Four 1,mauvaise fonctionnement Bras Transfert,bras de transfert,Section n°7,90.0,import_2024,section n°7,bras de transfert,Section n°7,bras de transfert
1912,2024-09-28,L13,Four 1,Changement bras take-out,take-out,Section n°7,120.0,import_2024,section n°7,take-out,Section n°7,take-out
1913,2024-09-28,L13,Four 1,mauvaise fonctionnement Bras Transfert,bras de transfert,Section n°1,20.0,import_2024,section n°1,bras de transfert,Section n°1,bras de transfert
1914,2024-09-29,L13,Four 1,mauvaise fonctionnement Bras Transfert,bras de transfert,Section n°10,15.0,import_2024,section n°10,bras de transfert,Section n°10,bras de transfert
1915,2024-09-29,L13,Four 1,Mauvaise fonctionnement rippeur,rippeur,Section n°2,15.0,import_2024,section n°2,rippeur,Section n°2,rippeur
1916,2024-10-01,L13,Four 1,mauvaise fonctionnement Bras Transfert,bras de transfert,Section n°6,15.0,import_2024,section n°6,bras de transfert,Section n°6,bras de transfert
1917,2024-10-01,L13,Four 1,Mauvaise fonctionnement rippeur,rippeur,Section n°5,45.0,import_2024,section n°5,rippeur,Section n°5,rippeur
1918,2024-10-01,L13,Four 1,mauvaise fonctionnement Bras Transfert,bras de transfert,Section n°6,20.0,import_2024,section n°6,bras de transfert,Section n°6,bras de transfert
1919,2024-10-01,L13,Four 1,mauvaise fonctionnement Bras Transfert,bras de transfert,Section n°3,20.0,import_2024,section n°3,bras de transfert,Section n°3,bras de transfert
1920,2024-10-02,L13,Four 1,Mauvaise fonctionnement bras de transfert,bras de transfert,Section n°5,15.0,import_2024,section n°5,bras de transfert,Section n°5,bras de transfert
1921,2024-10-02,L13,Four 1,ventilation MOB,ventilation,Section n°5,20.0,import_2024,section n°5,ventilation,Section n°5,ventilation
1922,2024-10-02,L13,Four 1,ventilation MOB,ventilation,Section n°6,20.0,import_2024,section n°6,ventilation,Section n°6,ventilation
1923,2024-10-03,L13,Four 1,mauvaise fonctionnement de bras de transfert,bras de transfert,Section n°4,15.0,import_2024,section n°4,bras de transfert,Section n°4,bras de transfert
1924,2024-10-03,L13,Four 1,mauvaise fonctionnement de bras de transfert,bras de transfert,Section n°6,20.0,import_2024,section n°6,bras de transfert,Section n°6,bras de transfert
1925,2024-10-03,L13,Four 1,mauvaise fonctionnemet de fermeture coté finisseur,fermeture,Section n°6,20.0,import_2024,section n°6,fermeture,Section n°6,fermeture
1926,2024-10-03,L13,Four 1,Mauvaise fonctionnemnt de ripeur,rippeur,Section n°8,15.0,import_2024,section n°8,rippeur,Section n°8,rippeur
1927,2024-10-03,L13,Four 1,Mauvaise fonctionnemnt de ripeur,rippeur,Section n°9,15.0,import_2024,section n°9,rippeur,Section n°9,rippeur
1928,2024-10-05,L13,Four 1,panne au niveau bras de transfert,bras de transfert,Section n°2,20.0,import_2024,section n°2,bras de transfert,Section n°2,bras de transfert
1929,2024-10-05,L13,Four 1,panne au niveau bras de transfert,bras de transfert,Section n°5,20.0,import_2024,section n°5,bras de transfert,Section n°5,bras de transfert
1930,2024-10-05,L13,Four 1,Mauvaise fonctionnemnt de ripeur,rippeur,Section n°1,15.0,import_2024,section n°1,rippeur,Section n°1,rippeur
1931,2024-10-05,L13,Four 1,Mauvaise fonctionnemnt de ripeur,rippeur,Section n°1,20.0,import_2024,section n°1,rippeur,Section n°1,rippeur
1932,2024-10-05,L13,Four 1,manque de ventilation,ventilation,Section n°1,30.0,import_2024,section n°1,ventilation,Section n°1,ventilation
1933,2024-10-05,L13,Four 1,manque de ventilation,ventilation,Section n°2,30.0,import_2024,section n°2,ventilation,Section n°2,ventilation
1934,2024-10-06,L13,Four 1,Support téte gonflage,gonflage,Section n°6,15.0,import_2024,section n°6,gonflage,Section n°6,gonflage
1935,2024-10-06,L13,Four 1,Mauvaise fonctionnemnt de ripeur,rippeur,Section n°9,15.0,import_2024,section n°9,rippeur,Section n°9,rippeur
1936,2024-10-06,L13,Four 1,Mauvaise ventilation coté ebauch,ventilation,Section n°1,30.0,import_2024,section n°1,ventilation,Section n°1,ventilation
1937,2024-10-06,L13,Four 1,Mauvaise ventilation coté ebauch,ventilation,Section n°2,30.0,import_2024,section n°2,ventilation,Section n°2,ventilation
1938,2024-10-06,L13,Four 1,Mauvaise gonflage,gonflage,Section n°4,25.0,import_2024,section n°4,gonflage,Section n°4,gonflage
1939,2024-10-06,L13,Four 1,probleme prise pincette,pincettes,Section n°5,60.0,import_2024,section n°5,pincettes,Section n°5,pincettes
1940,2024-10-06,L13,Four 1,changement de commande de l'air pincettepar service FAB,pincettes,Section n°5,35.0,import_2024,section n°5,pincettes,Section n°5,pincettes
1941,2024-10-07,L13,Four 1,Changement du bras Take-Out,take-out,Section n°1,40.0,import_2024,section n°1,take-out,Section n°1,take-out
1942,2024-10-07,L13,Four 1,Mauvaise fonctionnemnt de ripeur,rippeur,Section n°2,40.0,import_2024,section n°2,rippeur,Section n°2,rippeur
1943,2024-10-07,L13,Four 1,Mauvaise fonctionnemnt de ripeur,rippeur,Section n°7,45.0,import_2024,section n°7,rippeur,Section n°7,rippeur
1944,2024-10-07,L13,Four 1,changement de charniére,charnieres,Section n°4,65.0,import_2024,section n°4,charnieres,Section n°4,charnieres
1945,2024-10-07,L13,Four 1,ATC,ATC,ATC,7.0,import_2024,atc,atc,ATC,ATC
1946,2024-10-08,L13,Four 1,Serage Flasque de Cartouche,cartouche,Section n°3,10.0,import_2024,section n°3,cartouche,Section n°3,cartouche
1947,2024-10-08,L13,Four 1,Serage Flasque de Cartouche,cartouche,Section n°6,30.0,import_2024,section n°6,cartouche,Section n°6,cartouche
1948,2024-10-08,L13,Four 1,Serage Flasque de Cartouche,cartouche,Section n°8,15.0,import_2024,section n°8,cartouche,Section n°8,cartouche
1949,2024-10-08,L13,Four 1,Mauvaise fonctionnemnt de ripeur,rippeur,Section n°8,30.0,import_2024,section n°8,rippeur,Section n°8,rippeur
1950,2024-10-08,L13,Four 1,Mauvaise fonctionnemnt de ripeur,rippeur,Section n°9,15.0,import_2024,section n°9,rippeur,Section n°9,rippeur
1951,2024-10-08,L13,Four 1,Mauvaise fonctionnemnt de ripeur,rippeur,Section n°10,20.0,import_2024,section n°10,rippeur,Section n°10,rippeur
1952,2024-10-09,L13,Four 1,Mauvaise fonctionnement bras de take-out,take-out,Section n°5,60.0,import_2024,section n°5,take-out,Section n°5,take-out
1953,2024-10-09,L13,Four 1,Serrage adapteur,adapteur,Section n°7,10.0,import_2024,section n°7,adapteur,Section n°7,adapteur
1954,2024-10-09,L13,Four 1,Serrage adapteur,adapteur,Section n°2,10.0,import_2024,section n°2,adapteur,Section n°2,adapteur
1955,2024-10-09,L13,Four 1,Serrage adapteur,adapteur,Section n°9,10.0,import_2024,section n°9,adapteur,Section n°9,adapteur
1956,2024-10-09,L13,Four 1,Arret mise a l'arche,Mise a l'arche,Mise a l'arche,15.0,import_2024,mise a l'arche,mise a l'arche,Mise a l'arche,Mise a l'arche
1957,2024-10-09,L13,Four 1,AEE,AEE,Section n°4,190.0,import_2024,section n°4,aee,Section n°4,AEE
1958,2024-10-09,L13,Four 1,Mauvaise fonctionnemnt de ripeur,rippeur,Section n°1,30.0,import_2024,section n°1,rippeur,Section n°1,rippeur
1959,2024-10-09,L13,Four 1,Mauvaise fonctionnement bras de take-out,take-out,Section n°5,15.0,import_2024,section n°5,take-out,Section n°5,take-out
1960,2024-10-10,L13,Four 1,Mauvaise fonctionnement bras de take-out,take-out,Section n°4,30.0,import_2024,section n°4,take-out,Section n°4,take-out
1961,2024-10-10,L13,Four 1,Serrage adapteur,adapteur,Section n°2,20.0,import_2024,section n°2,adapteur,Section n°2,adapteur
1962,2024-10-10,L13,Four 1,Serrage adapteur,adapteur,Section n°1,20.0,import_2024,section n°1,adapteur,Section n°1,adapteur
1963,2024-10-10,L13,Four 1,Fuite huile,fuite,Section n°7,30.0,import_2024,section n°7,fuite,Section n°7,fuite
1964,2024-10-10,L13,Four 1,Mauvaise fonctionnement bras de take-out,take-out,Section n°5,15.0,import_2024,section n°5,take-out,Section n°5,take-out
1965,2024-10-10,L13,Four 1,Mauvaise fonctionnemnt de ripeur,rippeur,Section n°1,10.0,import_2024,section n°1,rippeur,Section n°1,rippeur
1966,2024-10-10,L13,Four 1,Mauvaise fonctionnemnt de ripeur,rippeur,Section n°2,10.0,import_2024,section n°2,rippeur,Section n°2,rippeur
1967,2024-10-11,L13,Four 1,Mauvaise fonctionnemnt de ripeur,rippeur,Section n°5,10.0,import_2024,section n°5,rippeur,Section n°5,rippeur
1968,2024-10-11,L13,Four 1,Mauvaise fonctionnemnt de ripeur,rippeur,Section n°2,35.0,import_2024,section n°2,rippeur,Section n°2,rippeur
1969,2024-10-12,L13,Four 1,AEE,AEE,Section n°4,180.0,import_2024,section n°4,aee,Section n°4,AEE
1970,2024-10-12,L13,Four 1,Mauvaise fonctionnemnt de ripeur,rippeur,Section n°9,20.0,import_2024,section n°9,rippeur,Section n°9,rippeur
1971,2024-10-12,L13,Four 1,Probléme support de compression,support compression,Section n°1,120.0,import_2024,section n°1,support compression,Section n°1,support compression
1972,2024-10-12,L13,Four 1,Ripeur,rippeur,Section n°1,10.0,import_2024,section n°1,rippeur,Section n°1,rippeur
1973,2024-10-13,L13,Four 1,Serrage flexible cylindre compression,cylindre,Section n°4,20.0,import_2024,section n°4,cylindre,Section n°4,cylindre
1974,2024-10-13,L13,Four 1,Mauvaise fonctionnemnt de ripeur,rippeur,Section n°5,15.0,import_2024,section n°5,rippeur,Section n°5,rippeur
1975,2024-10-14,L13,Four 1,Mauvaise fonctionnemnt de ripeur,rippeur,Section n°8,25.0,import_2024,section n°8,rippeur,Section n°8,rippeur
1976,2024-10-15,L13,Four 1,Mauvaise fonctionnemnt de ripeur,rippeur,Section n°3,20.0,import_2024,section n°3,rippeur,Section n°3,rippeur
1977,2024-10-15,L13,Four 1,Mauvaise fonctionnemnt de ripeur,rippeur,Section n°4,20.0,import_2024,section n°4,rippeur,Section n°4,rippeur
1978,2024-10-15,L13,Four 1,Mauvaise fonctionnemnt de ripeur,rippeur,Section n°8,15.0,import_2024,section n°8,rippeur,Section n°8,rippeur
1979,2024-10-15,L13,Four 1,Mauvaise fonctionnemnt de ripeur,rippeur,Section n°6,15.0,import_2024,section n°6,rippeur,Section n°6,rippeur
1980,2024-10-15,L13,Four 1,Mauvaise fonctionnemnt de ripeur,rippeur,Section n°4,20.0,import_2024,section n°4,rippeur,Section n°4,rippeur
1981,2024-10-16,L13,Four 1,Mauvaise fonctionnemnt de ripeur,rippeur,Section n°4,20.0,import_2024,section n°4,rippeur,Section n°4,rippeur
1982,2024-10-16,L13,Four 1,Mauvaise fonctionnemnt de ripeur,rippeur,Section n°4,40.0,import_2024,section n°4,rippeur,Section n°4,rippeur
1983,2024-10-16,L13,Four 1,Mauvaise fonctionnemnt de ripeur,rippeur,Section n°5,30.0,import_2024,section n°5,rippeur,Section n°5,rippeur
1984,2024-10-16,L13,Four 1,Ajustement de bras transfert,bras de transfert,Section n°5,30.0,import_2024,section n°5,bras de transfert,Section n°5,bras de transfert
1985,2024-10-17,L13,Four 1,Serrage l'apteur,adapteur,Section n°1,15.0,import_2024,section n°1,adapteur,Section n°1,adapteur
1986,2024-10-17,L13,Four 1,Serrage l'apteur,adapteur,Section n°2,15.0,import_2024,section n°2,adapteur,Section n°2,adapteur
1987,2024-10-17,L13,Four 1,Serrage l'apteur,adapteur,Section n°6,30.0,import_2024,section n°6,adapteur,Section n°6,adapteur
1988,2024-10-17,L13,Four 1,Serrage l'apteur,adapteur,Section n°7,15.0,import_2024,section n°7,adapteur,Section n°7,adapteur
1989,2024-10-17,L13,Four 1,Mauvaise fonctionnemnt de ripeur,rippeur,Section n°5,20.0,import_2024,section n°5,rippeur,Section n°5,rippeur
1990,2024-10-17,L13,Four 1,arret de mise à l'arche,mise a l'arche,mise a l'arche,5.0,import_2024,mise a l'arche,mise a l'arche,Mise a l'arche,Mise a l'arche
1991,2024-10-18,L13,Four 1,Fuite huile au niveau convoyeur machine,convoyeur machine,convoyeur machine,10.0,import_2024,convoyeur machine,convoyeur machine,convoyeur machine,convoyeur machine
1992,2024-10-18,L13,Four 1,Mauvaise fonctionnemnt de ripeur,rippeur,Section n°5,15.0,import_2024,section n°5,rippeur,Section n°5,rippeur
1993,2024-10-18,L13,Four 1,Mauvaise fonctionnemnt de ripeur,rippeur,Section n°1,10.0,import_2024,section n°1,rippeur,Section n°1,rippeur
1994,2024-10-18,L13,Four 1,Mauvaise fonctionnemnt de ripeur,rippeur,Section n°5,20.0,import_2024,section n°5,rippeur,Section n°5,rippeur
1995,2024-10-18,L13,Four 1,Mauvaise fonctionnemnt de ripeur,rippeur,Section n°1,15.0,import_2024,section n°1,rippeur,Section n°1,rippeur
1996,2024-10-18,L13,Four 1,Mauvaise fonctionnemnt de ripeur,rippeur,Section n°3,20.0,import_2024,section n°3,rippeur,Section n°3,rippeur
1997,2024-10-18,L13,Four 1,Mise a l'arche,Mise a l'arche,Mise a l'arche,190.0,import_2024,mise a l'arche,mise a l'arche,Mise a l'arche,Mise a l'arche
1998,2024-10-18,L13,Four 1,Serrage l'apteur,adapteur,Section n°5,15.0,import_2024,section n°5,adapteur,Section n°5,adapteur
1999,2024-10-18,L13,Four 1,Serrage l'apteur,adapteur,Section n°10,15.0,import_2024,section n°10,adapteur,Section n°10,adapteur
2000,2024-10-19,L13,Four 1,Mauvaise fonctionnemnt de ripeur,rippeur,Section n°1,10.0,import_2024,section n°1,rippeur,Section n°1,rippeur
2001,2024-10-19,L13,Four 1,Mauvaise fonctionnemnt de ripeur,rippeur,Section n°5,10.0,import_2024,section n°5,rippeur,Section n°5,rippeur
2002,2024-10-19,L13,Four 1,arrêt de mise a l'acrhe,mise a l'arche,mise a l'arche,5.0,import_2024,mise a l'arche,mise a l'arche,Mise a l'arche,Mise a l'arche
2003,2024-10-19,L13,Four 1,arrêt de mise a l'acrhe,mise a l'arche,mise a l'arche,78.0,import_2024,mise a l'arche,mise a l'arche,Mise a l'arche,Mise a l'arche
2004,2024-10-19,L13,Four 1,arrêt de mise a l'acrhe,mise a l'arche,mise a l'arche,43.0,import_2024,mise a l'arche,mise a l'arche,Mise a l'arche,Mise a l'arche
2005,2024-10-20,L13,Four 1,Mauvaise fonctionnemnt de ripeur,rippeur,Section n°2,20.0,import_2024,section n°2,rippeur,Section n°2,rippeur
2006,2024-10-20,L13,Four 1,Mauvaise fonctionnemnt de ripeur,rippeur,Section n°3,20.0,import_2024,section n°3,rippeur,Section n°3,rippeur
2007,2024-10-20,L13,Four 1,Cylindre de compression,compression,Section n°1,75.0,import_2024,section n°1,compression,Section n°1,compression
2008,2024-10-21,L13,Four 1,Mauvaise fonctionnemnt de ripeur,rippeur,Section n°1,30.0,import_2024,section n°1,rippeur,Section n°1,rippeur
2009,2024-10-21,L13,Four 1,Mauvaise fonctionnemnt de ripeur,rippeur,Section n°3,30.0,import_2024,section n°3,rippeur,Section n°3,rippeur
2010,2024-10-21,L13,Four 1,Mauvaise fonctionnemnt de ripeur,rippeur,Section n°9,45.0,import_2024,section n°9,rippeur,Section n°9,rippeur
2011,2024-10-21,L13,Four 1,arrêt de mise a l'acrhe,mise a l'arche,mise a l'arche,5.0,import_2024,mise a l'arche,mise a l'arche,Mise a l'arche,Mise a l'arche
2012,2024-10-21,L13,Four 1,Mauvaise fonctionnemnt de ripeur,rippeur,Section n°5,30.0,import_2024,section n°5,rippeur,Section n°5,rippeur
2013,2024-10-21,L13,Four 1,Mauvaise fonctionnemnt de ripeur,rippeur,Section n°3,30.0,import_2024,section n°3,rippeur,Section n°3,rippeur
2014,2024-10-21,L13,Four 1,Mauvaise fonctionnemnt de ripeur,rippeur,Section n°8,30.0,import_2024,section n°8,rippeur,Section n°8,rippeur
2015,2024-10-21,L13,Four 1,Bras de take-out,take-out,Section n°8,45.0,import_2024,section n°8,take-out,Section n°8,take-out
2016,2024-10-21,L13,Four 1,arret la machine,AEE,machine,25.0,import_2024,machine,aee,Machine,AEE
2017,2024-10-22,L13,Four 1,Arret ciseaux,Mécanisme ciseaux,machine,10.0,import_2024,machine,mécanisme ciseaux,Machine,Mécanisme ciseaux
2018,2024-10-24,L13,Four 1,Changement bras de transfert,bras de transfert,Section n°1,200.0,import_2024,section n°1,bras de transfert,Section n°1,bras de transfert
2019,2024-10-24,L13,Four 1,Mauvaise fonctionnement de noyau,noyau,Section n°7,15.0,import_2024,section n°7,noyau,Section n°7,noyau
2020,2024-10-24,L13,Four 1,Mauvaise fonctionnement de noyau,noyau,Section n°9,15.0,import_2024,section n°9,noyau,Section n°9,noyau
2021,2024-10-27,L13,Four 1,Mauvaise fonctionnement de Ripeur,rippeur,Section n°1,20.0,import_2024,section n°1,rippeur,Section n°1,rippeur
2022,2024-10-27,L13,Four 1,Mauvaise fonctionnement de vertiflow,verti-flow,Section n°5,30.0,import_2024,section n°5,verti-flow,Section n°5,verti-flow
2023,2024-10-27,L13,Four 1,Mauvaise fonctionnement de éjecteur,Ejecteur,Machine,20.0,import_2024,machine,ejecteur,Machine,Ejecteur
2024,2024-10-30,L13,Four 1,Mauvaise fonctionnement vertiflow coté finisseur,verti-flow,Section n°8,60.0,import_2024,section n°8,verti-flow,Section n°8,verti-flow
2025,2024-10-30,L13,Four 1,Mauvaise fonctionnemnt de ripeur,rippeur,Section n°2,20.0,import_2024,section n°2,rippeur,Section n°2,rippeur
2026,2024-10-30,L13,Four 1,Mauvaise fonctionnemnt de ripeur,rippeur,Section n°4,20.0,import_2024,section n°4,rippeur,Section n°4,rippeur
2027,2024-10-30,L13,Four 1,Mauvaise fonctionnemnt de ripeur,rippeur,Section n°6,15.0,import_2024,section n°6,rippeur,Section n°6,rippeur
2028,2024-10-30,L13,Four 1,Changement bras de transfert,bras de transfert,Section n°1,10.0,import_2024,section n°1,bras de transfert,Section n°1,bras de transfert
2029,2024-10-31,L13,Four 1,mauvaise fermeture de charniciere,charnieres,Section n°1,15.0,import_2024,section n°1,charnieres,Section n°1,charnieres
2030,2024-10-31,L13,Four 1,Mauvaise fonctionnemnt de ripeur,rippeur,Section n°8,15.0,import_2024,section n°8,rippeur,Section n°8,rippeur
2031,2024-10-31,L13,Four 1,Changement bras de transfert,bras de transfert,Section n°1,20.0,import_2024,section n°1,bras de transfert,Section n°1,bras de transfert
2032,2024-10-31,L13,Four 1,Changement bras de transfert,bras de transfert,Section n°3,15.0,import_2024,section n°3,bras de transfert,Section n°3,bras de transfert
2033,2024-11-01,L13,Four 1,Mauvaise fonctionnement de Ripeur,rippeur,Section n°1,15.0,import_2024,section n°1,rippeur,Section n°1,rippeur
2034,2024-11-01,L13,Four 1,Ventilation MDB,Ventilation MDB,Section n°1,10.0,import_2024,section n°1,ventilation mdb,Section n°1,Ventilation MDB
2035,2024-11-01,L13,Four 1,Ventilation MDB,Ventilation MDB,Section n°3,10.0,import_2024,section n°3,ventilation mdb,Section n°3,Ventilation MDB
2036,2024-11-01,L13,Four 1,Ventilation MDB,Ventilation MDB,Section n°2,10.0,import_2024,section n°2,ventilation mdb,Section n°2,Ventilation MDB
2037,2024-11-01,L13,Four 1,Mauvaise fonctionnement de Ripeur,rippeur,Section n°10,15.0,import_2024,section n°10,rippeur,Section n°10,rippeur
2038,2024-11-02,L13,Four 1,mauvaise vetilations,ventilation,Section n°3,15.0,import_2024,section n°3,ventilation,Section n°3,ventilation
2039,2024-11-02,L13,Four 1,mauvaise vetilations,ventilation,Section n°4,15.0,import_2024,section n°4,ventilation,Section n°4,ventilation
2040,2024-11-02,L13,Four 1,Mauvaise fonctionnement de Ripeur,rippeur,Section n°4,15.0,import_2024,section n°4,rippeur,Section n°4,rippeur
2041,2024-11-04,L13,Four 1,Manque l'eau de ciseaux,Mécanisme ciseaux,Mécanisme ciseaux,10.0,import_2024,mécanisme ciseaux,mécanisme ciseaux,Mécanisme ciseaux,Mécanisme ciseaux
2042,2024-11-06,L13,Four 1,Arret mise a l'arche,Mise a l'arche,Mise a l'arche,30.0,import_2024,mise a l'arche,mise a l'arche,Mise a l'arche,Mise a l'arche
2043,2024-11-07,L13,Four 1,Changement bras de transfert,bras de transfert,Section n°7,15.0,import_2024,section n°7,bras de transfert,Section n°7,bras de transfert
2044,2024-11-07,L13,Four 1,centrage support entennoir,entonnoir,Section n°7,30.0,import_2024,section n°7,entonnoir,Section n°7,entonnoir
2045,2024-11-07,L13,Four 1,Mauvaise fonctionnement de Ripeur,rippeur,Section n°5,15.0,import_2024,section n°5,rippeur,Section n°5,rippeur
2046,2024-11-07,L13,Four 1,Changement bras de transfert,bras de transfert,Section n°7,20.0,import_2024,section n°7,bras de transfert,Section n°7,bras de transfert
2047,2024-11-07,L13,Four 1,Changement bras de transfert,bras de transfert,Section n°7,10.0,import_2024,section n°7,bras de transfert,Section n°7,bras de transfert
2048,2024-11-09,L13,Four 1,Mauvaise fonctionnement de Ripeur,rippeur,Section n°9,15.0,import_2024,section n°9,rippeur,Section n°9,rippeur
2049,2024-11-09,L13,Four 1,Mauvaise fonctionnement de Ripeur,rippeur,Section n°5,30.0,import_2024,section n°5,rippeur,Section n°5,rippeur
2050,2024-11-10,L13,Four 1,Changement bras de transfert,bras de transfert,Section n°5,10.0,import_2024,section n°5,bras de transfert,Section n°5,bras de transfert
2051,2024-11-11,L13,Four 1,Changement MDB,MDB,Section n°3,10.0,import_2024,section n°3,mdb,Section n°3,MDB
2052,2024-11-11,L13,Four 1,Changement MDB,MDB,Section n°4,10.0,import_2024,section n°4,mdb,Section n°4,MDB
2053,2024-11-11,L13,Four 1,Mauvaise fonctionnement de Ripeur,rippeur,Section n°10,30.0,import_2024,section n°10,rippeur,Section n°10,rippeur
2054,2024-11-12,L13,Four 1,Changement les lammes ciseaux,Mécanisme ciseaux,Mécanisme ciseaux,30.0,import_2024,mécanisme ciseaux,mécanisme ciseaux,Mécanisme ciseaux,Mécanisme ciseaux
2055,2024-11-12,L13,Four 1,Mauvaise fonctionnement de Ripeur,rippeur,Section n°10,10.0,import_2024,section n°10,rippeur,Section n°10,rippeur
2056,2024-11-13,L13,Four 1,Manque l'eau de ciseaux,Mécanisme ciseaux,Mécanisme ciseaux,10.0,import_2024,mécanisme ciseaux,mécanisme ciseaux,Mécanisme ciseaux,Mécanisme ciseaux
2057,2024-11-13,L13,Four 1,Mauvaise fonctionnement de Ripeur,rippeur,Section n°10,15.0,import_2024,section n°10,rippeur,Section n°10,rippeur
2058,2024-11-14,L13,Four 1,Arret convoyeur mise a l'arche,Convoyeur mise a l'arche,Convoyeur mise a l'arche,5.0,import_2024,convoyeur mise a l'arche,convoyeur mise a l'arche,convoyeur mise a l'arche,convoyeur mise a l'arche
2059,2024-11-16,L13,Four 1,Changement bras de transfert,bras de transfert,Section n°8,15.0,import_2024,section n°8,bras de transfert,Section n°8,bras de transfert
2060,2024-11-16,L13,Four 1,Serage flexible de gonflage,gonflage,Section n°1,15.0,import_2024,section n°1,gonflage,Section n°1,gonflage
2061,2024-11-16,L13,Four 1,Serage flexible de gonflage,gonflage,Section n°7,15.0,import_2024,section n°7,gonflage,Section n°7,gonflage
2062,2024-11-17,L13,Four 1,Arret convoyeur mise a l'arche,Convoyeur mise a l'arche,Convoyeur mise a l'arche,5.0,import_2024,convoyeur mise a l'arche,convoyeur mise a l'arche,convoyeur mise a l'arche,convoyeur mise a l'arche
2063,2024-11-17,L13,Four 1,Arret convoyeur mise a l'arche,Convoyeur mise a l'arche,Convoyeur mise a l'arche,3.0,import_2024,convoyeur mise a l'arche,convoyeur mise a l'arche,convoyeur mise a l'arche,convoyeur mise a l'arche
2064,2024-11-17,L13,Four 1,Changement bras de transfert,bras de transfert,Section n°4,20.0,import_2024,section n°4,bras de transfert,Section n°4,bras de transfert
2065,2024-11-18,L13,Four 1,Changement rippeur,rippeur,Section n°9,10.0,import_2024,section n°9,rippeur,Section n°9,rippeur
2066,2024-11-19,L13,Four 1,Mise a niveau bras de transfert,bras de transfert,Section n°10,15.0,import_2024,section n°10,bras de transfert,Section n°10,bras de transfert
2067,2024-11-19,L13,Four 1,Changement rippeur,rippeur,Section n°1,15.0,import_2024,section n°1,rippeur,Section n°1,rippeur
2068,2024-11-19,L13,Four 1,Changement bras take-out,take-out,Section n°10,15.0,import_2024,section n°10,take-out,Section n°10,take-out
2069,2024-11-20,L13,Four 1,Changement charnieres Eb,charnietres,Section n°4,30.0,import_2024,section n°4,charnietres,Section n°4,charnietres
2070,2024-11-20,L13,Four 1,Changement bras de transfert,bras de transfert,Section n°8,30.0,import_2024,section n°8,bras de transfert,Section n°8,bras de transfert
2071,2024-11-20,L13,Four 1,Changement bras de transfert,bras de transfert,Section n°9,20.0,import_2024,section n°9,bras de transfert,Section n°9,bras de transfert
2072,2024-11-20,L13,Four 1,Changement rippeur,rippeur,Section n°4,15.0,import_2024,section n°4,rippeur,Section n°4,rippeur
2073,2024-11-20,L13,Four 1,Coincement ATC,ATC,ATC,5.0,import_2024,atc,atc,ATC,ATC
2074,2024-11-21,L13,Four 1,Mauvaise fonctionnement de Ripeur,rippeur,Section n°1,20.0,import_2024,section n°1,rippeur,Section n°1,rippeur
2075,2024-11-21,L13,Four 1,Mauvaise fonctionnement de Ripeur,rippeur,Section n°9,20.0,import_2024,section n°9,rippeur,Section n°9,rippeur
2076,2024-11-21,L13,Four 1,changement rippeur,rippeur,Section n°1,15.0,import_2024,section n°1,rippeur,Section n°1,rippeur
2077,2024-11-21,L13,Four 1,Mauvaise fonctionnement de Ripeur,rippeur,Section n°7,15.0,import_2024,section n°7,rippeur,Section n°7,rippeur
2078,2024-11-22,L13,Four 1,Mauvaise fonctionnement de Ripeur,rippeur,Section n°1,25.0,import_2024,section n°1,rippeur,Section n°1,rippeur
2079,2024-11-22,L13,Four 1,Mauvaise fonctionnement de Ripeur,rippeur,Section n°2,15.0,import_2024,section n°2,rippeur,Section n°2,rippeur
2080,2024-11-22,L13,Four 1,Mauvaise fonctionnement de Ripeur,rippeur,Section n°3,10.0,import_2024,section n°3,rippeur,Section n°3,rippeur
2081,2024-11-22,L13,Four 1,Mauvaise fonctionnement de Ripeur,rippeur,Section n°4,20.0,import_2024,section n°4,rippeur,Section n°4,rippeur
2082,2024-11-22,L13,Four 1,changement poincon,Poincon,Section n°9,20.0,import_2024,section n°9,poincon,Section n°9,poincon
2083,2024-11-22,L13,Four 1,Centrage tete de gonflage,gonflage,Section n°3,20.0,import_2024,section n°3,gonflage,Section n°3,gonflage
2084,2024-11-22,L13,Four 1,Changement bras de transfert,bras de transfert,Section n°8,15.0,import_2024,section n°8,bras de transfert,Section n°8,bras de transfert
2085,2024-11-22,L13,Four 1,Mauvaise fonctionnement de Ripeur,rippeur,Section n°4,10.0,import_2024,section n°4,rippeur,Section n°4,rippeur
2086,2024-11-23,L13,Four 1,Mauvaise fonctionnement de Ripeur,rippeur,Section n°4,15.0,import_2024,section n°4,rippeur,Section n°4,rippeur
2087,2024-11-23,L13,Four 1,Mauvaise fonctionnement de Ripeur,rippeur,Section n°4,15.0,import_2024,section n°4,rippeur,Section n°4,rippeur
2088,2024-11-23,L13,Four 1,Changement bras de transfert,bras de transfert,Section n°8,15.0,import_2024,section n°8,bras de transfert,Section n°8,bras de transfert
2089,2024-11-23,L13,Four 1,Flexible verti-flow,verti-flow,Section n°5,15.0,import_2024,section n°5,verti-flow,Section n°5,verti-flow
2090,2024-11-24,L13,Four 1,Mise a niveau bras de transfert,bras de transfert,Section n°10,15.0,import_2024,section n°10,bras de transfert,Section n°10,bras de transfert
2091,2024-11-24,L13,Four 1,Changement ventilation MDB,MDB,Section n°9,20.0,import_2024,section n°9,mdb,Section n°9,MDB
2092,2024-11-24,L13,Four 1,Changement ventilation MDB,MDB,Section n°10,20.0,import_2024,section n°10,mdb,Section n°10,MDB
2093,2024-11-25,L13,Four 1,Mauvaise fonctionnement de Ripeur,rippeur,Section n°2,30.0,import_2024,section n°2,rippeur,Section n°2,rippeur
2094,2024-11-25,L13,Four 1,Mauvaise fonctionnement de Ripeur,rippeur,Section n°8,15.0,import_2024,section n°8,rippeur,Section n°8,rippeur
2095,2024-11-25,L13,Four 1,Mauvaise fonctionnement de Ripeur,rippeur,Section n°1,40.0,import_2024,section n°1,rippeur,Section n°1,rippeur
2096,2024-11-26,L13,Four 1,Mauvaise fonctionnement de Ripeur,rippeur,Section n°2,30.0,import_2024,section n°2,rippeur,Section n°2,rippeur
2097,2024-11-26,L13,Four 1,Mauvaise fonctionnement de Ripeur,rippeur,Section n°8,20.0,import_2024,section n°8,rippeur,Section n°8,rippeur
2098,2024-11-26,L13,Four 1,Mauvaise fonctionnement de Ripeur,rippeur,Section n°1,20.0,import_2024,section n°1,rippeur,Section n°1,rippeur
2099,2024-11-26,L13,Four 1,Mauvaise fonctionnement de Ripeur,rippeur,Section n°4,30.0,import_2024,section n°4,rippeur,Section n°4,rippeur
2100,2024-11-26,L13,Four 1,Mauvaise fonctionnement de Ripeur,rippeur,Section n°5,30.0,import_2024,section n°5,rippeur,Section n°5,rippeur
2101,2024-11-26,L13,Four 1,Mauvaise fonctionnement de Ripeur,rippeur,Section n°6,60.0,import_2024,section n°6,rippeur,Section n°6,rippeur
2102,2024-11-26,L13,Four 1,Mauvaise fonctionnement de Ripeur,rippeur,Section n°7,60.0,import_2024,section n°7,rippeur,Section n°7,rippeur
2103,2024-11-26,L13,Four 1,Mauvaise fonctionnement de Ripeur,rippeur,Section n°2,30.0,import_2024,section n°2,rippeur,Section n°2,rippeur
2104,2024-11-27,L13,Four 1,Changement bras de transfert,bras de transfert,Section n°3,20.0,import_2024,section n°3,bras de transfert,Section n°3,bras de transfert
2105,2024-11-28,L13,Four 1,Verti-flow,verti-flow,Section n°10,20.0,import_2024,section n°10,verti-flow,Section n°10,verti-flow
2106,2024-11-28,L13,Four 1,Mauvaise fonctionnement de Ripeur,rippeur,Section n°5,15.0,import_2024,section n°5,rippeur,Section n°5,rippeur
2107,2024-11-28,L13,Four 1,Mauvaise fonctionnement de Ripeur,rippeur,Section n°2,15.0,import_2024,section n°2,rippeur,Section n°2,rippeur
2108,2024-11-29,L13,Four 1,Changement bras de transfert,bras de transfert,Section n°3,15.0,import_2024,section n°3,bras de transfert,Section n°3,bras de transfert
2109,2024-11-29,L13,Four 1,Changement support tete de gonflage,support tete de gonflage,Section n°2,20.0,import_2024,section n°2,support tete de gonflage,Section n°2,Support tete de gonflage
2110,2024-11-29,L13,Four 1,Ventilation MDB,Ventilation MDB,Section n°3,15.0,import_2024,section n°3,ventilation mdb,Section n°3,Ventilation MDB
2111,2024-11-29,L13,Four 1,Ventilation MDB,Ventilation MDB,Section n°2,15.0,import_2024,section n°2,ventilation mdb,Section n°2,Ventilation MDB
2112,2024-11-29,L13,Four 1,Mauvaise fonctionnement de Ripeur,rippeur,Section n°4,15.0,import_2024,section n°4,rippeur,Section n°4,rippeur
2113,2024-11-30,L13,Four 1,Réglage niveau bras de transfert,bras de transfert,Section n°2,20.0,import_2024,section n°2,bras de transfert,Section n°2,bras de transfert
2114,2024-11-30,L13,Four 1,Changement ripeur 2 fois,rippeur,Section n°6,30.0,import_2024,section n°6,rippeur,Section n°6,rippeur
2115,2024-11-30,L13,Four 1,Changement ripeur,rippeur,Section n°6,15.0,import_2024,section n°6,rippeur,Section n°6,rippeur
2116,2024-11-30,L13,Four 1,Probléme au niveau de scoop,scoop,scoop,30.0,import_2024,scoop,scoop,scoop,scoop
2117,2024-12-01,L13,Four 1,Changement charnieres Eb,charnieres,Section n°2,15.0,import_2024,section n°2,charnieres,Section n°2,charnieres
2118,2024-12-01,L13,Four 1,Changement charnieres Eb,charnieres,Section n°4,15.0,import_2024,section n°4,charnieres,Section n°4,charnieres
2119,2024-12-01,L13,Four 1,Réglage niveau bras de transfert,bras de transfert,Section n°3,20.0,import_2024,section n°3,bras de transfert,Section n°3,bras de transfert
2120,2024-12-01,L13,Four 1,Réglage niveau bras de transfert,bras de transfert,Section n°5,50.0,import_2024,section n°5,bras de transfert,Section n°5,bras de transfert
2121,2024-12-01,L13,Four 1,Mauvaise fonctionnement de Ripeur,rippeur,Section n°4,30.0,import_2024,section n°4,rippeur,Section n°4,rippeur
2122,2024-12-01,L13,Four 1,Nettoyage rondelee,décalage poids,rondelle,10.0,import_2024,rondelle,décalage poids,rondelle,Décalage poids
2123,2024-12-01,L13,Four 1,Changement support tete de gonflage,tete de gonglage,Section n°2,20.0,import_2024,section n°2,tete de gonglage,Section n°2,tete de gonglage
2124,2024-12-01,L13,Four 1,Mauvaise fonctionnement de Ripeur,rippeur,Section n°6,15.0,import_2024,section n°6,rippeur,Section n°6,rippeur
2125,2024-12-01,L13,Four 1,Mauvaise fonctionnement de Ripeur,rippeur,Section n°2,15.0,import_2024,section n°2,rippeur,Section n°2,rippeur
2126,2024-12-02,L13,Four 1,Mauvaise fonctionnement de Ripeur,rippeur,Section n°6,30.0,import_2024,section n°6,rippeur,Section n°6,rippeur
2127,2024-12-02,L13,Four 1,Changrment flexible de refroidissement scoop,scoop,scoop,10.0,import_2024,scoop,scoop,scoop,scoop
2128,2024-12-02,L13,Four 1,Changement bras take-out,take-out,Section n°4,40.0,import_2024,section n°4,take-out,Section n°4,take-out
2129,2024-12-02,L13,Four 1,Réglage niveau bras de transfert,bras de transfert,Section n°4,10.0,import_2024,section n°4,bras de transfert,Section n°4,bras de transfert
2130,2024-12-03,L13,Four 1,Serrage flasque,serrage,Section n°7,20.0,import_2024,section n°7,serrage,Section n°7,serrage
2131,2024-12-03,L13,Four 1,Ventilation MDB,Ventilation MDB,Section n°9,15.0,import_2024,section n°9,ventilation mdb,Section n°9,Ventilation MDB
2132,2024-12-03,L13,Four 1,Ventilation MDB,Ventilation MDB,Section n°10,15.0,import_2024,section n°10,ventilation mdb,Section n°10,Ventilation MDB
2133,2024-12-03,L13,Four 1,Mauvaise fonctionnement de Ripeur,rippeur,Section n°3,15.0,import_2024,section n°3,rippeur,Section n°3,rippeur
2134,2024-12-05,L13,Four 1,Arret convoyeur mise a l'arche,Convoyeur mise a l'arche,Convoyeur mise a l'arche,10.0,import_2024,convoyeur mise a l'arche,convoyeur mise a l'arche,convoyeur mise a l'arche,convoyeur mise a l'arche
2135,2024-12-05,L13,Four 1,Arret convoyeur mise a l'arche,Convoyeur mise a l'arche,Convoyeur mise a l'arche,45.0,import_2024,convoyeur mise a l'arche,convoyeur mise a l'arche,convoyeur mise a l'arche,convoyeur mise a l'arche
2136,2024-12-06,L13,Four 1,Réglage niveau bras de transfert,bras de transfert,Section n°8,10.0,import_2024,section n°8,bras de transfert,Section n°8,bras de transfert
2137,2024-12-06,L13,Four 1,Réglage niveau bras de transfert,bras de transfert,Section n°5,15.0,import_2024,section n°5,bras de transfert,Section n°5,bras de transfert
2138,2024-12-06,L13,Four 1,Réglage niveau bras de transfert,bras de transfert,Section n°9,15.0,import_2024,section n°9,bras de transfert,Section n°9,bras de transfert
2139,2024-12-06,L13,Four 1,Réglage niveau bras de transfert,bras de transfert,Section n°2,20.0,import_2024,section n°2,bras de transfert,Section n°2,bras de transfert
2140,2024-12-06,L13,Four 1,Arret convoyeur mise a l'arche,Convoyeur mise a l'arche,Convoyeur mise a l'arche,35.0,import_2024,convoyeur mise a l'arche,convoyeur mise a l'arche,convoyeur mise a l'arche,convoyeur mise a l'arche
2141,2024-12-06,L13,Four 1,Changement bras take-out,take-out,Section n°2,45.0,import_2024,section n°2,take-out,Section n°2,take-out
2142,2024-12-06,L13,Four 1,Changement bras take-out,take-out,Section n°2,30.0,import_2024,section n°2,take-out,Section n°2,take-out
2143,2024-12-07,L13,Four 1,Verti-flow,verti-flow,Section n°6,60.0,import_2024,section n°6,verti-flow,Section n°6,verti-flow
2144,2024-12-07,L13,Four 1,Arret convoyeur mise a l'arche,Convoyeur mise a l'arche,Convoyeur mise a l'arche,15.0,import_2024,convoyeur mise a l'arche,convoyeur mise a l'arche,convoyeur mise a l'arche,convoyeur mise a l'arche
2145,2024-12-07,L13,Four 1,Changement bras de transfert,bras de transfert,Section n°2,15.0,import_2024,section n°2,bras de transfert,Section n°2,bras de transfert
2146,2024-12-07,L13,Four 1,Changement ripeur,rippeur,Section n°7,10.0,import_2024,section n°7,rippeur,Section n°7,rippeur
2147,2024-12-08,L13,Four 1,Changement support de compression,support de compression,Section n°5,15.0,import_2024,section n°5,support de compression,Section n°5,support de compression
2148,2024-01-01,L21,Four 2,Changement de support compression et mise à niveau des moules ébaucheurs,Section n°6,compression,90.0,import_2024,compression,section n°6,compression,Section n°6
2149,2024-01-01,L21,Four 2,Changement de support compression,Section n°2,compression,40.0,import_2024,compression,section n°2,compression,Section n°2
2150,2024-01-02,L21,Four 2,Changement bras de transfert,Section n°6,bras de transfert,15.0,import_2024,bras de transfert,section n°6,bras de transfert,Section n°6
2151,2024-01-04,L21,Four 2,changement de rippeur,Section n°3,rippeur,10.0,import_2024,rippeur,section n°3,rippeur,Section n°3
2152,2024-01-04,L21,Four 2,changement de rippeur,Section n°5,rippeur,10.0,import_2024,rippeur,section n°5,rippeur,Section n°5
2153,2024-01-05,L21,Four 2,Changement bras de transfert,Section n°1,bras de transfert,20.0,import_2024,bras de transfert,section n°1,bras de transfert,Section n°1
2154,2024-01-08,L21,Four 2,Panne au niveau de support compression,Section n°3,compression,25.0,import_2024,compression,section n°3,compression,Section n°3
2155,2024-01-10,L21,Four 2,Changement du bras Take-Out et pièce de centrage,Section n°4,take-out,40.0,import_2024,take-out,section n°4,take-out,Section n°4
2156,2024-01-10,L21,Four 2,Changement et mise à niveau des inserts ébaucheur,Section n°6,insert,60.0,import_2024,insert,section n°6,insert,Section n°6
2157,2024-01-11,L21,Four 2,Changement de support compression et centrage du bague et cylindre,Section n°6,compression,70.0,import_2024,compression,section n°6,compression,Section n°6
2158,2024-01-11,L21,Four 2,Changement de cartouche bloc valve,Section n°4,bloc valve,65.0,import_2024,bloc valve,section n°4,bloc valve,Section n°4
2159,2024-01-12,L21,Four 2,Panne électrique,Section n°6,AEE,30.0,import_2024,aee,section n°6,AEE,Section n°6
2160,2024-01-12,L21,Four 2,changement de support compression,Section n°6,compression,20.0,import_2024,compression,section n°6,compression,Section n°6
2161,2024-01-13,L21,Four 2,changement support de compression,Section n°8,compression,60.0,import_2024,compression,section n°8,compression,Section n°8
2162,2024-01-13,L21,Four 2,Changement cartouche,Section n°3,cartouche,30.0,import_2024,cartouche,section n°3,cartouche,Section n°3
2163,2024-01-13,L21,Four 2,changement cylindre,Section n°6,cylindre,180.0,import_2024,cylindre,section n°6,cylindre,Section n°6
2164,2024-01-15,L21,Four 2,Changement support compression,Section n°2,compression,60.0,import_2024,compression,section n°2,compression,Section n°2
2165,2024-01-16,L21,Four 2,Changement ventillation,Section n°7,ventillation,85.0,import_2024,ventillation,section n°7,ventillation,Section n°7
2166,2024-01-16,L21,Four 2,Nettoyage,Section n°7,nettoyage,75.0,import_2024,nettoyage,section n°7,nettoyage,Section n°7
2167,2024-01-16,L21,Four 2,Nettoyage,Section n°6,nettoyage,75.0,import_2024,nettoyage,section n°6,nettoyage,Section n°6
2168,2024-01-19,L21,Four 2,Changement support compression,Section n°6,compression,60.0,import_2024,compression,section n°6,compression,Section n°6
2169,2024-01-19,L21,Four 2,Coincement au niveau de cartouche poincon,Section n°7,poincon,30.0,import_2024,poincon,section n°7,poincon,Section n°7
2170,2024-01-20,L21,Four 2,Changement du bras take-out,Section n°2,take-out,45.0,import_2024,take-out,section n°2,take-out,Section n°2
2171,2024-01-20,L21,Four 2,Changement support de compression,Section n°8,compression,20.0,import_2024,compression,section n°8,compression,Section n°8
2172,2024-01-21,L21,Four 2,Changement support de compression,Section n°5,compression,30.0,import_2024,compression,section n°5,compression,Section n°5
2173,2024-01-21,L21,Four 2,verre froid suite à une arret de surpresseur de gaz à cause d'une chutte de tension,Machine,Mécanisme FEEDER,30.0,import_2024,mécanisme feeder,machine,Mécanisme FEEDER,Machine
2174,2024-01-21,L21,Four 2,Changement support de compression,Section n°5,compression,30.0,import_2024,compression,section n°5,compression,Section n°5
2175,2024-01-22,L21,Four 2,Changement support compression,Section n°3,compression,80.0,import_2024,compression,section n°3,compression,Section n°3
2176,2024-01-22,L21,Four 2,Changement support compression,Section n°4,compression,30.0,import_2024,compression,section n°4,compression,Section n°4
2177,2024-01-22,L21,Four 2,Changement support compression,Section n°3,compression,45.0,import_2024,compression,section n°3,compression,Section n°3
2178,2024-01-23,L21,Four 2,Changement support compression,Section n°2,compression,120.0,import_2024,compression,section n°2,compression,Section n°2
2179,2024-01-23,L21,Four 2,Changement support compression,Section n°4,compression,35.0,import_2024,compression,section n°4,compression,Section n°4
2180,2024-01-24,L21,Four 2,Changement de support compression et mise à niveau du bras transfert,Section n°6,compression,35.0,import_2024,compression,section n°6,compression,Section n°6
2181,2024-01-27,L21,Four 2,Changement bras de transfert,Section n°1,bras de transfert,20.0,import_2024,bras de transfert,section n°1,bras de transfert,Section n°1
2182,2024-01-27,L21,Four 2,Changement de support compression,Section n°1,compression,50.0,import_2024,compression,section n°1,compression,Section n°1
2183,2024-01-27,L21,Four 2,Changement de support gonflage,Section n°8,gonflage,15.0,import_2024,gonflage,section n°8,gonflage,Section n°8
2184,2024-01-28,L21,Four 2,Changement bras de transfert,Section n°1,bras de transfert,15.0,import_2024,bras de transfert,section n°1,bras de transfert,Section n°1
2185,2024-01-28,L21,Four 2,Changement de support compression,Section n°3,compression,15.0,import_2024,compression,section n°3,compression,Section n°3
2186,2024-01-28,L21,Four 2,Changement de support compression,Section n°1,compression,15.0,import_2024,compression,section n°1,compression,Section n°1
2187,2024-01-29,L21,Four 2,Changement de support compression,Section n°3,compression,60.0,import_2024,compression,section n°3,compression,Section n°3
2188,2024-01-29,L21,Four 2,changement cartouche poincon,Section n°6,poincon,15.0,import_2024,poincon,section n°6,poincon,Section n°6
2189,2024-01-29,L21,Four 2,Changement bras de transfert,Section n°4,bras de transfert,20.0,import_2024,bras de transfert,section n°4,bras de transfert,Section n°4
2190,2024-01-30,L21,Four 2,Changement bras de transfert,Section n°2,bras de transfert,20.0,import_2024,bras de transfert,section n°2,bras de transfert,Section n°2
2191,2024-01-30,L21,Four 2,Changement et centrage support compression,Section n°2,compression,30.0,import_2024,compression,section n°2,compression,Section n°2
2192,2024-01-30,L21,Four 2,Changement de support compression,Section n°2,compression,20.0,import_2024,compression,section n°2,compression,Section n°2
2193,2024-01-30,L21,Four 2,Changement bras de transfert,Section n°2,bras de transfert,20.0,import_2024,bras de transfert,section n°2,bras de transfert,Section n°2
2194,2024-01-30,L21,Four 2,Panne electrique,Section n°4,AEE,20.0,import_2024,aee,section n°4,AEE,Section n°4
2195,2024-02-01,L21,Four 2,Changement de support compression 3 fois (Bague mal rendue),Section n°5,compression,55.0,import_2024,compression,section n°5,compression,Section n°5
2196,2024-02-02,L21,Four 2,Arret de plongeur et ciseau,Ciseaux,Mécanisme FEEDER,20.0,import_2024,mécanisme feeder,ciseaux,Mécanisme FEEDER,Ciseaux
2197,2024-02-02,L21,Four 2,"Changement de distributeur, bobine",Section n°4,Distributeur,60.0,import_2024,distributeur,section n°4,distributeur,Section n°4
2198,2024-02-02,L21,Four 2,Changement du bras Take-Out,Section n°2,take-out,40.0,import_2024,take-out,section n°2,take-out,Section n°2
2199,2024-02-03,L21,Four 2,Affinage,Machine,affinage,43.0,import_2024,affinage,machine,affinage,Machine
2200,2024-02-11,L21,Four 2,Changement de support de gonflage,Section n°4,gonflage,25.0,import_2024,gonflage,section n°4,gonflage,Section n°4
2201,2024-02-11,L21,Four 2,Changement de support de gonflage,Section n°6,gonflage,25.0,import_2024,gonflage,section n°6,gonflage,Section n°6
2202,2024-02-12,L21,Four 2,Changement de support kde gonflage,Section n°3,gonflage,10.0,import_2024,gonflage,section n°3,gonflage,Section n°3
2203,2024-02-14,L21,Four 2,Réglage de niceau du bras transfert et inserts,Section n°6,bras de transfert,40.0,import_2024,bras de transfert,section n°6,bras de transfert,Section n°6
2204,2024-02-14,L21,Four 2,Panne éléctrique,Section n°4,AEE,40.0,import_2024,aee,section n°4,AEE,Section n°4
2205,2024-02-14,L21,Four 2,Changement de moteur du bras Take-Out,Section n°2,take-out,180.0,import_2024,take-out,section n°2,take-out,Section n°2
2206,2024-02-14,L21,Four 2,Réglage des inserts,Section n°1,insert,60.0,import_2024,insert,section n°1,insert,Section n°1
2207,2024-02-16,L21,Four 2,Panne éléctrique,Section n°2,AEE,150.0,import_2024,aee,section n°2,AEE,Section n°2
2208,2024-02-17,L21,Four 2,Changement du bras Take-Out,Section n°7,take-out,20.0,import_2024,take-out,section n°7,take-out,Section n°7
2209,2024-02-20,L21,Four 2,Mise à niveau du bras take-Out,Section n°7,take-out,15.0,import_2024,take-out,section n°7,take-out,Section n°7
2210,2024-02-22,L21,Four 2,Nettoyage de rondelle et changement de toute la série des bague,Machine,rondelle,14.0,import_2024,rondelle,machine,rondelle,Machine
2211,2024-02-23,L21,Four 2,Arret tapis d'arche,Arche,Tapis d'arche,10.0,import_2024,tapis d'arche,arche,Tapis d'arche,Arche
2212,2024-02-26,L21,Four 2,Changement des inserts ébaucheurs et mise à niveau des inserts finisseur,Section n°4,insert,30.0,import_2024,insert,section n°4,insert,Section n°4
2213,2024-02-26,L21,Four 2,Changement de Verti-Flow,Section n°8,verti-flow,30.0,import_2024,verti-flow,section n°8,verti-flow,Section n°8
2214,2024-02-27,L21,Four 2,Coincement des moules finisseurs,Section n°5,coincement moule,100.0,import_2024,coincement moule,section n°5,coincement moule,Section n°5
2215,2024-02-28,L21,Four 2,Changement du bras Take-Out,Section n°6,take-out,30.0,import_2024,take-out,section n°6,take-out,Section n°6
2216,2024-02-28,L21,Four 2,Serrage des holders ébaucheurs et finisseurs,Section n°4,holders,20.0,import_2024,holders,section n°4,holders,Section n°4
2217,2024-02-28,L21,Four 2,Serrage des holders finisseurs,Section n°4,gholders,15.0,import_2024,gholders,section n°4,gholders,Section n°4
2218,2024-02-28,L21,Four 2,Bouchage d'eau de refroidissement ciseaux,Machine,mécanisme ciseaux,10.0,import_2024,mécanisme ciseaux,machine,Mécanisme ciseaux,Machine
2219,2024-02-29,L21,Four 2,Réglage des inserts,Section n°4,insert,25.0,import_2024,insert,section n°4,insert,Section n°4
2220,2024-03-01,L21,Four 2,Changement du bras transfert,Section n°3,bras de transfert,10.0,import_2024,bras de transfert,section n°3,bras de transfert,Section n°3
2221,2024-03-02,L21,Four 2,ATC,ATC,transfert,10.0,import_2024,transfert,atc,transfert,ATC
2222,2024-03-03,L21,Four 2,Changement du bras transfert,Section n°3,bras de transfert,15.0,import_2024,bras de transfert,section n°3,bras de transfert,Section n°3
2223,2024-03-04,L21,Four 2,Serrage des holders ébaucheur,Section n°3,holders,15.0,import_2024,holders,section n°3,holders,Section n°3
2224,2024-03-04,L21,Four 2,Changement de distributeur de perçage,Section n°3,percage,20.0,import_2024,percage,section n°3,percage,Section n°3
2225,2024-04-05,L21,Four 2,Verti-Flow continue,Section n°4,verti-flow,330.0,import_2024,verti-flow,section n°4,verti-flow,Section n°4
2226,2024-03-06,L21,Four 2,Changement de cartouche et support de compression,Section n°8,compression,15.0,import_2024,compression,section n°8,compression,Section n°8
2227,2024-03-11,L21,Four 2,Changement de support compression,Section n°3,compression,15.0,import_2024,compression,section n°3,compression,Section n°3
2228,2024-03-13,L21,Four 2,Arret machine: Manque de gaz,Machine,Manque de gaz,60.0,import_2024,manque de gaz,machine,Manque de gaz,Machine
2229,2024-03-16,L21,Four 2,Changement des inserts,Section n°8,insert,30.0,import_2024,insert,section n°8,insert,Section n°8
2230,2024-03-17,L21,Four 2,Changement des inserts,Section n°8,insert,60.0,import_2024,insert,section n°8,insert,Section n°8
2231,2024-03-17,L21,Four 2,Changement cartouche,Section n°3,cartouche,20.0,import_2024,cartouche,section n°3,cartouche,Section n°3
2232,2024-03-19,L21,Four 2,Changement de cartouche poinçon,Section n°3,poincon,40.0,import_2024,poincon,section n°3,poincon,Section n°3
2233,2024-03-20,L21,Four 2,Changement du bras transfert,Section n°5,bras de transfert,150.0,import_2024,bras de transfert,section n°5,bras de transfert,Section n°5
2234,2024-03-21,L21,Four 2,Arret machine:Nettoayage de rondelle,Machine,rondelle,15.0,import_2024,rondelle,machine,rondelle,Machine
2235,2024-03-24,L21,Four 2,Arret machine:Nettoayage de rondelle,Machine,rondelle,10.0,import_2024,rondelle,machine,rondelle,Machine
2236,2024-03-28,L21,Four 2,Arret machine:Nettoayage de rondelle,Machine,rondelle,17.0,import_2024,rondelle,machine,rondelle,Machine
2237,2024-03-29,L21,Four 2,Arret machine:Nettoayage de rondelle,Machine,rondelle,15.0,import_2024,rondelle,machine,rondelle,Machine
2238,2024-04-02,L21,Four 2,Changement du bras Take-Out,Section n°3,take-out,60.0,import_2024,take-out,section n°3,take-out,Section n°3
2239,2024-04-08,L21,Four 2,Réglage compression,Section n°1,compression,45.0,import_2024,compression,section n°1,compression,Section n°1
2240,2024-04-08,L21,Four 2,Réglage compression,Section n°1,compression,30.0,import_2024,compression,section n°1,compression,Section n°1
2241,2024-04-08,L21,Four 2,Arret convoyeur mise a l'arche,mise a l'arche,convoyeur mise a l'arche,20.0,import_2024,convoyeur mise a l'arche,mise a l'arche,convoyeur mise a l'arche,Mise a l'arche
2242,2024-04-08,L21,Four 2,Arret de moteur du bras Take-Out,Section n°4,take-out,150.0,import_2024,take-out,section n°4,take-out,Section n°4
2243,2024-04-10,L21,Four 2,Changement du bras transfert,Section n°4,bras de transfert,10.0,import_2024,bras de transfert,section n°4,bras de transfert,Section n°4
2244,2024-04-10,L21,Four 2,Changement du bras Take-Out,Section n°4,take-out,10.0,import_2024,take-out,section n°4,take-out,Section n°4
2245,2024-04-11,L21,Four 2,Manque de Verti-Flow finisseur,Section n°1,verti-flow,60.0,import_2024,verti-flow,section n°1,verti-flow,Section n°1
2246,2024-04-12,L21,Four 2,Changement du bras transfert,Section n°1,bras de transfert,20.0,import_2024,bras de transfert,section n°1,bras de transfert,Section n°1
2247,2024-04-12,L21,Four 2,Changement de support compression,Section n°8,compression,30.0,import_2024,compression,section n°8,compression,Section n°8
2248,2024-04-12,L21,Four 2,Manque de gonflage,Section n°2,gonflage,10.0,import_2024,gonflage,section n°2,gonflage,Section n°2
2249,2024-04-12,L21,Four 2,Changement bras de transfert,Section n°6,bras de transfert,20.0,import_2024,bras de transfert,section n°6,bras de transfert,Section n°6
2250,2024-04-20,L21,Four 2,Changement de cartouche,Section n°1,cartouche,30.0,import_2024,cartouche,section n°1,cartouche,Section n°1
2251,2024-04-24,L21,Four 2,Changement du bras Take-Out,Section n°1,take-out,30.0,import_2024,take-out,section n°1,take-out,Section n°1
2252,2024-04-24,L21,Four 2,Changement du bras Take-Out,Section n°1,take-out,40.0,import_2024,take-out,section n°1,take-out,Section n°1
2253,2024-05-04,L21,Four 2,Changement de mécanisme réducteur du bras Take-Out,Section n°2,take-out,180.0,import_2024,take-out,section n°2,take-out,Section n°2
2254,2024-05-05,L21,Four 2,Changement rippeur,Section n°2,rippeur,180.0,import_2024,rippeur,section n°2,rippeur,Section n°2
2255,2024-05-07,L21,Four 2,Changement de Neck-Ring,Section n°8,neck-ring,120.0,import_2024,neck-ring,section n°8,neck-ring,Section n°8
2256,2024-05-07,L21,Four 2,Changement des pinçettes,Section n°5,pincettes,5.0,import_2024,pincettes,section n°5,pincettes,Section n°5
2257,2024-05-14,L21,Four 2,Changement du bras transfert,Section n°8,bras de transfert,20.0,import_2024,bras de transfert,section n°8,bras de transfert,Section n°8
2258,2024-05-23,L21,Four 2,Arret convoyeur machine,convoyeur machine,convoyeur machine,10.0,import_2024,convoyeur machine,convoyeur machine,convoyeur machine,convoyeur machine
2259,2024-05-24,L21,Four 2,Mauvaise prise des pinçettes,Section n°3,pincettes,20.0,import_2024,pincettes,section n°3,pincettes,Section n°3
2260,2024-05-27,L21,Four 2,Collision des lames ciseaux avec un morceau de réfractaire,Ciseaux,mécanisme ciseaux,10.0,import_2024,mécanisme ciseaux,ciseaux,Mécanisme ciseaux,Ciseaux
2261,2024-05-30,L21,Four 2,Changement du bras Take-Out,Section n°5,take-out,45.0,import_2024,take-out,section n°5,take-out,Section n°5
2262,2024-05-31,L21,Four 2,Mise a l'arche,mise a l'arche,mise a l'arche,10.0,import_2024,mise a l'arche,mise a l'arche,Mise a l'arche,Mise a l'arche
2263,2024-05-31,L21,Four 2,Mauvaise fonctionnement ripeur,Section n°3,rippeur,60.0,import_2024,rippeur,section n°3,rippeur,Section n°3
2264,2024-05-31,L21,Four 2,Mauvaise fonctionnement ripeur,Section n°3,rippeur,120.0,import_2024,rippeur,section n°3,rippeur,Section n°3
2265,2024-06-05,L21,Four 2,Mauvaise montée du poinçon,Section n°6,poincon,180.0,import_2024,poincon,section n°6,poincon,Section n°6
2266,2024-06-05,L21,Four 2,Changement de distributeur perçage,Section n°5,percage,15.0,import_2024,percage,section n°5,percage,Section n°5
2267,2024-06-06,L21,Four 2,Mauvaise montée du poinçon,Section n°6,poincon,30.0,import_2024,poincon,section n°6,poincon,Section n°6
2268,2024-06-06,L21,Four 2,Changement support de compression,Section n°1,compression,30.0,import_2024,compression,section n°1,compression,Section n°1
2269,2024-06-07,L21,Four 2,Réglage des inserts,Section n°6,insert,40.0,import_2024,insert,section n°6,insert,Section n°6
2270,2024-06-07,L21,Four 2,Changement support de compression,Section n°1,compression,30.0,import_2024,compression,section n°1,compression,Section n°1
2271,2024-06-07,L21,Four 2,Changement support de compression,Section n°7,compression,30.0,import_2024,compression,section n°7,compression,Section n°7
2272,2024-06-08,L21,Four 2,Changement support de compression,Section n°5,compression,170.0,import_2024,compression,section n°5,compression,Section n°5
2273,2024-06-08,L21,Four 2,Changement support de compression,Section n°7,compression,35.0,import_2024,compression,section n°7,compression,Section n°7
2274,2024-06-08,L21,Four 2,Ajustement de niveau du bras transfert,Section n°8,bras de transfert,30.0,import_2024,bras de transfert,section n°8,bras de transfert,Section n°8
2275,2024-06-08,L21,Four 2,Changement de cartouche poinçon,Section n°2,poincon,30.0,import_2024,poincon,section n°2,poincon,Section n°2
2276,2024-06-09,L21,Four 2,Coinçement de rouleu,Convoyeur mise a l'arche,convoyeur mise a l'arche,60.0,import_2024,convoyeur mise a l'arche,convoyeur mise a l'arche,convoyeur mise a l'arche,convoyeur mise a l'arche
2277,2024-06-10,L21,Four 2,Réglage du bras Take-Out,Section n°7,take-out,10.0,import_2024,take-out,section n°7,take-out,Section n°7
2278,2024-06-10,L21,Four 2,Changement support de compression,Section n°7,compression,30.0,import_2024,compression,section n°7,compression,Section n°7
2279,2024-06-10,L21,Four 2,Changement des inserts ébaucheur,Section n°3,insert,35.0,import_2024,insert,section n°3,insert,Section n°3
2280,2024-06-11,L21,Four 2,Changement de support gonflage,Section n°8,gonflage,15.0,import_2024,gonflage,section n°8,gonflage,Section n°8
2281,2024-06-11,L21,Four 2,Changement du bras transfert,Section n°7,bras de transfert,20.0,import_2024,bras de transfert,section n°7,bras de transfert,Section n°7
2282,2024-06-13,L21,Four 2,Changement tupe guide,Machine,tupe guide,10.0,import_2024,tupe guide,machine,tupe guide,Machine
2283,2024-06-15,L21,Four 2,Changement support de compression,Section n°7,compression,30.0,import_2024,compression,section n°7,compression,Section n°7
2284,2024-06-15,L21,Four 2,Changement de suuport de gonflage,Section n°6,gonflage,10.0,import_2024,gonflage,section n°6,gonflage,Section n°6
2285,2024-06-16,L21,Four 2,Panne eélectrique,Section n°4,AEE,495.0,import_2024,aee,section n°4,AEE,Section n°4
2286,2024-06-16,L21,Four 2,Changement de cylindre poinçon,Section n°6,poincon,60.0,import_2024,poincon,section n°6,poincon,Section n°6
2287,2024-06-16,L21,Four 2,Changement du bras transfert,Section n°5,bras de transfert,20.0,import_2024,bras de transfert,section n°5,bras de transfert,Section n°5
2288,2024-06-20,L21,Four 2,Serrage d'adapteur,Section n°7,adapteur,15.0,import_2024,adapteur,section n°7,adapteur,Section n°7
2289,2024-06-25,L21,Four 2,Mauvaise montée du poinçon,Section n°7,poincon,390.0,import_2024,poincon,section n°7,poincon,Section n°7
2290,2024-06-25,L21,Four 2,Probème de Verti-Flow,Section n°7,verti-flow,180.0,import_2024,verti-flow,section n°7,verti-flow,Section n°7
2291,2024-06-25,L21,Four 2,Changement du bras transfert,Section n°6,bras de transfert,15.0,import_2024,bras de transfert,section n°6,bras de transfert,Section n°6
2292,2024-06-26,L21,Four 2,Changement du bras transfert,Section n°3,bras de transfert,20.0,import_2024,bras de transfert,section n°3,bras de transfert,Section n°3
2293,2024-06-26,L21,Four 2,Changement du bras transfert,Section n°8,bras de transfert,20.0,import_2024,bras de transfert,section n°8,bras de transfert,Section n°8
2294,2024-06-26,L21,Four 2,changement cylindre,Section n°2,cylindre,60.0,import_2024,cylindre,section n°2,cylindre,Section n°2
2295,2024-06-27,L21,Four 2,Changement support de compression,Section n°2,compression,230.0,import_2024,compression,section n°2,compression,Section n°2
2296,2024-06-27,L21,Four 2,Changement support de compression,Section n°3,compression,230.0,import_2024,compression,section n°3,compression,Section n°3
2297,2024-06-27,L21,Four 2,Changement du bras transfert,Section n°8,bras de transfert,15.0,import_2024,bras de transfert,section n°8,bras de transfert,Section n°8
2298,2024-06-27,L21,Four 2,Changement du bras transfert,Section n°4,bras de transfert,15.0,import_2024,bras de transfert,section n°4,bras de transfert,Section n°4
2299,2024-06-27,L21,Four 2,Ajustement de niveau du support gonflage,Section n°2,gonflage,30.0,import_2024,gonflage,section n°2,gonflage,Section n°2
2300,2024-06-28,L21,Four 2,Mauvaise fonctionnement de support compression,Section n°2,compression,90.0,import_2024,compression,section n°2,compression,Section n°2
2301,2024-06-28,L21,Four 2,ATC,ATC,transfert,10.0,import_2024,transfert,atc,transfert,ATC
2302,2024-06-29,L21,Four 2,Réglage de support compression,Section n°2,compression,40.0,import_2024,compression,section n°2,compression,Section n°2
2303,2024-06-29,L21,Four 2,Changement du bras transfert,Section n°2,bras de transfert,15.0,import_2024,bras de transfert,section n°2,bras de transfert,Section n°2
2304,2024-06-30,L21,Four 2,Coupure de courant,Machine,AEE,7.0,import_2024,aee,machine,AEE,Machine
2305,2024-07-01,L21,Four 2,Coupure de courant,Machine,aee,23.0,import_2024,aee,machine,AEE,Machine
2306,2024-07-01,L21,Four 2,Changement du bras transfert,Section n°7,bras de transfert,30.0,import_2024,bras de transfert,section n°7,bras de transfert,Section n°7
2307,2024-07-01,L21,Four 2,Changement du bras transfert,Section n°3,bras de transfert,45.0,import_2024,bras de transfert,section n°3,bras de transfert,Section n°3
2308,2024-07-01,L21,Four 2,Réglage de support compression,Section n°1,compression,25.0,import_2024,compression,section n°1,compression,Section n°1
2309,2024-07-01,L21,Four 2,Mauvaise fonctionnement des pinçettes,Section n°4,pincettes,15.0,import_2024,pincettes,section n°4,pincettes,Section n°4
2310,2024-07-02,L21,Four 2,Mise a l'arche,mise a l'arche,mise a l'arche,10.0,import_2024,mise a l'arche,mise a l'arche,Mise a l'arche,Mise a l'arche
2311,2024-07-02,L21,Four 2,Réglage bras de transfert,Section n°3,bras de transfert,30.0,import_2024,bras de transfert,section n°3,bras de transfert,Section n°3
2312,2024-07-05,L21,Four 2,Mise a l'arche,mise a l'arche,mise a l'arche,10.0,import_2024,mise a l'arche,mise a l'arche,Mise a l'arche,Mise a l'arche
2313,2024-07-05,L21,Four 2,Changement des inserts,Section n°6,insert,60.0,import_2024,insert,section n°6,insert,Section n°6
2314,2024-07-06,L21,Four 2,Changement support de compression,Section n°8,compression,30.0,import_2024,compression,section n°8,compression,Section n°8
2315,2024-07-07,L21,Four 2,Centrage support de compression,Section n°8,compression,35.0,import_2024,compression,section n°8,compression,Section n°8
2316,2024-07-07,L21,Four 2,Ajustement de niveau du bras transfert,Section n°4,bras de transfert,30.0,import_2024,bras de transfert,section n°4,bras de transfert,Section n°4
2317,2024-07-08,L21,Four 2,Changement du bras transfert,Section n°5,bras de transfert,30.0,import_2024,bras de transfert,section n°5,bras de transfert,Section n°5
2318,2024-07-08,L21,Four 2,ATC,ATC,transfert,5.0,import_2024,transfert,atc,transfert,ATC
2319,2024-07-14,L21,Four 2,Mauvaise fonctionnement des pinçettes,Section n°7,pincettes,20.0,import_2024,pincettes,section n°7,pincettes,Section n°7
2320,2024-07-15,L21,Four 2,Verti-Flow continue,Section n°6,verti-flow,90.0,import_2024,verti-flow,section n°6,verti-flow,Section n°6
2321,2024-07-16,L21,Four 2,Verti-Flow continue,Section n°6,verti-flow,90.0,import_2024,verti-flow,section n°6,verti-flow,Section n°6
2322,2024-07-23,L21,Four 2,Changement du bras transfert,Section n°5,bras de transfert,60.0,import_2024,bras de transfert,section n°5,bras de transfert,Section n°5
2323,2024-07-24,L21,Four 2,Changement bras de take-out,Section n°5,take-out,60.0,import_2024,take-out,section n°5,take-out,Section n°5
2324,2024-07-26,L21,Four 2,Mauvaise fonctionnement de bras take-out,Section n°2,take-out,120.0,import_2024,take-out,section n°2,take-out,Section n°2
2325,2024-07-26,L21,Four 2,Panne électrique,Section n°2,,20.0,import_2024,,section n°2,,Section n°2
2326,2024-07-29,L21,Four 2,Réglage ATC,ATC,ATC,10.0,import_2024,atc,atc,ATC,ATC
2327,2024-08-02,L21,Four 2,Changement cylindre de poincon,Section n°6,cylindre poincon,160.0,import_2024,cylindre poincon,section n°6,cylindre poincon,Section n°6
2328,2024-08-03,L21,Four 2,Changement du bras transfert,Section n°2,bras de transfert,15.0,import_2024,bras de transfert,section n°2,bras de transfert,Section n°2
2329,2024-08-04,L21,Four 2,Coincement coté Fin,Section n°2,coincement,35.0,import_2024,coincement,section n°2,coincement,Section n°2
2330,2024-08-04,L21,Four 2,Réglage niveau vras de transfert,Section n°2,bras transfert,60.0,import_2024,bras transfert,section n°2,bras transfert,Section n°2
2331,2024-08-04,L21,Four 2,Changement bras de transfert,Section n°5,bras transfert,20.0,import_2024,bras transfert,section n°5,bras transfert,Section n°5
2332,2024-08-06,L21,Four 2,Mauvaise percage,Section n°8,percage,30.0,import_2024,percage,section n°8,percage,Section n°8
2333,2024-08-08,L21,Four 2,Manque verti-flow,Section n°1,verti-flow,60.0,import_2024,verti-flow,section n°1,verti-flow,Section n°1
2334,2024-08-08,L21,Four 2,Changement support compression,Section n°1,compression,30.0,import_2024,compression,section n°1,compression,Section n°1
2335,2024-08-08,L21,Four 2,Mise a l'arche,Machine,mise a l'arche,30.0,import_2024,mise a l'arche,machine,Mise a l'arche,Machine
2336,2024-08-08,L21,Four 2,Changement pincette,Section n°1,pincette,30.0,import_2024,pincette,section n°1,pincette,Section n°1
2337,2024-08-10,L21,Four 2,Réglage bras de transfert,Section n°4,bras de transfert,45.0,import_2024,bras de transfert,section n°4,bras de transfert,Section n°4
2338,2024-08-10,L21,Four 2,Réglage bras de transfert,Section n°5,bras de transfert,30.0,import_2024,bras de transfert,section n°5,bras de transfert,Section n°5
2339,2024-08-11,L21,Four 2,AEE,Section n°1,AEE,30.0,import_2024,aee,section n°1,AEE,Section n°1
2340,2024-08-11,L21,Four 2,Changement support de compression,Section n°4,compression,25.0,import_2024,compression,section n°4,compression,Section n°4
2341,2024-08-13,L21,Four 2,Mauvaise ouverture Eb,Section n°3,Ouverture,75.0,import_2024,ouverture,section n°3,ouverture,Section n°3
2342,2024-08-13,L21,Four 2,AEE,Section n°2,Section n°2,20.0,import_2024,section n°2,section n°2,Section n°2,Section n°2
2343,2024-08-13,L21,Four 2,Mauvaise monté poincon,Section n°2,poincon,60.0,import_2024,poincon,section n°2,poincon,Section n°2
2344,2024-08-15,L21,Four 2,Manque verti-flow,Section n°2,verti-flow,30.0,import_2024,verti-flow,section n°2,verti-flow,Section n°2
2345,2024-08-15,L21,Four 2,Verti-Flow continue,Section n°2,verti-flow,205.0,import_2024,verti-flow,section n°2,verti-flow,Section n°2
2346,2024-08-16,L21,Four 2,Mauvaise fonction de bras take-out,Section n°2,take-out,240.0,import_2024,take-out,section n°2,take-out,Section n°2
2347,2024-08-16,L21,Four 2,Manque verti-flow: Probléme électrique,Section n°4,verti-flow,360.0,import_2024,verti-flow,section n°4,verti-flow,Section n°4
2348,2024-08-16,L21,Four 2,AEE,Section n°2,Section n°2,420.0,import_2024,section n°2,section n°2,Section n°2,Section n°2
2349,2024-08-17,L21,Four 2,AEE,Section n°2,Section n°2,520.0,import_2024,section n°2,section n°2,Section n°2,Section n°2
2350,2024-08-17,L21,Four 2,AEE,Section n°4,Section n°4,90.0,import_2024,section n°4,section n°4,Section n°4,Section n°4
2351,2024-08-17,L21,Four 2,Changement bras take-out,Section n°4,take-out,30.0,import_2024,take-out,section n°4,take-out,Section n°4
2352,2024-08-19,L21,Four 2,Verti-Flow continue,Section n°4,verti-flow,240.0,import_2024,verti-flow,section n°4,verti-flow,Section n°4
2353,2024-08-19,L21,Four 2,Serrage adapteur poincon,Section n°5,poincon,15.0,import_2024,poincon,section n°5,poincon,Section n°5
2354,2024-08-19,L21,Four 2,Serrage adapteur poincon,Section n°7,poincon,15.0,import_2024,poincon,section n°7,poincon,Section n°7
2355,2024-08-19,L21,Four 2,Mise a niveau brad de transfert,Section n°8,bras de transfert,30.0,import_2024,bras de transfert,section n°8,bras de transfert,Section n°8
2356,2024-08-20,L21,Four 2,Serrage adapteur poincon,Section n°7,poincon,15.0,import_2024,poincon,section n°7,poincon,Section n°7
2357,2024-08-20,L21,Four 2,Changement bras de transfert,Section n°1,bras de transfert,20.0,import_2024,bras de transfert,section n°1,bras de transfert,Section n°1
2358,2024-08-21,L21,Four 2,"Changement les cartouche, flasque + serrage cylindre",Section n°8,cylindre,60.0,import_2024,cylindre,section n°8,cylindre,Section n°8
2359,2024-08-22,L21,Four 2,Serrage les adapteurs,Section n°8,adapteur,30.0,import_2024,adapteur,section n°8,adapteur,Section n°8
2360,2024-08-22,L21,Four 2,Serrage les adapteurs,Section n°6,adapteur,30.0,import_2024,adapteur,section n°6,adapteur,Section n°6
2361,2024-08-22,L21,Four 2,Mise a niveau brad de transfert,Section n°6,bras de transfert,30.0,import_2024,bras de transfert,section n°6,bras de transfert,Section n°6
2362,2024-08-27,L21,Four 2,Changement bras de transfert,Section n°8,bras de transfert,15.0,import_2024,bras de transfert,section n°8,bras de transfert,Section n°8
2363,2024-08-27,L21,Four 2,Changement support gonflage,Section n°7,gonflage,20.0,import_2024,gonflage,section n°7,gonflage,Section n°7
2364,2024-08-28,L21,Four 2,AEE,Section n°1,Section n°1,180.0,import_2024,section n°1,section n°1,Section n°1,Section n°1
2365,2024-08-28,L21,Four 2,Centrage entennoir,Section n°3,entennoir,425.0,import_2024,entennoir,section n°3,entennoir,Section n°3
2366,2024-08-28,L21,Four 2,Vibration take-out,Section n°7,take-out,90.0,import_2024,take-out,section n°7,take-out,Section n°7
2367,2024-08-29,L21,Four 2,Centrage entennoir,Section n°3,entennoir,165.0,import_2024,entennoir,section n°3,entennoir,Section n°3
2368,2024-08-29,L21,Four 2,Arret st4 pour faciliter le travail sur st3,Section n°4,faciliter le travail,45.0,import_2024,faciliter le travail,section n°4,faciliter le travail,Section n°4
2369,2024-09-04,L21,Four 2,Fermeture moule finisseur,Section n°7,fermeture,15.0,import_2024,fermeture,section n°7,fermeture,Section n°7
2370,2024-09-06,L21,Four 2,Mauvaise fixation bras de transfert,Section n°7,bras de transfert,90.0,import_2024,bras de transfert,section n°7,bras de transfert,Section n°7
2371,2024-09-06,L21,Four 2,Arret mise a l'arche,Machine,mise a l'arche,5.0,import_2024,mise a l'arche,machine,Mise a l'arche,Machine
2372,2024-09-07,L21,Four 2,Coincement rippeur,Section n°2,rippeur,45.0,import_2024,rippeur,section n°2,rippeur,Section n°2
2373,2024-09-08,L21,Four 2,Changement bras de transfert,Section n°5,bras de transfert,20.0,import_2024,bras de transfert,section n°5,bras de transfert,Section n°5
2374,2024-09-08,L21,Four 2,Changement bras de transfert,Section n°5,bras de transfert,60.0,import_2024,bras de transfert,section n°5,bras de transfert,Section n°5
2375,2024-09-08,L21,Four 2,Changement cartouche,Section n°2,cartouche,35.0,import_2024,cartouche,section n°2,cartouche,Section n°2
2376,2024-09-08,L21,Four 2,Serrage support pontographe,Section n°4,pontographe,25.0,import_2024,pontographe,section n°4,pontographe,Section n°4
2377,2024-09-08,L21,Four 2,Changement distributeur percage,Section n°7,distributeur,15.0,import_2024,distributeur,section n°7,distributeur,Section n°7
2378,2024-09-09,L21,Four 2,Changement bras de transfert,Section n°1,bras de transfert,25.0,import_2024,bras de transfert,section n°1,bras de transfert,Section n°1
2379,2024-09-10,L21,Four 2,Verti-flow continue,Section n°1,verti-flow,180.0,import_2024,verti-flow,section n°1,verti-flow,Section n°1
2380,2024-09-10,L21,Four 2,Changement bras take-out,Section n°4,take-out,35.0,import_2024,take-out,section n°4,take-out,Section n°4
2381,2024-09-10,L21,Four 2,changement cartouche,Section n°8,cartouche,30.0,import_2024,cartouche,section n°8,cartouche,Section n°8
2382,2024-09-12,L21,Four 2,changement bras de transfert,Section n°1,bras de transfert,30.0,import_2024,bras de transfert,section n°1,bras de transfert,Section n°1
2383,2024-09-12,L21,Four 2,Changement bras de take-out,Section n°4,take-out,40.0,import_2024,take-out,section n°4,take-out,Section n°4
2384,2024-09-12,L21,Four 2,Support compression,Section n°8,compression,35.0,import_2024,compression,section n°8,compression,Section n°8
2385,2024-09-12,L21,Four 2,Verti-Flow continue,Section n°7,verti-flow,140.0,import_2024,verti-flow,section n°7,verti-flow,Section n°7
2386,2024-09-13,L21,Four 2,Support compression,Section n°4,compression,30.0,import_2024,compression,section n°4,compression,Section n°4
2387,2024-09-13,L21,Four 2,Changement bras de transfert,Section n°3,bras de transfert,20.0,import_2024,bras de transfert,section n°3,bras de transfert,Section n°3
2388,2024-09-14,L21,Four 2,Changement bras de transfert,Section n°3,bras de transfert,60.0,import_2024,bras de transfert,section n°3,bras de transfert,Section n°3
2389,2024-09-14,L21,Four 2,Changement bras de transfert,Section n°1,bras de transfert,120.0,import_2024,bras de transfert,section n°1,bras de transfert,Section n°1
2390,2024-09-14,L21,Four 2,Changement mediane,Section n°2,Médiane,20.0,import_2024,médiane,section n°2,médiane,Section n°2
2391,2024-09-16,L21,Four 2,Mise a l'arche,mise a l'arche,mise a l'arche,5.0,import_2024,mise a l'arche,mise a l'arche,Mise a l'arche,Mise a l'arche
2392,2024-09-18,L21,Four 2,Arret convoyeur d'arche,convoyeur d'arche,convoyeur d'arche,15.0,import_2024,convoyeur d'arche,convoyeur d'arche,convoyeur d'arche,convoyeur d'arche
2393,2024-09-18,L21,Four 2,Changement bras de transfert,Section n°4,bras de transfert,20.0,import_2024,bras de transfert,section n°4,bras de transfert,Section n°4
2394,2024-09-18,L21,Four 2,Changement bras de transfert,Section n°4,bras de transfert,20.0,import_2024,bras de transfert,section n°4,bras de transfert,Section n°4
2395,2024-09-19,L21,Four 2,Coincement convoyeur l'arche,convoyeur l'arche,convoyeur l'arche,50.0,import_2024,convoyeur l'arche,convoyeur l'arche,convoyeur l'arche,convoyeur l'arche
2396,2024-09-20,L21,Four 2,Réglage mise a l'arche,mise a l'arche,mise a l'arche,15.0,import_2024,mise a l'arche,mise a l'arche,Mise a l'arche,Mise a l'arche
2397,2024-09-21,L21,Four 2,Serrage mécanisme d'amortissement cmpression,Section n°4,Compression,40.0,import_2024,compression,section n°4,compression,Section n°4
2398,2024-09-22,L21,Four 2,Réglage mise a l'arche,mise a l'arche,mise a l'arche,35.0,import_2024,mise a l'arche,mise a l'arche,Mise a l'arche,Mise a l'arche
2399,2024-09-22,L21,Four 2,Changement bras de transfert,Section n°4,bras de transfert,200.0,import_2024,bras de transfert,section n°4,bras de transfert,Section n°4
2400,2024-09-23,L21,Four 2,Arret TAC,TAC,TAC,8.0,import_2024,tac,tac,TAC,TAC
2401,2024-09-23,L21,Four 2,Réglage mise a l'arche,mise a l'arche,mise a l'arche,25.0,import_2024,mise a l'arche,mise a l'arche,Mise a l'arche,Mise a l'arche
2402,2024-09-24,L21,Four 2,Changement pincette,Section n°2,pincette,30.0,import_2024,pincette,section n°2,pincette,Section n°2
2403,2024-09-24,L21,Four 2,Probléme de percage poincon AR,Section n°3,poincon,15.0,import_2024,poincon,section n°3,poincon,Section n°3
2404,2024-09-24,L21,Four 2,Coincement mouvement de moule,Section n°3,fermeture de moule,45.0,import_2024,fermeture de moule,section n°3,fermeture de moule,Section n°3
2405,2024-09-25,L21,Four 2,Changement bras de transfert,Section n°3,bras de transfert,20.0,import_2024,bras de transfert,section n°3,bras de transfert,Section n°3
2406,2024-09-25,L21,Four 2,Changement bras de transfert,Section n°6,bras de transfert,20.0,import_2024,bras de transfert,section n°6,bras de transfert,Section n°6
2407,2024-09-25,L21,Four 2,Changement bras de transfert,Section n°7,bras de transfert,15.0,import_2024,bras de transfert,section n°7,bras de transfert,Section n°7
2408,2024-09-26,L21,Four 2,Changement cartouche,Section n°5,cartouche,45.0,import_2024,cartouche,section n°5,cartouche,Section n°5
2409,2024-09-26,L21,Four 2,Manque l'eau de ciseaux,machine,Mécanisme ciseaux,10.0,import_2024,mécanisme ciseaux,machine,Mécanisme ciseaux,Machine
2410,2024-09-27,L21,Four 2,Changement bague,Section n°2,Bague,30.0,import_2024,bague,section n°2,Bague,Section n°2
2411,2024-09-28,L21,Four 2,changement de cartouch,Section n°3,cartouche,20.0,import_2024,cartouche,section n°3,cartouche,Section n°3
2412,2024-09-28,L21,Four 2,changement de cartouch,Section n°6,cartouche,25.0,import_2024,cartouche,section n°6,cartouche,Section n°6
2413,2024-09-28,L21,Four 2,Verty-flow cote finisseur,Section n°7,Verti-flow,90.0,import_2024,verti-flow,section n°7,verti-flow,Section n°7
2414,2024-09-29,L21,Four 2,manque vertiflow,Section n°7,Verti-flow,90.0,import_2024,verti-flow,section n°7,verti-flow,Section n°7
2415,2024-09-29,L21,Four 2,support compression,Section n°2,support compression,30.0,import_2024,support compression,section n°2,support compression,Section n°2
2416,2024-09-29,L21,Four 2,Changement bras de transfert,Section n°6,bras de transfert,15.0,import_2024,bras de transfert,section n°6,bras de transfert,Section n°6
2417,2024-09-29,L21,Four 2,manque vertiflow,Section n°7,Verti-flow,60.0,import_2024,verti-flow,section n°7,verti-flow,Section n°7
2418,2024-09-30,L21,Four 2,Changement de Bras de Transfert,Section n°2,bras de transfert,20.0,import_2024,bras de transfert,section n°2,bras de transfert,Section n°2
2419,2024-09-30,L21,Four 2,Travail sur La mouvement de Perçage,Section n°2,percage,50.0,import_2024,percage,section n°2,percage,Section n°2
2420,2024-10-01,L21,Four 2,Coincement de Carteuche De poinçon,Section n°3,cartouche,240.0,import_2024,cartouche,section n°3,cartouche,Section n°3
2421,2024-10-01,L21,Four 2,Changement de Bras de Transfert,Section n°5,bras de transfert,10.0,import_2024,bras de transfert,section n°5,bras de transfert,Section n°5
2422,2024-10-02,L21,Four 2,changement cylindre,Section n°3,cylindre,240.0,import_2024,cylindre,section n°3,cylindre,Section n°3
2423,2024-10-02,L21,Four 2,Changement de distributeur,Section n°3,distributeur,180.0,import_2024,distributeur,section n°3,distributeur,Section n°3
2424,2024-10-04,L21,Four 2,Changement de Bras Take-Out,Section n°3,take-out,80.0,import_2024,take-out,section n°3,take-out,Section n°3
2425,2024-10-07,L21,Four 2,Changement de cartouche poinçon,Section n°5,cartouche poincon,30.0,import_2024,cartouche poincon,section n°5,cartouche poincon,Section n°5
2426,2024-10-15,L21,Four 2,Changement de Bras de Transfert,Section n°2,bras de transfert,50.0,import_2024,bras de transfert,section n°2,bras de transfert,Section n°2
2427,2024-10-15,L21,Four 2,Coinçement de cartouche poinçon,Section n°3,cartouche poincon,150.0,import_2024,cartouche poincon,section n°3,cartouche poincon,Section n°3
2428,2024-10-28,L21,Four 2,probleme de virtiflow cote finisseur,Section n°5,verti-flow,90.0,import_2024,verti-flow,section n°5,verti-flow,Section n°5
2429,2024-11-06,L21,Four 2,Mauvaise percage,Section n°3,percage,180.0,import_2024,percage,section n°3,percage,Section n°3
2430,2024-11-07,L21,Four 2,Coincement bras de transfert,Section n°6,bras de transfert,240.0,import_2024,bras de transfert,section n°6,bras de transfert,Section n°6
2431,2024-11-08,L21,Four 2,Blocage bras take-out,Section n°6,take-out,240.0,import_2024,take-out,section n°6,take-out,Section n°6
2432,2024-11-09,L21,Four 2,Changement bras de transfert,Section n°3,bras de transfert,15.0,import_2024,bras de transfert,section n°3,bras de transfert,Section n°3
2433,2024-11-16,L21,Four 2,Coincement bras de transfert,Section n°4,bras de transfert,180.0,import_2024,bras de transfert,section n°4,bras de transfert,Section n°4
2434,2024-11-16,L21,Four 2,Coincement bras de transfert,Section n°4,bras de transfert,120.0,import_2024,bras de transfert,section n°4,bras de transfert,Section n°4
2435,2024-11-16,L21,Four 2,Coincement cartouche poincon,Section n°3,cartouche poincon,180.0,import_2024,cartouche poincon,section n°3,cartouche poincon,Section n°3
2436,2024-11-16,L21,Four 2,Changement bras de transfert,Section n°1,bras de transfert,20.0,import_2024,bras de transfert,section n°1,bras de transfert,Section n°1
2437,2024-11-18,L21,Four 2,Panne électrique,Section n°6,AEE,10.0,import_2024,aee,section n°6,AEE,Section n°6
2438,2024-11-18,L21,Four 2,Panne électrique,Section n°4,AEE,10.0,import_2024,aee,section n°4,AEE,Section n°4
2439,2024-11-22,L21,Four 2,Manque verti-flow Eb,Section n°5,verti-flow,60.0,import_2024,verti-flow,section n°5,verti-flow,Section n°5
2440,2024-12-01,L21,Four 2,Changement bras take-out,Section n°3,take-out,20.0,import_2024,take-out,section n°3,take-out,Section n°3
2441,2024-12-06,L21,Four 2,Changement cylindre,Section n°7,cylindre,105.0,import_2024,cylindre,section n°7,cylindre,Section n°7
2442,2024-12-06,L21,Four 2,changement mediane,Section n°8,mediane,40.0,import_2024,mediane,section n°8,mediane,Section n°8
2443,2024-12-06,L21,Four 2,décalage poids,decalage poids,decalage poids,5.0,import_2024,decalage poids,decalage poids,decalage poids,decalage poids
2444,2024-12-07,L21,Four 2,Arret st 8: AEE,Section n°8,AEE,10.0,import_2024,aee,section n°8,AEE,Section n°8
2445,2024-01-01,L22,Four 2,Retard de goutte,Section n°5,Section n°5,25.0,import_2024,section n°5,section n°5,Section n°5,Section n°5
2446,2024-01-03,L22,Four 2,Manque d'eau de refroidissement ciseau,Machine,Mécanisme ciseaux,10.0,import_2024,mécanisme ciseaux,machine,Mécanisme ciseaux,Machine
2447,2024-01-05,L22,Four 2,Changement du flexible pression système (FPS),Section n°3,Section n°3,90.0,import_2024,section n°3,section n°3,Section n°3,Section n°3
2448,2024-01-05,L22,Four 2,changement d'entonnoire,Section n°8,Section n°8,10.0,import_2024,section n°8,section n°8,Section n°8,Section n°8
2449,2024-01-06,L22,Four 2,Réparation du support de compression,Section n°3,Section n°3,120.0,import_2024,section n°3,section n°3,Section n°3,Section n°3
2450,2024-01-06,L22,Four 2,Changement du support de compression,Section n°10,Section n°10,20.0,import_2024,section n°10,section n°10,Section n°10,Section n°10
2451,2024-01-06,L22,Four 2,Endommagement de lame ciseau,Machine,Mécanisme ciseaux,110.0,import_2024,mécanisme ciseaux,machine,Mécanisme ciseaux,Machine
2452,2024-01-08,L22,Four 2,Changement bras de transfert,Section n°6,Section n°6,20.0,import_2024,section n°6,section n°6,Section n°6,Section n°6
2453,2024-01-08,L22,Four 2,Changement rippeur,Section n°10,Section n°10,10.0,import_2024,section n°10,section n°10,Section n°10,Section n°10
2454,2024-01-09,L22,Four 2,Changement de mécanisme et bras Take-Out,Section n°6,Section n°6,450.0,import_2024,section n°6,section n°6,Section n°6,Section n°6
2455,2024-01-10,L22,Four 2,Changement de mécanisme et bras Take-Out,Section n°6,Section n°6,30.0,import_2024,section n°6,section n°6,Section n°6,Section n°6
2456,2024-01-10,L22,Four 2,4 doits et 2 plaques de transferts endommagées à cause d'une collision entre eux,Mise a l'arche,Mise à l'arche,30.0,import_2024,mise à l'arche,mise a l'arche,Mise à l'arche,Mise a l'arche
2457,2024-01-10,L22,Four 2,Réglage,Mise a l'arche,Mise à l'arche,25.0,import_2024,mise à l'arche,mise a l'arche,Mise à l'arche,Mise a l'arche
2458,2024-01-11,L22,Four 2,Réglage mise a l'arche,Mise a l'arche,Mise à l'arche,15.0,import_2024,mise à l'arche,mise a l'arche,Mise à l'arche,Mise a l'arche
2459,2024-01-12,L22,Four 2,Arret mise a l'arche,Mise a l'arche,Mise à l'arche,5.0,import_2024,mise à l'arche,mise a l'arche,Mise à l'arche,Mise a l'arche
2460,2024-01-12,L22,Four 2,Problème de Verti-Flow coté finisseur,Section n°6,Section n°6,90.0,import_2024,section n°6,section n°6,Section n°6,Section n°6
2461,2024-01-12,L22,Four 2,Problème de Verti-Flow coté finisseur,Section n°7,Section n°7,120.0,import_2024,section n°7,section n°7,Section n°7,Section n°7
2462,2024-01-13,L22,Four 2,Verti-flow,Section n°6,Section n°6,60.0,import_2024,section n°6,section n°6,Section n°6,Section n°6
2463,2024-01-14,L22,Four 2,Manque verti-flow finisseur,Section n°6,Section n°6,35.0,import_2024,section n°6,section n°6,Section n°6,Section n°6
2464,2024-01-14,L22,Four 2,Panne electrique: changement cables et moteur finisseur,Section n°9,Section n°9,270.0,import_2024,section n°9,section n°9,Section n°9,Section n°9
2465,2024-01-14,L22,Four 2,pour faciliter le travail au S9,Section n°6,Section n°6,25.0,import_2024,section n°6,section n°6,Section n°6,Section n°6
2466,2024-01-14,L22,Four 2,Probléme verti-flow coté finisseur 2 fois,Section n°6,Section n°6,120.0,import_2024,section n°6,section n°6,Section n°6,Section n°6
2467,2024-01-14,L22,Four 2,Probléme éléctrique,Section n°6,Section n°6,240.0,import_2024,section n°6,section n°6,Section n°6,Section n°6
2468,2024-01-15,L22,Four 2,Mauvaise prise de pincettes,Section n°8,Section n°8,50.0,import_2024,section n°8,section n°8,Section n°8,Section n°8
2469,2024-01-15,L22,Four 2,Mauvaise prise de pincettes,Section n°8,Section n°8,210.0,import_2024,section n°8,section n°8,Section n°8,Section n°8
2470,2024-01-15,L22,Four 2,Mauvaise prise de pincettes,Section n°8,Section n°8,310.0,import_2024,section n°8,section n°8,Section n°8,Section n°8
2471,2024-01-16,L22,Four 2,Changement bras de take-out,Section n°8,Section n°8,45.0,import_2024,section n°8,section n°8,Section n°8,Section n°8
2472,2024-01-17,L22,Four 2,"Changement de cable, moteur, mécanisme Take-Out, bras Take-Out",Section n°6,Section n°6,420.0,import_2024,section n°6,section n°6,Section n°6,Section n°6
2473,2024-01-17,L22,Four 2,Vis de fixation de support compression endommagé,Section n°2,Section n°2,110.0,import_2024,section n°2,section n°2,Section n°2,Section n°2
2474,2024-01-21,L22,Four 2,verre froid suite à une arret de surpresseur de gaz à cause d'une chutte de tension,Machine,Mécanisme FEEDER,30.0,import_2024,mécanisme feeder,machine,Mécanisme FEEDER,Machine
2475,2024-01-21,L22,Four 2,Changement bras take-out,Section n°8,Section n°8,30.0,import_2024,section n°8,section n°8,Section n°8,Section n°8
2476,2024-01-22,L22,Four 2,Changement mécanisme take-out,Section n°8,Section n°8,180.0,import_2024,section n°8,section n°8,Section n°8,Section n°8
2477,2024-01-22,L22,Four 2,Réglage,Mise à l'arche,Mise à l'arche,10.0,import_2024,mise à l'arche,mise à l'arche,Mise à l'arche,Mise à l'arche
2478,2024-01-23,L22,Four 2,Changement ciseau,Machine,Mécanisme ciseaux,30.0,import_2024,mécanisme ciseaux,machine,Mécanisme ciseaux,Machine
2479,2024-01-23,L22,Four 2,Travaux sur rateaux,Mise à l'arche,Mise à l'arche,10.0,import_2024,mise à l'arche,mise à l'arche,Mise à l'arche,Mise à l'arche
2480,2024-01-24,L22,Four 2,Centrage support de compression,Section n°10,Section n°10,20.0,import_2024,section n°10,section n°10,Section n°10,Section n°10
2481,2024-01-25,L22,Four 2,Panne électrique,Section n°6,Section n°6,50.0,import_2024,section n°6,section n°6,Section n°6,Section n°6
2482,2024-01-27,L22,Four 2,Changement bras de transfert,Section n°3,Section n°3,30.0,import_2024,section n°3,section n°3,Section n°3,Section n°3
2483,2024-01-27,L22,Four 2,Changement de distributeur,Section n°8,Section n°8,60.0,import_2024,section n°8,section n°8,Section n°8,Section n°8
2484,2024-01-28,L22,Four 2,Réglage bras de take-out,Section n°3,Section n°3,50.0,import_2024,section n°3,section n°3,Section n°3,Section n°3
2485,2024-01-28,L22,Four 2,Serrage des lames ciseau,Ciseaux,Mécanisme ciseaux,100.0,import_2024,mécanisme ciseaux,ciseaux,Mécanisme ciseaux,Ciseaux
2486,2024-01-28,L22,Four 2,Panne électrique,Section n°3,Section n°3,60.0,import_2024,section n°3,section n°3,Section n°3,Section n°3
2487,2024-01-29,L22,Four 2,Changement des insert,Section n°10,Section n°10,45.0,import_2024,section n°10,section n°10,Section n°10,Section n°10
2488,2024-01-29,L22,Four 2,Panne electrique,Section n°3,Section n°3,95.0,import_2024,section n°3,section n°3,Section n°3,Section n°3
2489,2024-01-29,L22,Four 2,Panne electrique,Section n°10,Section n°10,30.0,import_2024,section n°10,section n°10,Section n°10,Section n°10
2490,2024-01-30,L22,Four 2,Panne electrique: Changement des faiceaux,Section n°10,Section n°10,220.0,import_2024,section n°10,section n°10,Section n°10,Section n°10
2491,2024-01-30,L22,Four 2,Changement des charnieres,Section n°7,Section n°7,45.0,import_2024,section n°7,section n°7,Section n°7,Section n°7
2492,2024-01-30,L22,Four 2,Coincement verti-flow,Section n°8,Section n°8,45.0,import_2024,section n°8,section n°8,Section n°8,Section n°8
2493,2024-01-30,L22,Four 2,Enverrage,machine,Groupe de distribution de gob,5.0,import_2024,groupe de distribution de gob,machine,Groupe de distribution de gob,Machine
2494,2024-01-30,L22,Four 2,Panne electrique,Panne electrique,Panne electrique,200.0,import_2024,panne electrique,panne electrique,Panne electrique,Panne electrique
2495,2024-01-30,L22,Four 2,Enverrage tube guide ( Problème au niveau du centrage,machine,Groupe de distribution de gob,42.0,import_2024,groupe de distribution de gob,machine,Groupe de distribution de gob,Machine
2496,2024-01-30,L22,Four 2,Changement bras de transfert,Section n°9,Section n°9,60.0,import_2024,section n°9,section n°9,Section n°9,Section n°9
2497,2024-01-30,L22,Four 2,Changement de mécanisme pinçette,Section n°10,Section n°10,45.0,import_2024,section n°10,section n°10,Section n°10,Section n°10
2498,2024-01-31,L22,Four 2,Mauvaise compbinaison entre le support de gonflage et bras Take-Out,Section n°10,Section n°10,50.0,import_2024,section n°10,section n°10,Section n°10,Section n°10
2499,2024-02-01,L22,Four 2,Nettoyage,Section n°3,Section n°3,20.0,import_2024,section n°3,section n°3,Section n°3,Section n°3
2500,2024-02-01,L22,Four 2,Changement des inserts ébaucheurs,Section n°9,Section n°9,30.0,import_2024,section n°9,section n°9,Section n°9,Section n°9
2501,2024-02-01,L22,Four 2,Panne Vert-Flow (Problème éléctrique),Section n°6,Section n°6,150.0,import_2024,section n°6,section n°6,Section n°6,Section n°6
2502,2024-02-02,L22,Four 2,Verti-Flow continue,Section n°6,Section n°6,45.0,import_2024,section n°6,section n°6,Section n°6,Section n°6
2503,2024-02-02,L22,Four 2,Mauvaise descente support d'entonnoir,Section n°8,Section n°8,20.0,import_2024,section n°8,section n°8,Section n°8,Section n°8
2504,2024-02-02,L22,Four 2,Machine,Machine,Machine,15.0,import_2024,machine,machine,Machine,Machine
2505,2024-02-03,L22,Four 2,Affinage,Machine,Machine,20.0,import_2024,machine,machine,Machine,Machine
2506,2024-02-09,L22,Four 2,Arret de mise à l'arche : Réglage des tombés,Mise a l'arche,Mise a l'arche,30.0,import_2024,mise a l'arche,mise a l'arche,Mise a l'arche,Mise a l'arche
2507,2024-02-09,L22,Four 2,Manque de Verti-Flow et compression,Section n°6,Section n°6,270.0,import_2024,section n°6,section n°6,Section n°6,Section n°6
2508,2024-02-09,L22,Four 2,Manque de compression et air de perçage,Section n°3,Section n°3,120.0,import_2024,section n°3,section n°3,Section n°3,Section n°3
2509,2024-02-09,L22,Four 2,Manque de Verti-Flow et compression,Section n°6,Section n°6,125.0,import_2024,section n°6,section n°6,Section n°6,Section n°6
2510,2024-02-09,L22,Four 2,Manque de Verti-Flow et compression,Section n°8,Section n°8,160.0,import_2024,section n°8,section n°8,Section n°8,Section n°8
2511,2024-02-10,L22,Four 2,Panne au niveau de Verti-Flow,Section n°8,Section n°8,80.0,import_2024,section n°8,section n°8,Section n°8,Section n°8
2512,2024-02-11,L22,Four 2,Panne au niveau de Verti-Flow coté ébaucheur,Section n°8,Section n°8,425.0,import_2024,section n°8,section n°8,Section n°8,Section n°8
2513,2024-02-11,L22,Four 2,Changement de support de gonflage,Section n°8,Section n°8,30.0,import_2024,section n°8,section n°8,Section n°8,Section n°8
2514,2024-02-12,L22,Four 2,Blocage des bouteilles au niveau de la hotte du traitement à chaud,Traitement a chaud,Traitement a chaud,5.0,import_2024,traitement a chaud,traitement a chaud,Traitement a chaud,Traitement a chaud
2515,2024-02-12,L22,Four 2,Décalage de poids à cause d'un passage du verre chaud,Machine,Machine,30.0,import_2024,machine,machine,Machine,Machine
2516,2024-02-12,L22,Four 2,Mauvaise fonctionnement du bras Take-Out,Section n°10,Section n°10,360.0,import_2024,section n°10,section n°10,Section n°10,Section n°10
2517,2024-02-13,L22,Four 2,Changement de plinium,Section n°2,Section n°2,10.0,import_2024,section n°2,section n°2,Section n°2,Section n°2
2518,2024-02-17,L22,Four 2,Vis de fixation du bras cousale finisseur endommagé,Section n°7,Section n°7,70.0,import_2024,section n°7,section n°7,Section n°7,Section n°7
2519,2024-02-17,L22,Four 2,Vis de fixation du bras cousale finisseur endommagé,Section n°7,Section n°7,210.0,import_2024,section n°7,section n°7,Section n°7,Section n°7
2520,2024-02-17,L22,Four 2,Pour façiliter l'intervention au niveau de S7,Section n°6,Section n°6,130.0,import_2024,section n°6,section n°6,Section n°6,Section n°6
2521,2024-02-17,L22,Four 2,Pour façiliter l'intervention au niveau de S7,Section n°10,Section n°10,130.0,import_2024,section n°10,section n°10,Section n°10,Section n°10
2522,2024-02-19,L22,Four 2,Changement de carte entrée sortie d'automate,Section n°10,Section n°10,240.0,import_2024,section n°10,section n°10,Section n°10,Section n°10
2523,2024-02-19,L22,Four 2,Panne éléctrique,Section n°9,Section n°9,20.0,import_2024,section n°9,section n°9,Section n°9,Section n°9
2524,2024-02-20,L22,Four 2,Changement de mécanisme Take-Out (BDF,Section n°1,Section n°1,210.0,import_2024,section n°1,section n°1,Section n°1,Section n°1
2525,2024-02-21,L22,Four 2,Changement de mécanisme Bras Take-Out (BDF,Section n°2,Section n°2,120.0,import_2024,section n°2,section n°2,Section n°2,Section n°2
2526,2024-02-24,L22,Four 2,Nettoyage de rondelle,Machine,Machine,10.0,import_2024,machine,machine,Machine,Machine
2527,2024-02-27,L22,Four 2,Nettoyage de rondelle,Machine,Machine,5.0,import_2024,machine,machine,Machine,Machine
2528,2024-02-27,L22,Four 2,Réglage des inserts ébaucheur,Section n°9,Section n°9,25.0,import_2024,section n°9,section n°9,Section n°9,Section n°9
2529,2024-03-01,L22,Four 2,Changement du bras transfert,Section n°8,Section n°8,15.0,import_2024,section n°8,section n°8,Section n°8,Section n°8
2530,2024-03-01,L22,Four 2,Manque de Verti-Flow,Section n°6,Section n°6,60.0,import_2024,section n°6,section n°6,Section n°6,Section n°6
2531,2024-03-05,L22,Four 2,Décalage des plaques d'ATC ce qui provoque des tombés puis la collision entre les bouteilles tombées avec les doigts de mise à l'arche ce qui entaine des dommages au niveau des doigts,Mise a l'arche,Mise a l'arche,65.0,import_2024,mise a l'arche,mise a l'arche,Mise a l'arche,Mise a l'arche
2532,2024-03-06,L22,Four 2,Passage de verre froid ce qui entraine le décalage de poids,Machine,Machine,15.0,import_2024,machine,machine,Machine,Machine
2533,2024-03-10,L22,Four 2,Réglage ATC,ATC,ATC,10.0,import_2024,atc,atc,ATC,ATC
2534,2024-03-11,L22,Four 2,Réglage mise a l'arche,Mise a l'arche,Mise a l'arche,15.0,import_2024,mise a l'arche,mise a l'arche,Mise a l'arche,Mise a l'arche
2535,2024-03-12,L22,Four 2,Nettoyage de rondelle,Machine,Machine,5.0,import_2024,machine,machine,Machine,Machine
2536,2024-03-14,L22,Four 2,Changement du bras transfert,Section n°10,Section n°10,20.0,import_2024,section n°10,section n°10,Section n°10,Section n°10
2537,2024-03-14,L22,Four 2,Changement du bras transfert,Section n°10,Section n°10,15.0,import_2024,section n°10,section n°10,Section n°10,Section n°10
2538,2024-03-15,L22,Four 2,Changement du bras transfert,Section n°8,Section n°8,15.0,import_2024,section n°8,section n°8,Section n°8,Section n°8
2539,2024-03-16,L22,Four 2,Changement du bras transfert,Section n°10,Section n°10,20.0,import_2024,section n°10,section n°10,Section n°10,Section n°10
2540,2024-03-18,L22,Four 2,Arret de ventillation Feeder et décalage de poids,Machine,Machine,10.0,import_2024,machine,machine,Machine,Machine
2541,2024-03-18,L22,Four 2,Bouchage l'eau de ciseaux,Ciseaux,Ciseaux,15.0,import_2024,ciseaux,ciseaux,Ciseaux,Ciseaux
2542,2024-03-20,L22,Four 2,Changement de rondelle d'écoullement,Machine,Machine,5.0,import_2024,machine,machine,Machine,Machine
2543,2024-03-20,L22,Four 2,Bouchage l'eau de ciseaux,Ciseaux,Ciseaux,20.0,import_2024,ciseaux,ciseaux,Ciseaux,Ciseaux
2544,2024-03-20,L22,Four 2,Problème de fermeture finisseur,Section n°2,Section n°2,45.0,import_2024,section n°2,section n°2,Section n°2,Section n°2
2545,2024-03-21,L22,Four 2,Changement de flexible de gonflage,Section n°6,Section n°6,20.0,import_2024,section n°6,section n°6,Section n°6,Section n°6
2546,2024-03-21,L22,Four 2,Mise à niveau du bras transfert,Section n°2,Section n°2,10.0,import_2024,section n°2,section n°2,Section n°2,Section n°2
2547,2024-03-22,L22,Four 2,Panne éléctrique,Section n°3,Section n°3,155.0,import_2024,section n°3,section n°3,Section n°3,Section n°3
2548,2024-03-22,L22,Four 2,Mise à niveau de support compression,Section n°10,Section n°10,15.0,import_2024,section n°10,section n°10,Section n°10,Section n°10
2549,2024-03-22,L22,Four 2,Changement bras de transfert,Section n°10,Section n°10,15.0,import_2024,section n°10,section n°10,Section n°10,Section n°10
2550,2024-03-23,L22,Four 2,Changement bras de transfert,Section n°10,Section n°10,75.0,import_2024,section n°10,section n°10,Section n°10,Section n°10
2551,2024-03-24,L22,Four 2,Morceau de réfractaire,Machine,Machine,4.0,import_2024,machine,machine,Machine,Machine
2552,2024-03-24,L22,Four 2,Changement flexible de gonflage,Section n°10,Section n°10,10.0,import_2024,section n°10,section n°10,Section n°10,Section n°10
2553,2024-03-25,L22,Four 2,Morceau de réfractaire,Machine,Machine,5.0,import_2024,machine,machine,Machine,Machine
2554,2024-03-29,L22,Four 2,Ralentissement de support compression,Section n°6,Section n°6,120.0,import_2024,section n°6,section n°6,Section n°6,Section n°6
2555,2024-03-29,L22,Four 2,Changement des inserts ébaucheurs,Section n°6,Section n°6,40.0,import_2024,section n°6,section n°6,Section n°6,Section n°6
2556,2024-03-30,L22,Four 2,Bloc Verti-Flow,Section n°9,Section n°9,30.0,import_2024,section n°9,section n°9,Section n°9,Section n°9
2557,2024-04-01,L22,Four 2,Mise a l'arche,Mise a l'arche,Mise a l'arche,20.0,import_2024,mise a l'arche,mise a l'arche,Mise a l'arche,Mise a l'arche
2558,2024-04-02,L22,Four 2,Changement du bras transfert,Section n°6,Section n°6,25.0,import_2024,section n°6,section n°6,Section n°6,Section n°6
2559,2024-04-08,L22,Four 2,Changement bras take-out,Section n°5,Section n°5,25.0,import_2024,section n°5,section n°5,Section n°5,Section n°5
2560,2024-04-10,L22,Four 2,Manque de Verti-Flow finisseur,Section n°4,Section n°4,40.0,import_2024,section n°4,section n°4,Section n°4,Section n°4
2561,2024-04-10,L22,Four 2,Panne electrique,Section n°4,Section n°4,45.0,import_2024,section n°4,section n°4,Section n°4,Section n°4
2562,2024-04-11,L22,Four 2,Manque de Verti-Flow finisseur,Section n°4,Section n°4,60.0,import_2024,section n°4,section n°4,Section n°4,Section n°4
2563,2024-04-11,L22,Four 2,Manque de Verti-Flow finisseur,Section n°7,Section n°7,90.0,import_2024,section n°7,section n°7,Section n°7,Section n°7
2564,2024-04-12,L22,Four 2,Morceaude réfractaire,Machine,Machine,5.0,import_2024,machine,machine,Machine,Machine
2565,2024-04-13,L22,Four 2,Manque de gaz,Machine,Machine,30.0,import_2024,machine,machine,Machine,Machine
2566,2024-04-15,L22,Four 2,Mise a l'arche,Mise a l'arche,Mise a l'arche,10.0,import_2024,mise a l'arche,mise a l'arche,Mise a l'arche,Mise a l'arche
2567,2024-04-15,L22,Four 2,Manque de Verti-Flow finisseur,Section n°8,Section n°8,180.0,import_2024,section n°8,section n°8,Section n°8,Section n°8
2568,2024-04-16,L22,Four 2,Réglage des inserts ébaucheurs,Section n°8,Section n°8,45.0,import_2024,section n°8,section n°8,Section n°8,Section n°8
2569,2024-04-16,L22,Four 2,Changement du bras transfert,Section n°4,Section n°4,20.0,import_2024,section n°4,section n°4,Section n°4,Section n°4
2570,2024-04-16,L22,Four 2,Changement bras take-out,Section n°8,Section n°8,75.0,import_2024,section n°8,section n°8,Section n°8,Section n°8
2571,2024-04-18,L22,Four 2,Bouchage d'eau de refroidissement ciseaux,Ciseaux,Ciseaux,5.0,import_2024,ciseaux,ciseaux,Ciseaux,Ciseaux
2572,2024-04-18,L22,Four 2,Verti-flow continue,Section n°6,Section n°6,100.0,import_2024,section n°6,section n°6,Section n°6,Section n°6
2573,2024-04-19,L22,Four 2,Mise a l'arche,Mise a l'arche,Mise a l'arche,5.0,import_2024,mise a l'arche,mise a l'arche,Mise a l'arche,Mise a l'arche
2574,2024-04-22,L22,Four 2,Mise a l'arche,Mise a l'arche,Mise a l'arche,16.0,import_2024,mise a l'arche,mise a l'arche,Mise a l'arche,Mise a l'arche
2575,2024-04-22,L22,Four 2,Changement de distributeur et support de gonflage,Section n°7,Section n°7,120.0,import_2024,section n°7,section n°7,Section n°7,Section n°7
2576,2024-04-23,L22,Four 2,Coincement ATC,ATC,ATC,25.0,import_2024,atc,atc,ATC,ATC
2577,2024-04-23,L22,Four 2,Arret convoyeur machine,Machine,Machine,5.0,import_2024,machine,machine,Machine,Machine
2578,2024-04-23,L22,Four 2,Réglage des inserts,Section n°10,Section n°10,25.0,import_2024,section n°10,section n°10,Section n°10,Section n°10
2579,2024-04-23,L22,Four 2,Arret de mise à l'arche,Mise a l'arche,Mise a l'arche,15.0,import_2024,mise a l'arche,mise a l'arche,Mise a l'arche,Mise a l'arche
2580,2024-04-23,L22,Four 2,Arret convoyeur machine,machine,machine,10.0,import_2024,machine,machine,Machine,Machine
2581,2024-04-23,L22,Four 2,Changement bras de transfert,Section n°2,Section n°2,20.0,import_2024,section n°2,section n°2,Section n°2,Section n°2
2582,2024-04-25,L22,Four 2,Arret de mise à l'arche,Mise a l'arche,Mise a l'arche,35.0,import_2024,mise a l'arche,mise a l'arche,Mise a l'arche,Mise a l'arche
2583,2024-04-25,L22,Four 2,Changement du bras transfert,Section n°2,Section n°2,15.0,import_2024,section n°2,section n°2,Section n°2,Section n°2
2584,2024-04-29,L22,Four 2,Arret de mise à l'arche,Mise a l'arche,Mise a l'arche,8.0,import_2024,mise a l'arche,mise a l'arche,Mise a l'arche,Mise a l'arche
2585,2024-04-30,L22,Four 2,Arret de mise à l'arche,Mise a l'arche,Mise a l'arche,5.0,import_2024,mise a l'arche,mise a l'arche,Mise a l'arche,Mise a l'arche
2586,2024-05-02,L22,Four 2,Arret de mise à l'arche,Mise a l'arche,Mise a l'arche,10.0,import_2024,mise a l'arche,mise a l'arche,Mise a l'arche,Mise a l'arche
2587,2024-05-04,L22,Four 2,Arret de mise à l'arche,Mise a l'arche,Mise a l'arche,5.0,import_2024,mise a l'arche,mise a l'arche,Mise a l'arche,Mise a l'arche
2588,2024-05-05,L22,Four 2,Arret de mise à l'arche,Mise a l'arche,Mise a l'arche,10.0,import_2024,mise a l'arche,mise a l'arche,Mise a l'arche,Mise a l'arche
2589,2024-05-05,L22,Four 2,Manque de verti-flow,Section n°4,Section n°4,50.0,import_2024,section n°4,section n°4,Section n°4,Section n°4
2590,2024-05-06,L22,Four 2,Arret de mise à l'arche,Mise a l'arche,Mise a l'arche,8.0,import_2024,mise a l'arche,mise a l'arche,Mise a l'arche,Mise a l'arche
2591,2024-05-06,L22,Four 2,Arret de mise à l'arche,Mise a l'arche,Mise a l'arche,220.0,import_2024,mise a l'arche,mise a l'arche,Mise a l'arche,Mise a l'arche
2592,2024-05-06,L22,Four 2,Arret de mise à l'arche,Mise a l'arche,Mise a l'arche,34.0,import_2024,mise a l'arche,mise a l'arche,Mise a l'arche,Mise a l'arche
2593,2024-05-07,L22,Four 2,Arret de mise à l'arche (AEE),Mise a l'arche,Mise a l'arche,90.0,import_2024,mise a l'arche,mise a l'arche,Mise a l'arche,Mise a l'arche
2594,2024-05-07,L22,Four 2,Arret de mise à l'arche (AEM),Mise a l'arche,Mise a l'arche,85.0,import_2024,mise a l'arche,mise a l'arche,Mise a l'arche,Mise a l'arche
2595,2024-05-08,L22,Four 2,Mauvaise fonctionnement d'entonnoire,Section n°7,Section n°7,30.0,import_2024,section n°7,section n°7,Section n°7,Section n°7
2596,2024-05-09,L22,Four 2,Arret de machine Enverrage à cause d'un passage de morceau de réfractaire,machine,Machine,10.0,import_2024,machine,machine,Machine,Machine
2597,2024-05-10,L22,Four 2,Réglage de maselotte,Ciseaux,Ciseaux,25.0,import_2024,ciseaux,ciseaux,Ciseaux,Ciseaux
2598,2024-05-11,L22,Four 2,Arret de mise à l'arche,Mise a l'arche,Mise a l'arche,13.0,import_2024,mise a l'arche,mise a l'arche,Mise a l'arche,Mise a l'arche
2599,2024-05-13,L22,Four 2,Zérotage et demarrage,Section n°8,Section n°8,20.0,import_2024,section n°8,section n°8,Section n°8,Section n°8
2600,2024-05-14,L22,Four 2,Panne électrique,Section n°8,Section n°8,30.0,import_2024,section n°8,section n°8,Section n°8,Section n°8
2601,2024-05-14,L22,Four 2,Changement bras take-out,Section n°6,Section n°6,30.0,import_2024,section n°6,section n°6,Section n°6,Section n°6
2602,2024-05-18,L22,Four 2,Arret de machine : Arret de ventilateur Feeder,Machine,Machine,15.0,import_2024,machine,machine,Machine,Machine
2603,2024-05-18,L22,Four 2,Ventilation finisseur continue,Section n°7,Section n°7,195.0,import_2024,section n°7,section n°7,Section n°7,Section n°7
2604,2024-05-20,L22,Four 2,Changement de réducteur take-out,Section n°5,Section n°5,60.0,import_2024,section n°5,section n°5,Section n°5,Section n°5
2605,2024-05-21,L22,Four 2,Arret de mise à l'arche,Mise a l'arche,Mise a l'arche,5.0,import_2024,mise a l'arche,mise a l'arche,Mise a l'arche,Mise a l'arche
2606,2024-05-21,L22,Four 2,Problème de Verti-Flow,Section n°7,Section n°7,30.0,import_2024,section n°7,section n°7,Section n°7,Section n°7
2607,2024-05-21,L22,Four 2,Problème de Verti-Flow,Section n°4,Section n°4,30.0,import_2024,section n°4,section n°4,Section n°4,Section n°4
2608,2024-05-22,L22,Four 2,Verti-Flow continue,Section n°7,Section n°7,60.0,import_2024,section n°7,section n°7,Section n°7,Section n°7
2609,2024-05-22,L22,Four 2,Variation de la chauffe et décalage de poids,Machine,Machine,15.0,import_2024,machine,machine,Machine,Machine
2610,2024-05-23,L22,Four 2,Verti-Flow continue,Section n°6,Section n°6,210.0,import_2024,section n°6,section n°6,Section n°6,Section n°6
2611,2024-05-23,L22,Four 2,Panne electrique verti-flow,Section n°4,Section n°4,40.0,import_2024,section n°4,section n°4,Section n°4,Section n°4
2612,2024-05-23,L22,Four 2,Arret machine chute de courant,Machine,Machine,30.0,import_2024,machine,machine,Machine,Machine
2613,2024-05-23,L22,Four 2,Manque de verti-flow,Section n°4,Section n°4,35.0,import_2024,section n°4,section n°4,Section n°4,Section n°4
2614,2024-05-29,L22,Four 2,Arret de mise à l'arche,Mise a l'arche,Mise a l'arche,10.0,import_2024,mise a l'arche,mise a l'arche,Mise a l'arche,Mise a l'arche
2615,2024-05-30,L22,Four 2,Verti-Flow finisseur continue,Section n°4,Section n°4,60.0,import_2024,section n°4,section n°4,Section n°4,Section n°4
2616,2024-05-31,L22,Four 2,Bouchage d'eau de ciseaux,Ciseaux,Ciseaux,10.0,import_2024,ciseaux,ciseaux,Ciseaux,Ciseaux
2617,2024-05-31,L22,Four 2,Changement de cylindre,Section n°8,Section n°8,360.0,import_2024,section n°8,section n°8,Section n°8,Section n°8
2618,2024-06-05,L22,Four 2,Manque de rechange des ébaucheurs,Section n°4,Section n°4,90.0,import_2024,section n°4,section n°4,Section n°4,Section n°4
2619,2024-06-05,L22,Four 2,Manque de rechange des ébaucheurs,Section n°5,Section n°5,90.0,import_2024,section n°5,section n°5,Section n°5,Section n°5
2620,2024-06-05,L22,Four 2,Manque de rechange des ébaucheurs,Section n°7,Section n°7,90.0,import_2024,section n°7,section n°7,Section n°7,Section n°7
2621,2024-06-06,L22,Four 2,Arret de mise à l'arche,Mise a l'arche,Mise a l'arche,8.0,import_2024,mise a l'arche,mise a l'arche,Mise a l'arche,Mise a l'arche
2622,2024-06-07,L22,Four 2,ATC,ATC,ATC,10.0,import_2024,atc,atc,ATC,ATC
2623,2024-06-07,L22,Four 2,Mauvaise fermeture de finisseur,Section n°6,Section n°6,45.0,import_2024,section n°6,section n°6,Section n°6,Section n°6
2624,2024-06-07,L22,Four 2,Manque d'air de perçage,Section n°6,Section n°6,60.0,import_2024,section n°6,section n°6,Section n°6,Section n°6
2625,2024-06-09,L22,Four 2,Manque de gonflage,Section n°8,Section n°8,150.0,import_2024,section n°8,section n°8,Section n°8,Section n°8
2626,2024-06-10,L22,Four 2,Mauvaise fonctionnement de plongeur,Machine,Machine,15.0,import_2024,machine,machine,Machine,Machine
2627,2024-06-11,L22,Four 2,Changement des inserts ébaucheur,Section n°1,Section n°1,60.0,import_2024,section n°1,section n°1,Section n°1,Section n°1
2628,2024-06-12,L22,Four 2,Changement bras take-out,Section n°8,Section n°8,60.0,import_2024,section n°8,section n°8,Section n°8,Section n°8
2629,2024-06-13,L22,Four 2,Bouchage d'eau de ciseaux,Ciseaux,Ciseaux,10.0,import_2024,ciseaux,ciseaux,Ciseaux,Ciseaux
2630,2024-06-14,L22,Four 2,Changement du bras transfert,Section n°7,Section n°7,30.0,import_2024,section n°7,section n°7,Section n°7,Section n°7
2631,2024-06-16,L22,Four 2,Changement de cartouche,Section n°3,Section n°3,20.0,import_2024,section n°3,section n°3,Section n°3,Section n°3
2632,2024-06-17,L22,Four 2,Problème de Verti-Flow,Section n°4,Section n°4,240.0,import_2024,section n°4,section n°4,Section n°4,Section n°4
2633,2024-06-18,L22,Four 2,Changement bras take-out,Section n°6,Section n°6,60.0,import_2024,section n°6,section n°6,Section n°6,Section n°6
2634,2024-06-18,L22,Four 2,Mise a l'arche,Mise a l'arche,Mise a l'arche,10.0,import_2024,mise a l'arche,mise a l'arche,Mise a l'arche,Mise a l'arche
2635,2024-06-19,L22,Four 2,Mise a l'arche,Mise a l'arche,Mise a l'arche,5.0,import_2024,mise a l'arche,mise a l'arche,Mise a l'arche,Mise a l'arche
2636,2024-06-23,L22,Four 2,Décalage du poids,Machine,Machine,15.0,import_2024,machine,machine,Machine,Machine
2637,2024-06-23,L22,Four 2,Mauvaise fonctionnement support de gonflage,Section n°6,Section n°6,45.0,import_2024,section n°6,section n°6,Section n°6,Section n°6
2638,2024-06-23,L22,Four 2,Changement de distributeur et bras Take-Out,Section n°6,Section n°6,230.0,import_2024,section n°6,section n°6,Section n°6,Section n°6
2639,2024-06-24,L22,Four 2,Coinçement d'ouverture ébaucheur,Section n°5,Section n°5,60.0,import_2024,section n°5,section n°5,Section n°5,Section n°5
2640,2024-06-25,L22,Four 2,ATC,ATC,ATC,10.0,import_2024,atc,atc,ATC,ATC
2641,2024-06-26,L22,Four 2,Enverage à cause de passage d'un morceau de réfractaire,Machine,Machine,15.0,import_2024,machine,machine,Machine,Machine
2642,2024-06-26,L22,Four 2,ATC,ATC,ATC,8.0,import_2024,atc,atc,ATC,ATC
2643,2024-06-27,L22,Four 2,Mauvaise fonctionnement de mouvement ébaucheur,Section n°5,Section n°5,45.0,import_2024,section n°5,section n°5,Section n°5,Section n°5
2644,2024-06-27,L22,Four 2,Mauvaise fonctionnement de mouvement ébaucheur,Section n°10,Section n°10,65.0,import_2024,section n°10,section n°10,Section n°10,Section n°10
2645,2024-06-27,L22,Four 2,Mise a l'arche,Mise a l'arche,Mise a l'arche,5.0,import_2024,mise a l'arche,mise a l'arche,Mise a l'arche,Mise a l'arche
2646,2024-06-28,L22,Four 2,Problème au niveau de ripeur coté ébaucheur,Section n°5,Section n°5,180.0,import_2024,section n°5,section n°5,Section n°5,Section n°5
2647,2024-06-28,L22,Four 2,Mauvaise perçage,Section n°6,Section n°6,30.0,import_2024,section n°6,section n°6,Section n°6,Section n°6
2648,2024-06-28,L22,Four 2,Mauvaise fonctionnement support de gonflage,Section n°7,Section n°7,35.0,import_2024,section n°7,section n°7,Section n°7,Section n°7
2649,2024-06-28,L22,Four 2,Changement de flexible de gonflage endommagé,Section n°4,Section n°4,20.0,import_2024,section n°4,section n°4,Section n°4,Section n°4
2650,2024-06-30,L22,Four 2,Coupure de courant,Machine,Machine,8.0,import_2024,machine,machine,Machine,Machine
2651,2024-07-02,L22,Four 2,Mauvaise perçage,Section n°7,Section n°7,210.0,import_2024,section n°7,section n°7,Section n°7,Section n°7
2652,2024-07-02,L22,Four 2,Mauvaise fonctionnement support de gonflage,Section n°6,Section n°6,390.0,import_2024,section n°6,section n°6,Section n°6,Section n°6
2653,2024-07-02,L22,Four 2,Changement bras de transfert,Section n°10,Section n°10,30.0,import_2024,section n°10,section n°10,Section n°10,Section n°10
2654,2024-07-02,L22,Four 2,Mise a l'arche,Mise a l'arche,Mise a l'arche,20.0,import_2024,mise a l'arche,mise a l'arche,Mise a l'arche,Mise a l'arche
2655,2024-07-02,L22,Four 2,Convoyeur machine,convoyeur machine,convoyeur machine,5.0,import_2024,convoyeur machine,convoyeur machine,convoyeur machine,convoyeur machine
2656,2024-07-03,L22,Four 2,Mise a l'arche,Mise a l'arche,Mise a l'arche,15.0,import_2024,mise a l'arche,mise a l'arche,Mise a l'arche,Mise a l'arche
2657,2024-07-03,L22,Four 2,Changement de support compression,Section n°4,Section n°4,15.0,import_2024,section n°4,section n°4,Section n°4,Section n°4
2658,2024-07-03,L22,Four 2,Blocage du verre au niveau de rondelle,Machine,Machine,120.0,import_2024,machine,machine,Machine,Machine
2659,2024-07-04,L22,Four 2,Blocage du verre au niveau de rondelle,Machine,Machine,160.0,import_2024,machine,machine,Machine,Machine
2660,2024-07-04,L22,Four 2,Mauvaise fonctionnement support de gonflage,Section n°8,Section n°8,15.0,import_2024,section n°8,section n°8,Section n°8,Section n°8
2661,2024-07-04,L22,Four 2,Mauvaise fonctionnement support de gonflage,Section n°7,Section n°7,25.0,import_2024,section n°7,section n°7,Section n°7,Section n°7
2662,2024-07-04,L22,Four 2,Bras Take-Out endommagée,Section n°7,Section n°7,55.0,import_2024,section n°7,section n°7,Section n°7,Section n°7
2663,2024-07-04,L22,Four 2,Mauvaise fonctionnement du bras transfert,Section n°7,Section n°7,20.0,import_2024,section n°7,section n°7,Section n°7,Section n°7
2664,2024-07-05,L22,Four 2,Mauvaise fermeture finisseur,Section n°6,Section n°6,210.0,import_2024,section n°6,section n°6,Section n°6,Section n°6
2665,2024-07-05,L22,Four 2,Mauvaise fonctionnement du bras transfert,Section n°6,Section n°6,30.0,import_2024,section n°6,section n°6,Section n°6,Section n°6
2666,2024-07-05,L22,Four 2,Problème de Verti-Flow,Section n°6,Section n°6,30.0,import_2024,section n°6,section n°6,Section n°6,Section n°6
2667,2024-07-06,L22,Four 2,Changement du bra Take-Out,Section n°5,Section n°5,20.0,import_2024,section n°5,section n°5,Section n°5,Section n°5
2668,2024-07-06,L22,Four 2,Ajustement de niveau Bras transfert,Section n°7,Section n°7,30.0,import_2024,section n°7,section n°7,Section n°7,Section n°7
2669,2024-07-06,L22,Four 2,Changement des inserts,Section n°4,Section n°4,60.0,import_2024,section n°4,section n°4,Section n°4,Section n°4
2670,2024-07-06,L22,Four 2,Serrage des flasques,Section n°3,Section n°3,30.0,import_2024,section n°3,section n°3,Section n°3,Section n°3
2671,2024-07-06,L22,Four 2,Serrage des flasques,Section n°5,Section n°5,30.0,import_2024,section n°5,section n°5,Section n°5,Section n°5
2672,2024-07-06,L22,Four 2,Flexible d'air des pinçettes endommagé,Section n°4,Section n°4,30.0,import_2024,section n°4,section n°4,Section n°4,Section n°4
2673,2024-07-06,L22,Four 2,Mauvaise montée poinçons,Section n°7,Section n°7,60.0,import_2024,section n°7,section n°7,Section n°7,Section n°7
2674,2024-07-06,L22,Four 2,Coinçement du bras transfert,,Section n°6,30.0,import_2024,section n°6,,Section n°6,
2675,2024-07-07,L22,Four 2,Mauvais fermeture finisseur,Section n°4,Section n°4,20.0,import_2024,section n°4,section n°4,Section n°4,Section n°4
2676,2024-07-08,L22,Four 2,Changement ciseaux,Machine,Machine,210.0,import_2024,machine,machine,Machine,Machine
2677,2024-07-08,L22,Four 2,Décalage plaque de transmission arche,arche,arche,20.0,import_2024,arche,arche,arche,Arche
2678,2024-07-14,L22,Four 2,Mise a l'arche,mise a l'arche,mise a l'arche,10.0,import_2024,mise a l'arche,mise a l'arche,Mise a l'arche,Mise a l'arche
2679,2024-07-14,L22,Four 2,Mannque verti-flow,Section n°1,Verti-flow,205.0,import_2024,verti-flow,section n°1,verti-flow,Section n°1
2680,2024-07-15,L22,Four 2,Take-out,Section n°7,take-out,95.0,import_2024,take-out,section n°7,take-out,Section n°7
2681,2024-07-15,L22,Four 2,Verti-flow,Section n°7,Verti-flow,160.0,import_2024,verti-flow,section n°7,verti-flow,Section n°7
2682,2024-07-16,L22,Four 2,Mise a l'arche,Mise a l'arche,mise a l'arche,45.0,import_2024,mise a l'arche,mise a l'arche,Mise a l'arche,Mise a l'arche
2683,2024-07-16,L22,Four 2,Take-out,Section n°7,take-out,50.0,import_2024,take-out,section n°7,take-out,Section n°7
2684,2024-07-16,L22,Four 2,Verti-flow,Section n°7,Verti-flow,160.0,import_2024,verti-flow,section n°7,verti-flow,Section n°7
2685,2024-07-17,L22,Four 2,Manque verti-flow finisseur,Section n°1,Verti-flow,50.0,import_2024,verti-flow,section n°1,verti-flow,Section n°1
2686,2024-07-17,L22,Four 2,Verti-Flow continue,Section n°7,Verti-flow,150.0,import_2024,verti-flow,section n°7,verti-flow,Section n°7
2687,2024-07-19,L22,Four 2,travail sur faible pression,Section n°1,Section n°1,480.0,import_2024,section n°1,section n°1,Section n°1,Section n°1
2688,2024-07-19,L22,Four 2,Changement cylindre,Section n°4,cylindre,120.0,import_2024,cylindre,section n°4,cylindre,Section n°4
2689,2024-07-19,L22,Four 2,Changement cylindre,Section n°1,cylindre,80.0,import_2024,cylindre,section n°1,cylindre,Section n°1
2690,2024-07-20,L22,Four 2,mauvaise montée poincon,Section n°1,Poincon,80.0,import_2024,poincon,section n°1,poincon,Section n°1
2691,2024-07-24,L22,Four 2,Nettoyage rondelle,rondelle,,5.0,import_2024,,rondelle,,rondelle
2692,2024-07-25,L22,Four 2,ATC,ATC,ATC,5.0,import_2024,atc,atc,ATC,ATC
2693,2024-07-25,L22,Four 2,Mannque verti-flow,Section n°2,Verti-flow,45.0,import_2024,verti-flow,section n°2,verti-flow,Section n°2
2694,2024-07-27,L22,Four 2,Bouchage l'eau de ciseaux,Ciseaux,ciseaux,5.0,import_2024,ciseaux,ciseaux,Ciseaux,Ciseaux
2695,2024-07-28,L22,Four 2,Probléme verti-flow,Section n°6,Verti-flow,90.0,import_2024,verti-flow,section n°6,verti-flow,Section n°6
2696,2024-07-28,L22,Four 2,Mise a niveau bras de transfert,Section n°8,bras de transfert,35.0,import_2024,bras de transfert,section n°8,bras de transfert,Section n°8
2697,2024-07-29,L22,Four 2,Nettoyage rondelle,rondelle,,10.0,import_2024,,rondelle,,rondelle
2698,2024-07-29,L22,Four 2,Mauvaise alignement des article au niveau de convoyeur mise a l'arche,Convoyeur mise a l'arche,,10.0,import_2024,,convoyeur mise a l'arche,,convoyeur mise a l'arche
2699,2024-07-30,L22,Four 2,Manque verti-flow finisseur,Section n°5,Verti-flow,260.0,import_2024,verti-flow,section n°5,verti-flow,Section n°5
2700,2024-07-31,L22,Four 2,Mise a l'arche,Mise a l'arche,Mise a l'arche,5.0,import_2024,mise a l'arche,mise a l'arche,Mise a l'arche,Mise a l'arche
2701,2024-08-01,L22,Four 2,Nettoyage rondelle,rondelle,machine,15.0,import_2024,machine,rondelle,Machine,rondelle
2702,2024-08-02,L22,Four 2,Verti-Flow finisseur continue,Section n°9,verti-flow,120.0,import_2024,verti-flow,section n°9,verti-flow,Section n°9
2703,2024-08-02,L22,Four 2,Verti-Flow finisseur continue,Section n°9,verti-flow,470.0,import_2024,verti-flow,section n°9,verti-flow,Section n°9
2704,2024-08-03,L22,Four 2,Réglage mise a l'arche,Mise a l'arche,mise a l'arche,85.0,import_2024,mise a l'arche,mise a l'arche,Mise a l'arche,Mise a l'arche
2705,2024-08-03,L22,Four 2,Enverrage machine,tube guide,machine,10.0,import_2024,machine,tube guide,Machine,tube guide
2706,2024-08-03,L22,Four 2,Changement les doits de mise a l'arche,Mise a l'arche,mise a l'arche,15.0,import_2024,mise a l'arche,mise a l'arche,Mise a l'arche,Mise a l'arche
2707,2024-08-03,L22,Four 2,Mise a l'arche,Mise a l'arche,mise a l'arche,24.0,import_2024,mise a l'arche,mise a l'arche,Mise a l'arche,Mise a l'arche
2708,2024-08-04,L22,Four 2,Mise a l'arche 3 fois,Mise a l'arche,mise a l'arche,20.0,import_2024,mise a l'arche,mise a l'arche,Mise a l'arche,Mise a l'arche
2709,2024-08-04,L22,Four 2,Mise a l'arche,Mise a l'arche,mise a l'arche,45.0,import_2024,mise a l'arche,mise a l'arche,Mise a l'arche,Mise a l'arche
2710,2024-08-05,L22,Four 2,Mise a l'arche 2 fois,Mise a l'arche,mise a l'arche,10.0,import_2024,mise a l'arche,mise a l'arche,Mise a l'arche,Mise a l'arche
2711,2024-08-06,L22,Four 2,Mise a l'arche,Mise a l'arche,mise a l'arche,30.0,import_2024,mise a l'arche,mise a l'arche,Mise a l'arche,Mise a l'arche
2712,2024-08-07,L22,Four 2,Mise a l'arche 3 fois,Mise a l'arche,mise a l'arche,10.0,import_2024,mise a l'arche,mise a l'arche,Mise a l'arche,Mise a l'arche
2713,2024-08-07,L22,Four 2,Changement support compression,Section n°7,compression,150.0,import_2024,compression,section n°7,compression,Section n°7
2714,2024-08-07,L22,Four 2,Mise a niveau brad de transfert,Section n°5,bras de transfert,30.0,import_2024,bras de transfert,section n°5,bras de transfert,Section n°5
2715,2024-08-07,L22,Four 2,Mise a l'arche 2 fois,Mise a l'arche,mise a l'arche,10.0,import_2024,mise a l'arche,mise a l'arche,Mise a l'arche,Mise a l'arche
2716,2024-08-09,L22,Four 2,Mise a l'arche 3 fois,Mise a l'arche,mise a l'arche,45.0,import_2024,mise a l'arche,mise a l'arche,Mise a l'arche,Mise a l'arche
2717,2024-08-10,L22,Four 2,Mise a l'arche,Mise a l'arche,mise a l'arche,15.0,import_2024,mise a l'arche,mise a l'arche,Mise a l'arche,Mise a l'arche
2718,2024-08-10,L22,Four 2,Changement les guides en carbone de ATC,transfert,ATC,15.0,import_2024,atc,transfert,ATC,Transfert
2719,2024-08-10,L22,Four 2,Support téte gonflage,Section n°7,gonflage,60.0,import_2024,gonflage,section n°7,gonflage,Section n°7
2720,2024-08-11,L22,Four 2,Verti-Flow continue,Section n°7,verti-flow,180.0,import_2024,verti-flow,section n°7,verti-flow,Section n°7
2721,2024-08-11,L22,Four 2,Coincement plongeur,Machine,plongeur,10.0,import_2024,plongeur,machine,plongeur,Machine
2722,2024-08-12,L22,Four 2,Manque l'eau de ciseaux,Machine,mécanisme ciseaux,10.0,import_2024,mécanisme ciseaux,machine,Mécanisme ciseaux,Machine
2723,2024-08-12,L22,Four 2,Mise a l'arche,Mise a l'arche,mise a l'arche,10.0,import_2024,mise a l'arche,mise a l'arche,Mise a l'arche,Mise a l'arche
2724,2024-08-13,L22,Four 2,Mise a l'arche,Mise a l'arche,mise a l'arche,10.0,import_2024,mise a l'arche,mise a l'arche,Mise a l'arche,Mise a l'arche
2725,2024-08-13,L22,Four 2,Verti-Flow finisseur continue,Section n°8,verti-flow,40.0,import_2024,verti-flow,section n°8,verti-flow,Section n°8
2726,2024-08-13,L22,Four 2,Arret machine a cause scoop,Machine,scoop,15.0,import_2024,scoop,machine,scoop,Machine
2727,2024-08-13,L22,Four 2,Mise a l'arche,Mise a l'arche,mise a l'arche,5.0,import_2024,mise a l'arche,mise a l'arche,Mise a l'arche,Mise a l'arche
2728,2024-08-14,L22,Four 2,Mise a l'arche,Mise a l'arche,mise a l'arche,5.0,import_2024,mise a l'arche,mise a l'arche,Mise a l'arche,Mise a l'arche
2729,2024-08-15,L22,Four 2,Changement les doits de mise a l'arche,Mise a l'arche,mise a l'arche,15.0,import_2024,mise a l'arche,mise a l'arche,Mise a l'arche,Mise a l'arche
2730,2024-08-15,L22,Four 2,ATC,transfert,ATC,10.0,import_2024,atc,transfert,ATC,Transfert
2731,2024-08-15,L22,Four 2,Changement les doits de mise a l'arche,Mise a l'arche,mise a l'arche,15.0,import_2024,mise a l'arche,mise a l'arche,Mise a l'arche,Mise a l'arche
2732,2024-08-15,L22,Four 2,Changement flexible gonflage,Section n°3,gonflage,25.0,import_2024,gonflage,section n°3,gonflage,Section n°3
2733,2024-08-16,L22,Four 2,Mise a l'arche,Mise a l'arche,mise a l'arche,5.0,import_2024,mise a l'arche,mise a l'arche,Mise a l'arche,Mise a l'arche
2734,2024-08-16,L22,Four 2,Arret plongeur,Machine,plongeur,15.0,import_2024,plongeur,machine,plongeur,Machine
2735,2024-08-18,L22,Four 2,Manque l'eau de ciseaux,Machine,mécanisme ciseaux,10.0,import_2024,mécanisme ciseaux,machine,Mécanisme ciseaux,Machine
2736,2024-08-18,L22,Four 2,Mise a l'arche,Mise a l'arche,mise a l'arche,5.0,import_2024,mise a l'arche,mise a l'arche,Mise a l'arche,Mise a l'arche
2737,2024-08-19,L22,Four 2,Mise a l'arche,Mise a l'arche,mise a l'arche,5.0,import_2024,mise a l'arche,mise a l'arche,Mise a l'arche,Mise a l'arche
2738,2024-08-19,L22,Four 2,Mise a l'arche,Mise a l'arche,mise a l'arche,30.0,import_2024,mise a l'arche,mise a l'arche,Mise a l'arche,Mise a l'arche
2739,2024-08-20,L22,Four 2,Arret plongeur,Machine,plongeur,30.0,import_2024,plongeur,machine,plongeur,Machine
2740,2024-08-21,L22,Four 2,Mise a l'arche,Mise a l'arche,mise a l'arche,5.0,import_2024,mise a l'arche,mise a l'arche,Mise a l'arche,Mise a l'arche
2741,2024-08-22,L22,Four 2,Changement bras de take-out,Section n°9,take-out,40.0,import_2024,take-out,section n°9,take-out,Section n°9
2742,2024-08-22,L22,Four 2,Enverrage au niveau scoop,Machine,scoop,30.0,import_2024,scoop,machine,scoop,Machine
2743,2024-08-22,L22,Four 2,Support médian endommage,Machine,,90.0,import_2024,,machine,,Machine
2744,2024-08-23,L22,Four 2,Mise a l'arche: rateau endommage,Mise a l'arche,mise a l'arche,30.0,import_2024,mise a l'arche,mise a l'arche,Mise a l'arche,Mise a l'arche
2745,2024-08-23,L22,Four 2,Mise a l'arche 3 fois,Mise a l'arche,mise a l'arche,25.0,import_2024,mise a l'arche,mise a l'arche,Mise a l'arche,Mise a l'arche
2746,2024-08-24,L22,Four 2,Mise a l'arche 4 fois,Mise a l'arche,mise a l'arche,20.0,import_2024,mise a l'arche,mise a l'arche,Mise a l'arche,Mise a l'arche
2747,2024-08-24,L22,Four 2,Mise a l'arche,Mise a l'arche,mise a l'arche,7.0,import_2024,mise a l'arche,mise a l'arche,Mise a l'arche,Mise a l'arche
2748,2024-08-24,L22,Four 2,Manque l'eau de scoop,Machine,scoop,5.0,import_2024,scoop,machine,scoop,Machine
2749,2024-08-24,L22,Four 2,Mise a l'arche,Mise a l'arche,mise a l'arche,35.0,import_2024,mise a l'arche,mise a l'arche,Mise a l'arche,Mise a l'arche
2750,2024-08-25,L22,Four 2,Mise a l'arche,Mise a l'arche,mise a l'arche,5.0,import_2024,mise a l'arche,mise a l'arche,Mise a l'arche,Mise a l'arche
2751,2024-08-25,L22,Four 2,Mise a l'arche,Mise a l'arche,mise a l'arche,20.0,import_2024,mise a l'arche,mise a l'arche,Mise a l'arche,Mise a l'arche
2752,2024-08-26,L22,Four 2,Manque verti-flow finisseur,Section n°8,verti-flow,120.0,import_2024,verti-flow,section n°8,verti-flow,Section n°8
2753,2024-08-26,L22,Four 2,Manque l'eau de ciseaux,Machine,mécanisme ciseaux,5.0,import_2024,mécanisme ciseaux,machine,Mécanisme ciseaux,Machine
2754,2024-08-27,L22,Four 2,Manque l'eau de ciseaux,Machine,mécanisme ciseaux,5.0,import_2024,mécanisme ciseaux,machine,Mécanisme ciseaux,Machine
2755,2024-08-29,L22,Four 2,Manque l'eau de ciseaux,Machine,mécanisme ciseaux,20.0,import_2024,mécanisme ciseaux,machine,Mécanisme ciseaux,Machine
2756,2024-09-05,L22,Four 2,Verti-Flow continue,Section n°7,verti-flow,125.0,import_2024,verti-flow,section n°7,verti-flow,Section n°7
2757,2024-09-05,L22,Four 2,Mise a l'arche,Mise a l'arche,mise a l'arche,5.0,import_2024,mise a l'arche,mise a l'arche,Mise a l'arche,Mise a l'arche
2758,2024-09-06,L22,Four 2,Bras de transfert,Section n°2,bras de transfert,180.0,import_2024,bras de transfert,section n°2,bras de transfert,Section n°2
2759,2024-09-06,L22,Four 2,Verti-Flow continue,Section n°4,verti-flow,130.0,import_2024,verti-flow,section n°4,verti-flow,Section n°4
2760,2024-09-06,L22,Four 2,Changement les lammes ciseaux,Machine,mécanisme ciseaux,30.0,import_2024,mécanisme ciseaux,machine,Mécanisme ciseaux,Machine
2761,2024-09-07,L22,Four 2,Verti-Flow continue,Section n°10,verti-flow,435.0,import_2024,verti-flow,section n°10,verti-flow,Section n°10
2762,2024-09-08,L22,Four 2,Mauvaise ouverture Eb,Section n°5,ouverture,180.0,import_2024,ouverture,section n°5,ouverture,Section n°5
2763,2024-09-08,L22,Four 2,Mauvaise ouverture Eb,Section n°6,ouverture,60.0,import_2024,ouverture,section n°6,ouverture,Section n°6
2764,2024-09-09,L22,Four 2,Mise a l'arche,Mise a l'arche,mise a l'arche,8.0,import_2024,mise a l'arche,mise a l'arche,Mise a l'arche,Mise a l'arche
2765,2024-09-09,L22,Four 2,Mise a l'arche,Mise a l'arche,mise a l'arche,5.0,import_2024,mise a l'arche,mise a l'arche,Mise a l'arche,Mise a l'arche
2766,2024-09-10,L22,Four 2,Bras de transfert,Section n°2,bras de transfert,60.0,import_2024,bras de transfert,section n°2,bras de transfert,Section n°2
2767,2024-09-10,L22,Four 2,Arret mise a l'arche,machine,mise a l'arche,5.0,import_2024,mise a l'arche,machine,Mise a l'arche,Machine
2768,2024-09-14,L22,Four 2,mauvaise montée poincon,Section n°10,poincon,75.0,import_2024,poincon,section n°10,poincon,Section n°10
2769,2024-09-16,L22,Four 2,Vibration ciseaux,ciseaux,ciseaux,70.0,import_2024,ciseaux,ciseaux,Ciseaux,Ciseaux
2770,2024-09-16,L22,Four 2,Mauvaise fermeture de finisseur,Section n°5,fermeture,30.0,import_2024,fermeture,section n°5,fermeture,Section n°5
2771,2024-09-16,L22,Four 2,AEE,Section n°6,AEE,240.0,import_2024,aee,section n°6,AEE,Section n°6
2772,2024-09-18,L22,Four 2,Verti-flow,Section n°3,verti-flow,35.0,import_2024,verti-flow,section n°3,verti-flow,Section n°3
2773,2024-09-18,L22,Four 2,Verti-flow,Section n°5,verti-flow,30.0,import_2024,verti-flow,section n°5,verti-flow,Section n°5
2774,2024-09-19,L22,Four 2,Arret mise a l'arche,Mise a l'arche,mise a l'arche,5.0,import_2024,mise a l'arche,mise a l'arche,Mise a l'arche,Mise a l'arche
2775,2024-09-19,L22,Four 2,Mauvaise percage,Section n°4,percage,60.0,import_2024,percage,section n°4,percage,Section n°4
2776,2024-09-20,L22,Four 2,Réglage mécanisme support de gonflage,Section n°6,gonflage,60.0,import_2024,gonflage,section n°6,gonflage,Section n°6
2777,2024-09-20,L22,Four 2,Changement support compression,Section n°7,compression,30.0,import_2024,compression,section n°7,compression,Section n°7
2778,2024-09-22,L22,Four 2,Envirrage au niveau tupe guide a cause vibration au niveau bloc ciseaux,Machine,ciseaux,60.0,import_2024,ciseaux,machine,Ciseaux,Machine
2779,2024-09-22,L22,Four 2,Manque verti-flow finisseur,Section n°10,verti-flow,50.0,import_2024,verti-flow,section n°10,verti-flow,Section n°10
2780,2024-09-22,L22,Four 2,Mauvaise fermeture Eb,Section n°5,fermeture Eb,90.0,import_2024,fermeture eb,section n°5,fermeture Eb,Section n°5
2781,2024-09-23,L22,Four 2,Envirrage au niveau tupe guide a cause morceau de refractaire,Machine,morceau de refractaire,40.0,import_2024,morceau de refractaire,machine,morceau de refractaire,Machine
2782,2024-09-24,L22,Four 2,Changement rippeur,Section n°3,rippeur,30.0,import_2024,rippeur,section n°3,rippeur,Section n°3
2783,2024-09-24,L22,Four 2,Coincement mouvement de moule fin,Section n°5,fermeture de moule,25.0,import_2024,fermeture de moule,section n°5,fermeture de moule,Section n°5
2784,2024-09-24,L22,Four 2,Arret machine a cause retard du goute,machine,retard de goute,20.0,import_2024,retard de goute,machine,retard de goute,Machine
2785,2024-09-24,L22,Four 2,Vis fixation compression endommage,Section n°6,compression,75.0,import_2024,compression,section n°6,compression,Section n°6
2786,2024-09-24,L22,Four 2,Coincement bras de transfert,Section n°1,bras de transfert,25.0,import_2024,bras de transfert,section n°1,bras de transfert,Section n°1
2787,2024-09-25,L22,Four 2,Manque verti-flow Eb,Section n°5,verti-flow Eb,360.0,import_2024,verti-flow eb,section n°5,verti-flow Eb,Section n°5
2788,2024-09-25,L22,Four 2,Pour faciliter le travail au S5,Section n°4,faciliter le travail,120.0,import_2024,faciliter le travail,section n°4,faciliter le travail,Section n°4
2789,2024-09-25,L22,Four 2,Changement bras de transfert,Section n°1,bras de transfert,60.0,import_2024,bras de transfert,section n°1,bras de transfert,Section n°1
2790,2024-09-26,L22,Four 2,changement de bras transfert,Section n°7,bras de transfert,20.0,import_2024,bras de transfert,section n°7,bras de transfert,Section n°7
2791,2024-09-26,L22,Four 2,Mauvaise Fonctionnement au Niveau de Support finisseur,Section n°1,support finisseur,300.0,import_2024,support finisseur,section n°1,support finisseur,Section n°1
2792,2024-09-26,L22,Four 2,Mauvaise Fonctionnement au Niveau de Support finisseur,Section n°2,support finisseur,300.0,import_2024,support finisseur,section n°2,support finisseur,Section n°2
2793,2024-09-26,L22,Four 2,Mauvaise Fonctionnement au Niveau de Support finisseur,Section n°3,support finisseur,180.0,import_2024,support finisseur,section n°3,support finisseur,Section n°3
2794,2024-09-27,L22,Four 2,nettoyage et serrage holder,Section n°4,support finisseur,40.0,import_2024,support finisseur,section n°4,support finisseur,Section n°4
2795,2024-09-27,L22,Four 2,Tombé D'article au Niveau de Mise à l'arche,Mise a l'arche,Mise a l'arche,10.0,import_2024,mise a l'arche,mise a l'arche,Mise a l'arche,Mise a l'arche
2796,2024-09-29,L22,Four 2,changement de cable d'aliementation de Take-out,Section n°2,AEE,60.0,import_2024,aee,section n°2,AEE,Section n°2
2797,2024-09-30,L22,Four 2,Mauvaise fermeture finisseur,Section n°3,fermeture Fin,40.0,import_2024,fermeture fin,section n°3,fermeture Fin,Section n°3
2798,2024-09-30,L22,Four 2,Mauvaise fermeture finisseur,Section n°4,fermeture Fin,40.0,import_2024,fermeture fin,section n°4,fermeture Fin,Section n°4
2799,2024-09-30,L22,Four 2,changement de distributeur,Section n°6,Verti-flow,130.0,import_2024,verti-flow,section n°6,verti-flow,Section n°6
2800,2024-09-30,L22,Four 2,pour faciliter le travail sur la section 9,Section n°8,faciliter le travail,110.0,import_2024,faciliter le travail,section n°8,faciliter le travail,Section n°8
2801,2024-09-30,L22,Four 2,Mauvaise fermeture Eb,Section n°9,fermeture Eb,315.0,import_2024,fermeture eb,section n°9,fermeture Eb,Section n°9
2802,2024-10-01,L22,Four 2,Mauvaise fermeture finisseur,Section n°3,fermeture Fin,240.0,import_2024,fermeture fin,section n°3,fermeture Fin,Section n°3
2803,2024-10-01,L22,Four 2,Manque gonflage,Section n°4,gonflage,95.0,import_2024,gonflage,section n°4,gonflage,Section n°4
2804,2024-10-02,L22,Four 2,mauvaise férmeture des holder EB,Section n°6,Holders,90.0,import_2024,holders,section n°6,holders,Section n°6
2805,2024-10-03,L22,Four 2,Mise a l'arche,Mise a l'arche,Mise a l'arche,10.0,import_2024,mise a l'arche,mise a l'arche,Mise a l'arche,Mise a l'arche
2806,2024-10-05,L22,Four 2,arrêt de mise a l arche,Mise a l'arche,Mise a l'arche,5.0,import_2024,mise a l'arche,mise a l'arche,Mise a l'arche,Mise a l'arche
2807,2024-10-05,L22,Four 2,fermeture de vertiflow,Section n°6,Verti-flow,30.0,import_2024,verti-flow,section n°6,verti-flow,Section n°6
2808,2024-10-07,L22,Four 2,Mauvaise fermeture finisseur,Section n°10,fermeture fin,20.0,import_2024,fermeture fin,section n°10,fermeture Fin,Section n°10
2809,2024-10-08,L22,Four 2,Arrêt de Mise à L'arche 2fois,Mise a l'arche,mise a l'arche,5.0,import_2024,mise a l'arche,mise a l'arche,Mise a l'arche,Mise a l'arche
2810,2024-10-08,L22,Four 2,Fuite D'air de VERTI-FLOW EB,Section n°10,Verti-flow,35.0,import_2024,verti-flow,section n°10,verti-flow,Section n°10
2811,2024-10-08,L22,Four 2,Arrêt de Mise à L'arche,Mise a l'arche,mise a l'arche,5.0,import_2024,mise a l'arche,mise a l'arche,Mise a l'arche,Mise a l'arche
2812,2024-10-09,L22,Four 2,variation pression de l'eau de ciseaux,ciseaux,ciseaux,10.0,import_2024,ciseaux,ciseaux,Ciseaux,Ciseaux
2813,2024-10-09,L22,Four 2,Arret mise a l'arche,Mise a l'arche,Mise a l'arche,15.0,import_2024,mise a l'arche,mise a l'arche,Mise a l'arche,Mise a l'arche
2814,2024-10-09,L22,Four 2,Arret convoyeur machine,machine,convoyeur machine,10.0,import_2024,convoyeur machine,machine,convoyeur machine,Machine
2815,2024-10-09,L22,Four 2,Arret convoyeur ATC,ATC,ATC,15.0,import_2024,atc,atc,ATC,ATC
2816,2024-10-09,L22,Four 2,Arret mise a l'arche,Mise a l'arche,Mise a l'arche,10.0,import_2024,mise a l'arche,mise a l'arche,Mise a l'arche,Mise a l'arche
2817,2024-10-14,L22,Four 2,Changement de support compression et ajustement de niveau du bras transfert,Section n°3,bras de transfert,150.0,import_2024,bras de transfert,section n°3,bras de transfert,Section n°3
2818,2024-10-15,L22,Four 2,manque l'eau de refoidissement,Machine,mécanisme ciseaux,5.0,import_2024,mécanisme ciseaux,machine,Mécanisme ciseaux,Machine
2819,2024-10-15,L22,Four 2,Arret mise a l'arche,Mise a l'arche,Mise a l'arche,10.0,import_2024,mise a l'arche,mise a l'arche,Mise a l'arche,Mise a l'arche
2820,2024-10-17,L22,Four 2,Variation poids,Machine,Machine,10.0,import_2024,machine,machine,Machine,Machine
2821,2024-10-17,L22,Four 2,Mauvaise tombée de paraison,Machine,Machine,35.0,import_2024,machine,machine,Machine,Machine
2822,2024-10-24,L22,Four 2,Arret mise a l'arche,Mise a l'arche,Mise a l'arche,40.0,import_2024,mise a l'arche,mise a l'arche,Mise a l'arche,Mise a l'arche
2823,2024-10-26,L22,Four 2,Mauvaise ferméture coté finisseur,Section n°5,ferméture Fin,180.0,import_2024,ferméture fin,section n°5,ferméture Fin,Section n°5
2824,2024-10-26,L22,Four 2,Manque de Gaz Butane,Machine,Gaz,15.0,import_2024,gaz,machine,Gaz,Machine
2825,2024-10-27,L22,Four 2,ATC,ATC,ATC,60.0,import_2024,atc,atc,ATC,ATC
2826,2024-10-27,L22,Four 2,Mise a l'arche,Mise a l'arche,Mise a l'arche,40.0,import_2024,mise a l'arche,mise a l'arche,Mise a l'arche,Mise a l'arche
2827,2024-10-28,L22,Four 2,probleme de virtiflow cote finisseur,Section n°3,Verti-flow,120.0,import_2024,verti-flow,section n°3,verti-flow,Section n°3
2828,2024-10-28,L22,Four 2,Mise a l'arche,Mise a l'arche,Mise a l'arche,10.0,import_2024,mise a l'arche,mise a l'arche,Mise a l'arche,Mise a l'arche
2829,2024-10-30,L22,Four 2,Mise a l'arche,Mise a l'arche,Mise a l'arche,30.0,import_2024,mise a l'arche,mise a l'arche,Mise a l'arche,Mise a l'arche
2830,2024-10-31,L22,Four 2,Manque vertiflow,Section n°7,verti-flow,170.0,import_2024,verti-flow,section n°7,verti-flow,Section n°7
2831,2024-10-31,L22,Four 2,changement distributeur compression,Section n°3,compression,60.0,import_2024,compression,section n°3,compression,Section n°3
2832,2024-10-31,L22,Four 2,probleme de virtiflow cote finisseur,Section n°10,Verti-flow,60.0,import_2024,verti-flow,section n°10,verti-flow,Section n°10
2833,2024-10-31,L22,Four 2,Enverrage scoop,Machine,scoop,15.0,import_2024,scoop,machine,scoop,Machine
2834,2024-11-01,L22,Four 2,Changement mediane,Section n°7,médiane,45.0,import_2024,médiane,section n°7,médiane,Section n°7
2835,2024-11-02,L22,Four 2,enverrage de scoupe,Machine,scoop,15.0,import_2024,scoop,machine,scoop,Machine
2836,2024-11-03,L22,Four 2,enverrage de scoupe,Machine,scoop,10.0,import_2024,scoop,machine,scoop,Machine
2837,2024-11-03,L22,Four 2,Mise a l'arche,Mise a l'arche,Mise a l'arche,35.0,import_2024,mise a l'arche,mise a l'arche,Mise a l'arche,Mise a l'arche
2838,2024-11-04,L22,Four 2,Coincement ATC,ATC,ATC,10.0,import_2024,atc,atc,ATC,ATC
2839,2024-11-04,L22,Four 2,Mise a l'arche,Mise a l'arche,Mise a l'arche,15.0,import_2024,mise a l'arche,mise a l'arche,Mise a l'arche,Mise a l'arche
2840,2024-11-04,L22,Four 2,Coincement ATC,ATC,ATC,10.0,import_2024,atc,atc,ATC,ATC
2841,2024-11-06,L22,Four 2,enverrage de scoupe,Machine,scoop,30.0,import_2024,scoop,machine,scoop,Machine
2842,2024-11-06,L22,Four 2,probleme de virtiflow cote finisseur,Section n°10,Verti-flow,180.0,import_2024,verti-flow,section n°10,verti-flow,Section n°10
2843,2024-11-06,L22,Four 2,Manque verti-flow Eb,Section n°9,Verti-flow,60.0,import_2024,verti-flow,section n°9,verti-flow,Section n°9
2844,2024-11-06,L22,Four 2,Manque verti-flow Eb,Section n°10,Verti-flow,60.0,import_2024,verti-flow,section n°10,verti-flow,Section n°10
2845,2024-11-09,L22,Four 2,Changement pincette,Section n°6,pincette,30.0,import_2024,pincette,section n°6,pincette,Section n°6
2846,2024-11-09,L22,Four 2,Arret mise a l'arche,Mise a l'arche,Mise a l'arche,5.0,import_2024,mise a l'arche,mise a l'arche,Mise a l'arche,Mise a l'arche
2847,2024-11-09,L22,Four 2,Arret mise a l'arche,Mise a l'arche,Mise a l'arche,5.0,import_2024,mise a l'arche,mise a l'arche,Mise a l'arche,Mise a l'arche
2848,2024-11-09,L22,Four 2,Arret mise a l'arche,Mise a l'arche,Mise a l'arche,5.0,import_2024,mise a l'arche,mise a l'arche,Mise a l'arche,Mise a l'arche
2849,2024-11-09,L22,Four 2,Mauvaise fermeture Eb,Section n°7,fermeture eb,15.0,import_2024,fermeture eb,section n°7,fermeture Eb,Section n°7
2850,2024-11-16,L22,Four 2,Changement insert,Section n°3,Insert,30.0,import_2024,insert,section n°3,insert,Section n°3
2851,2024-11-16,L22,Four 2,Changement insert,Section n°5,Insert,30.0,import_2024,insert,section n°5,insert,Section n°5
2852,2024-11-16,L22,Four 2,Changement insert,Section n°7,Insert,30.0,import_2024,insert,section n°7,insert,Section n°7
2853,2024-11-16,L22,Four 2,Changement insert,Section n°8,Insert,30.0,import_2024,insert,section n°8,insert,Section n°8
2854,2024-11-17,L22,Four 2,"Mise a,niveau bras de transfert",Section n°4,bras de transfert,15.0,import_2024,bras de transfert,section n°4,bras de transfert,Section n°4
2855,2024-11-17,L22,Four 2,Arret mise a l'arche,Mise a l'arche,Mise a l'arche,5.0,import_2024,mise a l'arche,mise a l'arche,Mise a l'arche,Mise a l'arche
2856,2024-11-17,L22,Four 2,Arret mise a l'arche,Mise a l'arche,Mise a l'arche,5.0,import_2024,mise a l'arche,mise a l'arche,Mise a l'arche,Mise a l'arche
2857,2024-11-17,L22,Four 2,Arret mise a l'arche,Mise a l'arche,Mise a l'arche,5.0,import_2024,mise a l'arche,mise a l'arche,Mise a l'arche,Mise a l'arche
2858,2024-11-18,L22,Four 2,Mauvaise fonctionement bras de transfert,Section n°3,bras de transfert,70.0,import_2024,bras de transfert,section n°3,bras de transfert,Section n°3
2859,2024-11-18,L22,Four 2,Changement les lammes ciseaux,mécanisme ciseaux,mécanisme ciseaux,15.0,import_2024,mécanisme ciseaux,mécanisme ciseaux,Mécanisme ciseaux,Mécanisme ciseaux
2860,2024-11-18,L22,Four 2,Mauvaise fonctionnement support de compression,Section n°6,support de compression,150.0,import_2024,support de compression,section n°6,support de compression,Section n°6
2861,2024-11-18,L22,Four 2,coincement cartouche poincon,Section n°3,cartouche poincon,480.0,import_2024,cartouche poincon,section n°3,cartouche poincon,Section n°3
2862,2024-11-19,L22,Four 2,coincement cartouche poincon: BDF,Section n°3,cartouche poincon,375.0,import_2024,cartouche poincon,section n°3,cartouche poincon,Section n°3
2863,2024-11-19,L22,Four 2,Arret machine : BDF,machine,machine,10.0,import_2024,machine,machine,Machine,Machine
2864,2024-11-19,L22,Four 2,Mauvaise ecartement bras de transfert,Section n°7,bras de transfert,95.0,import_2024,bras de transfert,section n°7,bras de transfert,Section n°7
2865,2024-11-19,L22,Four 2,faciliter le travail,Section n°8,faciliter le travail,25.0,import_2024,faciliter le travail,section n°8,faciliter le travail,Section n°8
2866,2024-11-20,L22,Four 2,Arret machine,machine,décalage poids,10.0,import_2024,décalage poids,machine,décalage poids,Machine
2867,2024-11-20,L22,Four 2,"Mauvaise desce,te support entonnoir",Section n°5,support entonnoir,35.0,import_2024,support entonnoir,section n°5,support entonnoir,Section n°5
2868,2024-11-21,L22,Four 2,Changement support de compression,Section n°9,support compression,20.0,import_2024,support compression,section n°9,support compression,Section n°9
2869,2024-11-22,L22,Four 2,Probléme au niveau ciseaux,mécanisme ciseaux,mécanisme ciseaux,150.0,import_2024,mécanisme ciseaux,mécanisme ciseaux,Mécanisme ciseaux,Mécanisme ciseaux
2870,2024-11-22,L22,Four 2,Arret mise a l'arche,Mise a l'arche,Mise a l'arche,25.0,import_2024,mise a l'arche,mise a l'arche,Mise a l'arche,Mise a l'arche
2871,2024-11-23,L22,Four 2,Mauvaise fermeture finisseur,Section n°10,mauvaise fermeture,78.0,import_2024,mauvaise fermeture,section n°10,mauvaise fermeture,Section n°10
2872,2024-11-23,L22,Four 2,Coincement take-out,Section n°7,take-out,90.0,import_2024,take-out,section n°7,take-out,Section n°7
2873,2024-11-23,L22,Four 2,changement take-out,Section n°6,take-out,35.0,import_2024,take-out,section n°6,take-out,Section n°6
2874,2024-11-24,L22,Four 2,Changement FPS,Section n°5,FPS,25.0,import_2024,fps,section n°5,FPS,Section n°5
2875,2024-11-24,L22,Four 2,Mise a l'arche: AEE,Mise a l'arche,Mise a l'arche,20.0,import_2024,mise a l'arche,mise a l'arche,Mise a l'arche,Mise a l'arche
2876,2024-11-24,L22,Four 2,Mise a l'arche 2 fois,Mise a l'arche,Mise a l'arche,15.0,import_2024,mise a l'arche,mise a l'arche,Mise a l'arche,Mise a l'arche
2877,2024-11-25,L22,Four 2,Problème Mise à l'arche,Mise a l'arche,Mise a l'arche,60.0,import_2024,mise a l'arche,mise a l'arche,Mise a l'arche,Mise a l'arche
2878,2024-11-28,L22,Four 2,Arret de la machine a causse bouchage l'eau de ciseaux,mécanisme ciseaux,mécanisme ciseaux,10.0,import_2024,mécanisme ciseaux,mécanisme ciseaux,Mécanisme ciseaux,Mécanisme ciseaux
2879,2024-11-28,L22,Four 2,Arret mise a l'arche,Mise a l'arche,Mise a l'arche,5.0,import_2024,mise a l'arche,mise a l'arche,Mise a l'arche,Mise a l'arche
2880,2024-11-28,L22,Four 2,Changement doit de rateau,Mise a l'arche,Mise a l'arche,40.0,import_2024,mise a l'arche,mise a l'arche,Mise a l'arche,Mise a l'arche
2881,2024-11-29,L22,Four 2,Coincement la main ejection de scoop,scoop,scoop,10.0,import_2024,scoop,scoop,scoop,scoop
2882,2024-11-29,L22,Four 2,Changement bras de transfert,Section n°3,bras de transfert,30.0,import_2024,bras de transfert,section n°3,bras de transfert,Section n°3
2883,2024-11-29,L22,Four 2,Coincement monté poincon,Section n°7,poincon,20.0,import_2024,poincon,section n°7,poincon,Section n°7
2884,2024-11-29,L22,Four 2,Changement bras de transfert,Section n°3,bras de transfert,40.0,import_2024,bras de transfert,section n°3,bras de transfert,Section n°3
2885,2024-11-30,L22,Four 2,Verti-Flow finisseur continue,Section n°5,verti-flow,105.0,import_2024,verti-flow,section n°5,verti-flow,Section n°5
2886,2024-11-30,L22,Four 2,Verti-Flow finisseur continue,Section n°5,verti-flow,90.0,import_2024,verti-flow,section n°5,verti-flow,Section n°5
2887,2024-11-30,L22,Four 2,Manque verti-flow,Section n°7,verti-flow,90.0,import_2024,verti-flow,section n°7,verti-flow,Section n°7
2888,2024-12-01,L22,Four 2,Réglage mise a l'arche,Mise a l'arche,Mise a l'arche,15.0,import_2024,mise a l'arche,mise a l'arche,Mise a l'arche,Mise a l'arche
2889,2024-12-01,L22,Four 2,Changement bras de transfert,Section n°7,bras de transfert,15.0,import_2024,bras de transfert,section n°7,bras de transfert,Section n°7
2890,2024-12-02,L22,Four 2,Changement support e gonflage,Section n°6,support de gonflage,15.0,import_2024,support de gonflage,section n°6,support de gonflage,Section n°6
2891,2024-12-02,L22,Four 2,Arret mise a l'arche,Mise a l'arche,Mise a l'arche,10.0,import_2024,mise a l'arche,mise a l'arche,Mise a l'arche,Mise a l'arche
2892,2024-12-03,L22,Four 2,Arret mise a l'arche,Mise a l'arche,Mise a l'arche,15.0,import_2024,mise a l'arche,mise a l'arche,Mise a l'arche,Mise a l'arche
2893,2024-12-03,L22,Four 2,Arret mise a l'arche,Mise a l'arche,Mise a l'arche,10.0,import_2024,mise a l'arche,mise a l'arche,Mise a l'arche,Mise a l'arche
2894,2024-12-03,L22,Four 2,Coincement cartouche poincon,Section n°5,cartouche poincon,120.0,import_2024,cartouche poincon,section n°5,cartouche poincon,Section n°5
2895,2024-12-03,L22,Four 2,Changement bras de transfert,Section n°5,bras de transfert,45.0,import_2024,bras de transfert,section n°5,bras de transfert,Section n°5
2896,2024-12-04,L22,Four 2,Changement bras de transfert,Section n°5,bras de transfert,35.0,import_2024,bras de transfert,section n°5,bras de transfert,Section n°5
2897,2024-12-05,L22,Four 2,Arret mise a l'arche,Mise a l'arche,Mise a l'arche,80.0,import_2024,mise a l'arche,mise a l'arche,Mise a l'arche,Mise a l'arche
2898,2024-12-05,L22,Four 2,Arret mise a l'arche,Mise a l'arche,Mise a l'arche,10.0,import_2024,mise a l'arche,mise a l'arche,Mise a l'arche,Mise a l'arche
2899,2024-12-05,L22,Four 2,Arret mise a l'arche,Mise a l'arche,Mise a l'arche,20.0,import_2024,mise a l'arche,mise a l'arche,Mise a l'arche,Mise a l'arche
2900,2024-12-06,L22,Four 2,Manque verti-flow finisseur,Section n°7,verti-flow,35.0,import_2024,verti-flow,section n°7,verti-flow,Section n°7
2901,2024-12-06,L22,Four 2,Arret mise a l'arche,Mise a l'arche,Mise a l'arche,10.0,import_2024,mise a l'arche,mise a l'arche,Mise a l'arche,Mise a l'arche
2902,2024-12-07,L22,Four 2,Changement flexible tete de gonflage,Section n°5,tete de gonflage,20.0,import_2024,tete de gonflage,section n°5,tete de gonflage,Section n°5
2903,2024-12-07,L22,Four 2,Manque verti-flow,Section n°7,verti-flow,30.0,import_2024,verti-flow,section n°7,verti-flow,Section n°7
2904,2024-12-07,L22,Four 2,Manque verti-flow:AEE,Section n°7,verti-flow,60.0,import_2024,verti-flow,section n°7,verti-flow,Section n°7
2905,2024-01-02,L23,Four 2,Changement support compression,Section n°3,compression,205.0,import_2024,compression,section n°3,compression,Section n°3
2906,2024-01-03,L23,Four 2,Manque d'eau de refroidissement ciseau,Machine,Mécanisme Ciseaux,10.0,import_2024,mécanisme ciseaux,machine,Mécanisme ciseaux,Machine
2907,2024-01-03,L23,Four 2,Mauvaise fonctionnement de support d'entonnoire,Section n°5,entonnoire,20.0,import_2024,entonnoire,section n°5,entonnoire,Section n°5
2908,2024-01-05,L23,Four 2,Changement bras de transfert,Section n°5,bras de transfert,20.0,import_2024,bras de transfert,section n°5,bras de transfert,Section n°5
2909,2024-01-05,L23,Four 2,Changement distributeur poincon,Section n°2,poincon,15.0,import_2024,poincon,section n°2,poincon,Section n°2
2910,2024-01-07,L23,Four 2,Bouchage d'eau ciseau,Machine,Mécanisme Ciseaux,10.0,import_2024,mécanisme ciseaux,machine,Mécanisme ciseaux,Machine
2911,2024-01-08,L23,Four 2,Manque de refroidissement ciseau,Machine,Mécanisme Ciseaux,10.0,import_2024,mécanisme ciseaux,machine,Mécanisme ciseaux,Machine
2912,2024-01-09,L23,Four 2,Changement de Verti-Flow,Section n°1,verti-flow,100.0,import_2024,verti-flow,section n°1,verti-flow,Section n°1
2913,2024-01-09,L23,Four 2,Changement de support compression,Section n°7,compression,60.0,import_2024,compression,section n°7,compression,Section n°7
2914,2024-01-10,L23,Four 2,Changement bras de transfert,Section n°2,bras de transfert,15.0,import_2024,bras de transfert,section n°2,bras de transfert,Section n°2
2915,2024-01-11,L23,Four 2,Mauvaise de rechange support de compression,Section n°1,compression,180.0,import_2024,compression,section n°1,compression,Section n°1
2916,2024-01-11,L23,Four 2,Changement du bras transfert,Section n°2,bras de transfert,20.0,import_2024,bras de transfert,section n°2,bras de transfert,Section n°2
2917,2024-01-12,L23,Four 2,Mauvaise fermeture finisseur,Section n°7,fermeture,20.0,import_2024,fermeture,section n°7,fermeture,Section n°7
2918,2024-01-12,L23,Four 2,Centrage de tete de gonflage,Section n°3,gonflage,15.0,import_2024,gonflage,section n°3,gonflage,Section n°3
2919,2024-01-12,L23,Four 2,Bouchage d'eau de refroidissement ciseau,Machine,Mécanisme Ciseaux,5.0,import_2024,mécanisme ciseaux,machine,Mécanisme ciseaux,Machine
2920,2024-01-14,L23,Four 2,Réglage bras de transfert,Section n°6,bras de transfert,30.0,import_2024,bras de transfert,section n°6,bras de transfert,Section n°6
2921,2024-01-14,L23,Four 2,changement bras de transfert,Section n°5,bras de transfert,10.0,import_2024,bras de transfert,section n°5,bras de transfert,Section n°5
2922,2024-01-15,L23,Four 2,Manque l'eau de refroidissement ciseau,Machine,Mécanisme Ciseaux,10.0,import_2024,mécanisme ciseaux,machine,Mécanisme ciseaux,Machine
2923,2024-01-15,L23,Four 2,Changement bras take-out,Section n°3,take-out,40.0,import_2024,take-out,section n°3,take-out,Section n°3
2924,2024-01-16,L23,Four 2,Probléme verti-flow,Section n°1,verti-flow,255.0,import_2024,verti-flow,section n°1,verti-flow,Section n°1
2925,2024-01-17,L23,Four 2,Changement bras de transfert,Section n°5,bras de transfert,20.0,import_2024,bras de transfert,section n°5,bras de transfert,Section n°5
2926,2024-01-17,L23,Four 2,Changement bras de take-out,Section n°6,take-out,25.0,import_2024,take-out,section n°6,take-out,Section n°6
2927,2024-01-17,L23,Four 2,Manque rechange compression,Section n°6,compression,30.0,import_2024,compression,section n°6,compression,Section n°6
2928,2024-01-20,L23,Four 2,Panne au niveau du convoyeur machine,Machine,Convoyeur machine,40.0,import_2024,convoyeur machine,machine,convoyeur machine,Machine
2929,2024-01-21,L23,Four 2,Panne convoyeur,Machine,Convoyeur machine,90.0,import_2024,convoyeur machine,machine,convoyeur machine,Machine
2930,2024-01-21,L23,Four 2,réglage du décalage au niveau du convoyeur,Machine,Convoyeur machine,7.0,import_2024,convoyeur machine,machine,convoyeur machine,Machine
2931,2024-01-26,L23,Four 2,Changement de cartouche poincon,Section n°1,poincon,15.0,import_2024,poincon,section n°1,poincon,Section n°1
2932,2024-01-27,L23,Four 2,Changement de support compression,Section n°3,compression,15.0,import_2024,compression,section n°3,compression,Section n°3
2933,2024-01-27,L23,Four 2,Changement de support compression,Section n°3,compression,15.0,import_2024,compression,section n°3,compression,Section n°3
2934,2024-01-29,L23,Four 2,Changement bras de transfert,Section n°7,bras de transfert,30.0,import_2024,bras de transfert,section n°7,bras de transfert,Section n°7
2935,2024-01-30,L23,Four 2,Changement bras de transfert,Section n°7,bras de transfert,15.0,import_2024,bras de transfert,section n°7,bras de transfert,Section n°7
2936,2024-01-30,L23,Four 2,Changement bras de transfert,Section n°5,bras de transfert,15.0,import_2024,bras de transfert,section n°5,bras de transfert,Section n°5
2937,2024-01-30,L23,Four 2,Changement bras de transfert,Section n°6,bras de transfert,20.0,import_2024,bras de transfert,section n°6,bras de transfert,Section n°6
2938,2024-01-31,L23,Four 2,Changement bras de transfert,Section n°5,bras de transfert,10.0,import_2024,bras de transfert,section n°5,bras de transfert,Section n°5
2939,2024-02-01,L23,Four 2,Changement bras de transfert,Section n°3,bras de transfert,15.0,import_2024,bras de transfert,section n°3,bras de transfert,Section n°3
2940,2024-02-02,L23,Four 2,Mise à niveau du bras transfert,Section n°3,bras de transfert,15.0,import_2024,bras de transfert,section n°3,bras de transfert,Section n°3
2941,2024-02-02,L23,Four 2,Mise à niveau du bras transfert,Section n°6,bras de transfert,15.0,import_2024,bras de transfert,section n°6,bras de transfert,Section n°6
2942,2024-02-02,L23,Four 2,Mise à niveau du bras transfert,Section n°4,bras de transfert,15.0,import_2024,bras de transfert,section n°4,bras de transfert,Section n°4
2943,2024-02-02,L23,Four 2,Mise à niveau du bras transfert,Section n°8,bras de transfert,15.0,import_2024,bras de transfert,section n°8,bras de transfert,Section n°8
2944,2024-02-02,L23,Four 2,Changement bras de transfert,Section n°6,bras de transfert,15.0,import_2024,bras de transfert,section n°6,bras de transfert,Section n°6
2945,2024-02-03,L23,Four 2,Affinage,Machine,affinage,10.0,import_2024,affinage,machine,affinage,Machine
2946,2024-02-09,L23,Four 2,Arret de mise à l'arche,Mise a l'arche,Mise a l'arche,95.0,import_2024,mise a l'arche,mise a l'arche,Mise a l'arche,Mise a l'arche
2947,2024-02-09,L23,Four 2,Panne éléctrique,Mise a l'arche,Mise a l'arche,70.0,import_2024,mise a l'arche,mise a l'arche,Mise a l'arche,Mise a l'arche
2948,2024-02-10,L23,Four 2,Problème au niveau de ligne d'inverssement,Section n°7,inversion,40.0,import_2024,inversion,section n°7,inversion,Section n°7
2949,2024-02-11,L23,Four 2,Changement du bras transfert,Section n°8,bras de transfert,20.0,import_2024,bras de transfert,section n°8,bras de transfert,Section n°8
2950,2024-02-11,L23,Four 2,Arret de convoyeur machine,Machine,Convoyeur machine,10.0,import_2024,convoyeur machine,machine,convoyeur machine,Machine
2951,2024-02-11,L23,Four 2,Arret de machine 5 min : Niveau de Feeder,Feeder,Feeder,5.0,import_2024,feeder,feeder,Feeder,Feeder
2952,2024-02-14,L23,Four 2,Changement de support compression,Section n°1,compression,10.0,import_2024,compression,section n°1,compression,Section n°1
2953,2024-02-19,L23,Four 2,Changement du bras transfert,Section n°7,bras de transfert,20.0,import_2024,bras de transfert,section n°7,bras de transfert,Section n°7
2954,2024-02-21,L23,Four 2,Changement du bras transfert,Section n°2,bras de transfert,30.0,import_2024,bras de transfert,section n°2,bras de transfert,Section n°2
2955,2024-02-23,L23,Four 2,Panne éléctrique,Section n°1,AEE,15.0,import_2024,aee,section n°1,AEE,Section n°1
2956,2024-02-26,L23,Four 2,Arret machine,Machine,Machine,10.0,import_2024,machine,machine,Machine,Machine
2957,2024-02-28,L23,Four 2,Changement de support compression,Section n°1,compression,15.0,import_2024,compression,section n°1,compression,Section n°1
2958,2024-02-29,L23,Four 2,Arret machine: faible pression,Machine,Faible pression,10.0,import_2024,faible pression,machine,Faible pression,Machine
2959,2024-03-01,L23,Four 2,Nettoyage des plaques,Section n°2,nettoyage,10.0,import_2024,nettoyage,section n°2,nettoyage,Section n°2
2960,2024-03-03,L23,Four 2,Changement du bras Take-Out,Section n°1,take-out,15.0,import_2024,take-out,section n°1,take-out,Section n°1
2961,2024-03-03,L23,Four 2,Changement du bras Take-Out,Section n°1,take-out,75.0,import_2024,take-out,section n°1,take-out,Section n°1
2962,2024-03-05,L23,Four 2,Changement du cartouche poinçon,Section n°5,poincon,20.0,import_2024,poincon,section n°5,poincon,Section n°5
2963,2024-03-06,L23,Four 2,Verti-Flow continue,Section n°1,verti-flow,20.0,import_2024,verti-flow,section n°1,verti-flow,Section n°1
2964,2024-03-09,L23,Four 2,Centrage de la bague de compression,Section n°1,compression,15.0,import_2024,compression,section n°1,compression,Section n°1
2965,2024-03-10,L23,Four 2,Panne éléctrique,Section n°7,AEE,10.0,import_2024,aee,section n°7,AEE,Section n°7
2966,2024-03-11,L23,Four 2,Changement du bras transfert,Section n°7,bras de transfert,10.0,import_2024,bras de transfert,section n°7,bras de transfert,Section n°7
2967,2024-03-11,L23,Four 2,Changement de support compression,Section n°2,compression,30.0,import_2024,compression,section n°2,compression,Section n°2
2968,2024-03-11,L23,Four 2,Changement de plinium et mise à niveau de support entonnoir,Section n°2,entonnoire,30.0,import_2024,entonnoire,section n°2,entonnoire,Section n°2
2969,2024-03-14,L23,Four 2,Changement de bras Take-Out et porte pinçettes,Section n°1,pincette,40.0,import_2024,pincette,section n°1,pincette,Section n°1
2970,2024-03-15,L23,Four 2,Changement du bras Take-Out,Section n°5,take-out,5.0,import_2024,take-out,section n°5,take-out,Section n°5
2971,2024-03-15,L23,Four 2,Changement du bras transfert,Section n°5,bras de transfert,5.0,import_2024,bras de transfert,section n°5,bras de transfert,Section n°5
2972,2024-03-15,L23,Four 2,Changement du bras transfert,Section n°8,bras de transfert,5.0,import_2024,bras de transfert,section n°8,bras de transfert,Section n°8
2973,2024-03-15,L23,Four 2,Changement de support compression,Section n°1,compression,5.0,import_2024,compression,section n°1,compression,Section n°1
2974,2024-03-23,L23,Four 2,Changement du bras transfert,Section n°1,bras de transfert,30.0,import_2024,bras de transfert,section n°1,bras de transfert,Section n°1
2975,2024-03-23,L23,Four 2,Changement du bras transfert,Section n°5,bras de transfert,30.0,import_2024,bras de transfert,section n°5,bras de transfert,Section n°5
2976,2024-03-23,L23,Four 2,Changement de support compression,Section n°5,compression,20.0,import_2024,compression,section n°5,compression,Section n°5
2977,2024-03-23,L23,Four 2,Centrage de la bague de cylindre,Section n°1,cylindre,15.0,import_2024,cylindre,section n°1,cylindre,Section n°1
2978,2024-03-24,L23,Four 2,Manque de compression,Section n°1,compression,20.0,import_2024,compression,section n°1,compression,Section n°1
2979,2024-03-24,L23,Four 2,Changement du bras transfert,Section n°7,bras de transfert,20.0,import_2024,bras de transfert,section n°7,bras de transfert,Section n°7
2980,2024-03-24,L23,Four 2,Manque de compression,Section n°1,compression,20.0,import_2024,compression,section n°1,compression,Section n°1
2981,2024-03-24,L23,Four 2,Changement du bras transfert,Section n°7,bras de transfert,195.0,import_2024,bras de transfert,section n°7,bras de transfert,Section n°7
2982,2024-03-25,L23,Four 2,Manque de compression,Section n°1,compression,15.0,import_2024,compression,section n°1,compression,Section n°1
2983,2024-03-25,L23,Four 2,Changement de console ébaucheur,Section n°6,console,150.0,import_2024,console,section n°6,console,Section n°6
2984,2024-03-26,L23,Four 2,Changement du bras transfert,Section n°7,bras de transfert,15.0,import_2024,bras de transfert,section n°7,bras de transfert,Section n°7
2985,2024-03-26,L23,Four 2,Changement de support compression,Section n°8,compression,40.0,import_2024,compression,section n°8,compression,Section n°8
2986,2024-03-26,L23,Four 2,Changement du bras transfert,Section n°7,bras de transfert,15.0,import_2024,bras de transfert,section n°7,bras de transfert,Section n°7
2987,2024-03-26,L23,Four 2,Fixation d'axe de guidage support compression,Section n°3,compression,60.0,import_2024,compression,section n°3,compression,Section n°3
2988,2024-03-27,L23,Four 2,Changement du bras transfert,Section n°3,bras de transfert,10.0,import_2024,bras de transfert,section n°3,bras de transfert,Section n°3
2989,2024-03-28,L23,Four 2,Changement du fond ébaucheur et ajustement de tete de gonflage,Section n°3,gonflage,15.0,import_2024,gonflage,section n°3,gonflage,Section n°3
2990,2024-03-28,L23,Four 2,Changement cylindre,Section n°4,cylindre,240.0,import_2024,cylindre,section n°4,cylindre,Section n°4
2991,2024-03-30,L23,Four 2,Changement de cartouche,Section n°7,cartouche,30.0,import_2024,cartouche,section n°7,cartouche,Section n°7
2992,2024-03-30,L23,Four 2,Changement du bras transfert,Section n°3,bras de transfert,10.0,import_2024,bras de transfert,section n°3,bras de transfert,Section n°3
2993,2024-03-30,L23,Four 2,Changement du bras transfert,Section n°4,bras de transfert,10.0,import_2024,bras de transfert,section n°4,bras de transfert,Section n°4
2994,2024-03-30,L23,Four 2,Mise a niveau bras transfert,Section n°3,bras de transfert,15.0,import_2024,bras de transfert,section n°3,bras de transfert,Section n°3
2995,2024-03-31,L23,Four 2,Changement des inserts,Section n°3,insert,30.0,import_2024,insert,section n°3,insert,Section n°3
2996,2024-04-01,L23,Four 2,Changement de cartouche,Section n°2,cartouche,30.0,import_2024,cartouche,section n°2,cartouche,Section n°2
2997,2024-04-01,L23,Four 2,Changement du bras transfert,Section n°6,bras de transfert,25.0,import_2024,bras de transfert,section n°6,bras de transfert,Section n°6
2998,2024-04-01,L23,Four 2,Changement du bras transfert,Section n°1,bras de transfert,20.0,import_2024,bras de transfert,section n°1,bras de transfert,Section n°1
2999,2024-04-02,L23,Four 2,Changement du bras transfert,Section n°6,bras de transfert,25.0,import_2024,bras de transfert,section n°6,bras de transfert,Section n°6
3000,2024-04-03,L23,Four 2,Changement de support compression,Section n°5,compression,30.0,import_2024,compression,section n°5,compression,Section n°5
3001,2024-04-03,L23,Four 2,Mauvaise fermeture finisseur,Section n°7,fermeture,15.0,import_2024,fermeture,section n°7,fermeture,Section n°7
3002,2024-04-08,L23,Four 2,Mauvaise fonctionnement du bras transfert,Section n°4,bras de transfert,90.0,import_2024,bras de transfert,section n°4,bras de transfert,Section n°4
3003,2024-04-09,L23,Four 2,Changement du bras transfert,Section n°7,bras de transfert,20.0,import_2024,bras de transfert,section n°7,bras de transfert,Section n°7
3004,2024-04-10,L23,Four 2,Serrage d'adapteur,Section n°1,adapteur,15.0,import_2024,adapteur,section n°1,adapteur,Section n°1
3005,2024-04-10,L23,Four 2,Changement de cartouche,Section n°1,cartouche,20.0,import_2024,cartouche,section n°1,cartouche,Section n°1
3006,2024-04-10,L23,Four 2,Serrage d'adapteur,Section n°3,adapteur,15.0,import_2024,adapteur,section n°3,adapteur,Section n°3
3007,2024-04-10,L23,Four 2,Changement de cartouche,Section n°3,cartouche,20.0,import_2024,cartouche,section n°3,cartouche,Section n°3
3008,2024-04-11,L23,Four 2,Changement de cylindre et distributeur poinçon,Section n°5,poincon,240.0,import_2024,poincon,section n°5,poincon,Section n°5
3009,2024-04-11,L23,Four 2,Changement du bras transfert,Section n°4,bras de transfert,20.0,import_2024,bras de transfert,section n°4,bras de transfert,Section n°4
3010,2024-04-11,L23,Four 2,Changement du bras transfert,Section n°6,bras de transfert,20.0,import_2024,bras de transfert,section n°6,bras de transfert,Section n°6
3011,2024-04-11,L23,Four 2,Changement de support compression,Section n°3,compression,20.0,import_2024,compression,section n°3,compression,Section n°3
3012,2024-04-12,L23,Four 2,Changement de support tete de gonflage,Section n°4,gonflage,40.0,import_2024,gonflage,section n°4,gonflage,Section n°4
3013,2024-04-12,L23,Four 2,Changement de support tete de gonflage,Section n°4,gonflage,20.0,import_2024,gonflage,section n°4,gonflage,Section n°4
3014,2024-04-12,L23,Four 2,Réglage de niveau du bras transfert,Section n°4,bras de transfert,20.0,import_2024,bras de transfert,section n°4,bras de transfert,Section n°4
3015,2024-04-12,L23,Four 2,Changement de cartouche,Section n°5,cartouche,20.0,import_2024,cartouche,section n°5,cartouche,Section n°5
3016,2024-04-15,L23,Four 2,Réglage de cartouche,Section n°8,cartouche,15.0,import_2024,cartouche,section n°8,cartouche,Section n°8
3017,2024-04-15,L23,Four 2,Changement déflécteur et médiane,Section n°8,médiane,5.0,import_2024,médiane,section n°8,médiane,Section n°8
3018,2024-04-16,L23,Four 2,Changement de distributeur,Section n°7,distributeur,60.0,import_2024,distributeur,section n°7,distributeur,Section n°7
3019,2024-04-16,L23,Four 2,Changement de support compression,Section n°7,compression,20.0,import_2024,compression,section n°7,compression,Section n°7
3020,2024-04-16,L23,Four 2,Chute de pression,Machine,pression,30.0,import_2024,pression,machine,pression,Machine
3021,2024-04-16,L23,Four 2,Changement de cartouche poinçon,Section n°7,poincon,15.0,import_2024,poincon,section n°7,poincon,Section n°7
3022,2024-04-16,L23,Four 2,Réglage du cylindre poinçon,Section n°2,poincon,180.0,import_2024,poincon,section n°2,poincon,Section n°2
3023,2024-04-16,L23,Four 2,Changement bras de transfert,Section n°5,bras de transfert,10.0,import_2024,bras de transfert,section n°5,bras de transfert,Section n°5
3024,2024-04-17,L23,Four 2,Réglage cylindre,Section n°1,cylindre,60.0,import_2024,cylindre,section n°1,cylindre,Section n°1
3025,2024-04-17,L23,Four 2,Changement bras de transfert,Section n°7,bras de transfert,60.0,import_2024,bras de transfert,section n°7,bras de transfert,Section n°7
3026,2024-04-17,L23,Four 2,Changement bras de transfert,Section n°6,bras de transfert,30.0,import_2024,bras de transfert,section n°6,bras de transfert,Section n°6
3027,2024-04-17,L23,Four 2,Changement bras de transfert,Section n°8,bras de transfert,15.0,import_2024,bras de transfert,section n°8,bras de transfert,Section n°8
3028,2024-04-18,L23,Four 2,Changement cartouche,Section n°8,cartouche,20.0,import_2024,cartouche,section n°8,cartouche,Section n°8
3029,2024-04-19,L23,Four 2,Changement de support compression,Section n°5,compression,25.0,import_2024,compression,section n°5,compression,Section n°5
3030,2024-04-20,L23,Four 2,Changement de médiane,Section n°1,médiane,30.0,import_2024,médiane,section n°1,médiane,Section n°1
3031,2024-04-20,L23,Four 2,Changement bras de transfert,Section n°7,bras de transfert,20.0,import_2024,bras de transfert,section n°7,bras de transfert,Section n°7
3032,2024-04-21,L23,Four 2,Changement des pinçettes,Section n°5,pincette,5.0,import_2024,pincette,section n°5,pincette,Section n°5
3033,2024-04-21,L23,Four 2,Changement des pinçettes,Section n°7,pincette,5.0,import_2024,pincette,section n°7,pincette,Section n°7
3034,2024-04-23,L23,Four 2,Changement de cartouche poinçon,Section n°7,poincon,30.0,import_2024,poincon,section n°7,poincon,Section n°7
3035,2024-04-23,L23,Four 2,Changement bras de transfert,Section n°7,bras de transfert,15.0,import_2024,bras de transfert,section n°7,bras de transfert,Section n°7
3036,2024-04-24,L23,Four 2,Changement des holders et inserts (Réglage joint ébaucheur et bague mal rendue),Section n°7,holders,230.0,import_2024,holders,section n°7,holders,Section n°7
3037,2024-04-24,L23,Four 2,Problème de compression,Section n°7,compression,120.0,import_2024,compression,section n°7,compression,Section n°7
3038,2024-04-25,L23,Four 2,Manque de compression,Section n°7,compression,90.0,import_2024,compression,section n°7,compression,Section n°7
3039,2024-04-25,L23,Four 2,Fuite de compression,Section n°7,compression,15.0,import_2024,compression,section n°7,compression,Section n°7
3040,2024-04-25,L23,Four 2,Changement du bras Take-Out,Section n°3,take-out,30.0,import_2024,take-out,section n°3,take-out,Section n°3
3041,2024-04-26,L23,Four 2,Changement du bras Take-Out,Section n°7,take-out,25.0,import_2024,take-out,section n°7,take-out,Section n°7
3042,2024-04-27,L23,Four 2,Problème d'adapteur cartouche poinçon,Section n°2,cartouche,10.0,import_2024,cartouche,section n°2,cartouche,Section n°2
3043,2024-04-27,L23,Four 2,Problème d'adapteur cartouche poinçon,Section n°6,cartouche,10.0,import_2024,cartouche,section n°6,cartouche,Section n°6
3044,2024-04-27,L23,Four 2,Changement bras de transfert,Section n°6,bras de transfert,20.0,import_2024,bras de transfert,section n°6,bras de transfert,Section n°6
3045,2024-04-27,L23,Four 2,Changement des pinçettes,Section n°6,pincette,5.0,import_2024,pincette,section n°6,pincette,Section n°6
3046,2024-04-28,L23,Four 2,Changement bras de transfert,Section n°7,bras de transfert,10.0,import_2024,bras de transfert,section n°7,bras de transfert,Section n°7
3047,2024-04-28,L23,Four 2,Changement cartouche,Section n°3,cartouche,25.0,import_2024,cartouche,section n°3,cartouche,Section n°3
3048,2024-05-01,L23,Four 2,Changement de support compression,Section n°7,compression,35.0,import_2024,compression,section n°7,compression,Section n°7
3049,2024-05-01,L23,Four 2,Problème au niveau de fermeture finisseur,Section n°2,fermeture,180.0,import_2024,fermeture,section n°2,fermeture,Section n°2
3050,2024-05-01,L23,Four 2,Mise a l'arche,Mise a l'arche,Mise a l'arche,15.0,import_2024,mise a l'arche,mise a l'arche,Mise a l'arche,Mise a l'arche
3051,2024-05-02,L23,Four 2,Changement bras de transfert,Section n°7,bras de transfert,20.0,import_2024,bras de transfert,section n°7,bras de transfert,Section n°7
3052,2024-05-02,L23,Four 2,Problème au niveau de fermeture finisseur,Section n°2,fermeture,20.0,import_2024,fermeture,section n°2,fermeture,Section n°2
3053,2024-05-03,L23,Four 2,Changement des inserts,Section n°5,insert,30.0,import_2024,insert,section n°5,insert,Section n°5
3054,2024-05-03,L23,Four 2,Changement des inserts,Section n°5,insert,45.0,import_2024,insert,section n°5,insert,Section n°5
3055,2024-05-03,L23,Four 2,Ajustement de niveaus du bras transfert,Section n°7,bras de transfert,40.0,import_2024,bras de transfert,section n°7,bras de transfert,Section n°7
3056,2024-05-03,L23,Four 2,Changement bras de transfert,Section n°4,bras de transfert,20.0,import_2024,bras de transfert,section n°4,bras de transfert,Section n°4
3057,2024-05-04,L23,Four 2,Changement de Nick-Ring et ajustement de niveau du bras transfert,Section n°5,bras de transfert,60.0,import_2024,bras de transfert,section n°5,bras de transfert,Section n°5
3058,2024-05-04,L23,Four 2,Changement cylindre,Section n°4,cylindre,240.0,import_2024,cylindre,section n°4,cylindre,Section n°4
3059,2024-05-05,L23,Four 2,Changement de cylindre poinçon,Section n°4,cylindre,240.0,import_2024,cylindre,section n°4,cylindre,Section n°4
3060,2024-05-05,L23,Four 2,Changement bras de transfert,Section n°8,bras de transfert,20.0,import_2024,bras de transfert,section n°8,bras de transfert,Section n°8
3061,2024-05-09,L23,Four 2,Mise a l'arche,Mise a l'arche,Mise a l'arche,5.0,import_2024,mise a l'arche,mise a l'arche,Mise a l'arche,Mise a l'arche
3062,2024-05-10,L23,Four 2,Panne éléctrique,Section n°5,AEE,20.0,import_2024,aee,section n°5,AEE,Section n°5
3063,2024-05-10,L23,Four 2,Changement bras de transfert,Section n°7,bras de transfert,20.0,import_2024,bras de transfert,section n°7,bras de transfert,Section n°7
3064,2024-05-11,L23,Four 2,Mise a l'arche,Mise a l'arche,Mise a l'arche,35.0,import_2024,mise a l'arche,mise a l'arche,Mise a l'arche,Mise a l'arche
3065,2024-05-12,L23,Four 2,Ajustement de chargement,Section n°2,décalage de la goutte,20.0,import_2024,décalage de la goutte,section n°2,décalage de la goutte,Section n°2
3066,2024-05-14,L23,Four 2,Changement du bras Take-Out,Section n°3,take-out,75.0,import_2024,take-out,section n°3,take-out,Section n°3
3067,2024-05-15,L23,Four 2,Mauvaise fonctionnement du bras Take-Out,Section n°3,take-out,105.0,import_2024,take-out,section n°3,take-out,Section n°3
3068,2024-05-18,L23,Four 2,Problème de compression,Section n°7,compression,25.0,import_2024,compression,section n°7,compression,Section n°7
3069,2024-05-19,L23,Four 2,Changement bras de transfert,Section n°7,bras de transfert,15.0,import_2024,bras de transfert,section n°7,bras de transfert,Section n°7
3070,2024-05-20,L23,Four 2,Changement des charnières,Section n°5,charniéres,60.0,import_2024,charniéres,section n°5,charniéres,Section n°5
3071,2024-05-21,L23,Four 2,Changement bras de transfert,Section n°6,bras de transfert,15.0,import_2024,bras de transfert,section n°6,bras de transfert,Section n°6
3072,2024-05-23,L23,Four 2,Changement de cartouche poinçon,Section n°5,poincon,45.0,import_2024,poincon,section n°5,poincon,Section n°5
3073,2024-05-23,L23,Four 2,Chute de courant,Machine,AEE,30.0,import_2024,aee,machine,AEE,Machine
3074,2024-05-24,L23,Four 2,Coinçement des moules ébaucheurs,Section n°1,fermeture,30.0,import_2024,fermeture,section n°1,fermeture,Section n°1
3075,2024-05-27,L23,Four 2,Changement de support compression,Section n°4,compression,60.0,import_2024,compression,section n°4,compression,Section n°4
3076,2024-05-27,L23,Four 2,Changement cartouche,Section n°5,cartouche,25.0,import_2024,cartouche,section n°5,cartouche,Section n°5
3077,2024-05-27,L23,Four 2,mauvaise d'ouverture Eb,Section n°1,Ouverture de moule,150.0,import_2024,ouverture de moule,section n°1,Ouverture de moule,Section n°1
3078,2024-05-28,L23,Four 2,mauvaise d'ouverture Eb,Section n°1,Ouverture de moule,38.0,import_2024,ouverture de moule,section n°1,Ouverture de moule,Section n°1
3079,2024-05-28,L23,Four 2,Changement bras de transfert,Section n°5,bras de transfert,15.0,import_2024,bras de transfert,section n°5,bras de transfert,Section n°5
3080,2024-05-28,L23,Four 2,Changement de cartouche poinçon,Section n°8,poincon,20.0,import_2024,poincon,section n°8,poincon,Section n°8
3081,2024-05-28,L23,Four 2,Manque de l'eau de ciseaux,Machine,Mécanisme Ciseaux,10.0,import_2024,mécanisme ciseaux,machine,Mécanisme ciseaux,Machine
3082,2024-05-30,L23,Four 2,Changement bras de transfert,Section n°7,bras de transfert,25.0,import_2024,bras de transfert,section n°7,bras de transfert,Section n°7
3083,2024-05-30,L23,Four 2,Changement de cartouche poinçon,Section n°2,poincon,15.0,import_2024,poincon,section n°2,poincon,Section n°2
3084,2024-05-31,L23,Four 2,Changement bras de transfert,Section n°6,bras de transfert,15.0,import_2024,bras de transfert,section n°6,bras de transfert,Section n°6
3085,2024-05-31,L23,Four 2,Changement de cartouche poinçon,Section n°7,poincon,60.0,import_2024,poincon,section n°7,poincon,Section n°7
3086,2024-05-31,L23,Four 2,Changement cylindre,Section n°5,cylindre,180.0,import_2024,cylindre,section n°5,cylindre,Section n°5
3087,2024-05-31,L23,Four 2,Changement cylindre,Section n°7,cylindre,210.0,import_2024,cylindre,section n°7,cylindre,Section n°7
3088,2024-06-02,L23,Four 2,Mauvaise montée de poinçon,Section n°2,poincon,40.0,import_2024,poincon,section n°2,poincon,Section n°2
3089,2024-06-06,L23,Four 2,chute pression,Machine,pression,10.0,import_2024,pression,machine,pression,Machine
3090,2024-06-07,L23,Four 2,Panne électrique,Section n°1,AEE,45.0,import_2024,aee,section n°1,AEE,Section n°1
3091,2024-06-09,L23,Four 2,Panne au niveau de Verti-Flow finisseur,Section n°6,verti-flow,60.0,import_2024,verti-flow,section n°6,verti-flow,Section n°6
3092,2024-06-10,L23,Four 2,Changement d'adapteur,Section n°7,adapteur,20.0,import_2024,adapteur,section n°7,adapteur,Section n°7
3093,2024-06-11,L23,Four 2,Mauvaise fonctionnement du bras Take-Out,Section n°3,bras de transfert,25.0,import_2024,bras de transfert,section n°3,bras de transfert,Section n°3
3094,2024-06-11,L23,Four 2,Changement bras de transfert,Section n°7,bras de transfert,15.0,import_2024,bras de transfert,section n°7,bras de transfert,Section n°7
3095,2024-06-11,L23,Four 2,Serrage d'adapteur,Section n°7,adapteur,30.0,import_2024,adapteur,section n°7,adapteur,Section n°7
3096,2024-06-11,L23,Four 2,Changement de rédicteur mécanisme bras Take-Out,Section n°3,take-out,65.0,import_2024,take-out,section n°3,take-out,Section n°3
3097,2024-06-13,L23,Four 2,Changement de cartouche poinçon,Section n°5,poincon,30.0,import_2024,poincon,section n°5,poincon,Section n°5
3098,2024-06-15,L23,Four 2,Changement bras de transfert,Section n°1,bras de transfert,15.0,import_2024,bras de transfert,section n°1,bras de transfert,Section n°1
3099,2024-06-16,L23,Four 2,Changement bras de transfert,Section n°2,bras de transfert,10.0,import_2024,bras de transfert,section n°2,bras de transfert,Section n°2
3100,2024-06-16,L23,Four 2,Changement bras de transfert,Section n°2,bras de transfert,25.0,import_2024,bras de transfert,section n°2,bras de transfert,Section n°2
3101,2024-06-16,L23,Four 2,Variation verti-flow,Section n°2,verti-flow,75.0,import_2024,verti-flow,section n°2,verti-flow,Section n°2
3102,2024-06-16,L23,Four 2,Serrage d'adapteur,Section n°5,adapteur,15.0,import_2024,adapteur,section n°5,adapteur,Section n°5
3103,2024-06-18,L23,Four 2,Convoyeur mise a l'arche,convoyeur mise a l'arche,convoyeur mise a l'arche,20.0,import_2024,convoyeur mise a l'arche,convoyeur mise a l'arche,convoyeur mise a l'arche,convoyeur mise a l'arche
3104,2024-06-20,L23,Four 2,Manque de l'eau de ciseaux,ciseaux,Mécanisme Ciseaux,10.0,import_2024,mécanisme ciseaux,ciseaux,Mécanisme ciseaux,Ciseaux
3105,2024-06-20,L23,Four 2,Changement bras de transfert,Section n°2,bras de transfert,15.0,import_2024,bras de transfert,section n°2,bras de transfert,Section n°2
3106,2024-06-21,L23,Four 2,Serrage d'adapteur,Section n°5,adapteur,15.0,import_2024,adapteur,section n°5,adapteur,Section n°5
3107,2024-06-21,L23,Four 2,Variation compression,Section n°7,compression,30.0,import_2024,compression,section n°7,compression,Section n°7
3108,2024-06-21,L23,Four 2,Pontographe endommagé,Section n°7,pontographe,30.0,import_2024,pontographe,section n°7,pontographe,Section n°7
3109,2024-06-21,L23,Four 2,manque de compression,Section n°7,compression,185.0,import_2024,compression,section n°7,compression,Section n°7
3110,2024-06-23,L23,Four 2,Changement bras de transfert,Section n°8,bras de transfert,30.0,import_2024,bras de transfert,section n°8,bras de transfert,Section n°8
3111,2024-06-23,L23,Four 2,Changement bras de transfert,Section n°7,bras de transfert,30.0,import_2024,bras de transfert,section n°7,bras de transfert,Section n°7
3112,2024-06-25,L23,Four 2,ATC,ATC,transfert,5.0,import_2024,transfert,atc,transfert,ATC
3113,2024-06-26,L23,Four 2,Changement ciseaux,ciseaux,Mécanisme Ciseaux,150.0,import_2024,mécanisme ciseaux,ciseaux,Mécanisme ciseaux,Ciseaux
3114,2024-06-28,L23,Four 2,Changement bras de transfert,Section n°7,bras de transfert,30.0,import_2024,bras de transfert,section n°7,bras de transfert,Section n°7
3115,2024-06-28,L23,Four 2,Réglage de niveau d'entonnoir,Section n°1,entonnoire,20.0,import_2024,entonnoire,section n°1,entonnoire,Section n°1
3116,2024-06-29,L23,Four 2,Mise a l'arche,Mise a l'arche,Mise a l'arche,5.0,import_2024,mise a l'arche,mise a l'arche,Mise a l'arche,Mise a l'arche
3117,2024-06-30,L23,Four 2,Changement de support compression,Section n°2,compression,30.0,import_2024,compression,section n°2,compression,Section n°2
3118,2024-06-30,L23,Four 2,Mauvaise fonctionnement de support compression,Section n°2,compression,20.0,import_2024,compression,section n°2,compression,Section n°2
3119,2024-06-30,L23,Four 2,Coupure de courant,Machine,AEE,14.0,import_2024,aee,machine,AEE,Machine
3120,2024-07-01,L23,Four 2,Coupure de courant,Machine,AEE,16.0,import_2024,aee,machine,AEE,Machine
3121,2024-07-03,L23,Four 2,Changement de distributeur poinçon,Section n°6,poincon,30.0,import_2024,poincon,section n°6,poincon,Section n°6
3122,2024-07-04,L23,Four 2,Mise a l'arche,Mise a l'arche,Mise a l'arche,10.0,import_2024,mise a l'arche,mise a l'arche,Mise a l'arche,Mise a l'arche
3123,2024-07-08,L23,Four 2,Changement du bras transfert,Section n°5,bras de transfert,25.0,import_2024,bras de transfert,section n°5,bras de transfert,Section n°5
3124,2024-07-14,L23,Four 2,Changement du bras transfert,Section n°5,bras de transfert,20.0,import_2024,bras de transfert,section n°5,bras de transfert,Section n°5
3125,2024-07-20,L23,Four 2,Réglage bras de transfert,Section n°1,bras de transfert,15.0,import_2024,bras de transfert,section n°1,bras de transfert,Section n°1
3126,2024-07-20,L23,Four 2,Changement cartouche poincon,Section n°5,Poincon,20.0,import_2024,poincon,section n°5,poincon,Section n°5
3127,2024-07-22,L23,Four 2,Changement support compression,Section n°3,Support compression,25.0,import_2024,support compression,section n°3,support compression,Section n°3
3128,2024-07-25,L23,Four 2,Changement support compression,Section n°5,Support compression,20.0,import_2024,support compression,section n°5,support compression,Section n°5
3129,2024-07-26,L23,Four 2,Changement bras de transfert,Section n°7,bras de transfert,15.0,import_2024,bras de transfert,section n°7,bras de transfert,Section n°7
3130,2024-07-26,L23,Four 2,Mauvaise fermeture Eb,Section n°5,,60.0,import_2024,,section n°5,,Section n°5
3131,2024-07-30,L23,Four 2,Changement bras de transfert,Section n°2,bras de transfert,20.0,import_2024,bras de transfert,section n°2,bras de transfert,Section n°2
3132,2024-08-05,L23,Four 2,Changement bras take-out,Section n°2,bras take-out,25.0,import_2024,bras take-out,section n°2,bras take-out,Section n°2
3133,2024-08-05,L23,Four 2,Changement bras de transfert,Section n°5,bras de transfert,20.0,import_2024,bras de transfert,section n°5,bras de transfert,Section n°5
3134,2024-08-05,L23,Four 2,Bras de transfert,Section n°2,bras de transfert,105.0,import_2024,bras de transfert,section n°2,bras de transfert,Section n°2
3135,2024-08-17,L23,Four 2,Bras de transfert endommagé,Section n°5,bras de transfert,60.0,import_2024,bras de transfert,section n°5,bras de transfert,Section n°5
3136,2024-08-18,L23,Four 2,AEE,Section n°7,Section n°7,510.0,import_2024,section n°7,section n°7,Section n°7,Section n°7
3137,2024-08-23,L23,Four 2,Mauvaise fermeture Eb,Section n°4,fermuture,180.0,import_2024,fermuture,section n°4,fermuture,Section n°4
3138,2024-08-23,L23,Four 2,Mauvaise descente poincon,Section n°4,poincon,120.0,import_2024,poincon,section n°4,poincon,Section n°4
3139,2024-08-24,L23,Four 2,Changement les inserts,Section n°4,insert,30.0,import_2024,insert,section n°4,insert,Section n°4
3140,2024-08-24,L23,Four 2,convoyeur machine,Machine,convoyeur machine,20.0,import_2024,convoyeur machine,machine,convoyeur machine,Machine
3141,2024-08-24,L23,Four 2,Changement bras take-out,Section n°1,bras take-out,25.0,import_2024,bras take-out,section n°1,bras take-out,Section n°1
3142,2024-08-25,L23,Four 2,Changement mécanisme bras de transfert,Section n°6,bras de transfert,180.0,import_2024,bras de transfert,section n°6,bras de transfert,Section n°6
3143,2024-08-25,L23,Four 2,Changement support compression,Section n°6,compression,30.0,import_2024,compression,section n°6,compression,Section n°6
3144,2024-08-25,L23,Four 2,Changement bras take-out,Section n°4,bras take-out,25.0,import_2024,bras take-out,section n°4,bras take-out,Section n°4
3145,2024-08-25,L23,Four 2,Changement bras de transfert,Section n°5,bras de transfert,30.0,import_2024,bras de transfert,section n°5,bras de transfert,Section n°5
3146,2024-08-26,L23,Four 2,ATC,ATC,ATC,40.0,import_2024,atc,atc,ATC,ATC
3147,2024-08-26,L23,Four 2,Changement bras take-out,Section n°3,bras take-out,60.0,import_2024,bras take-out,section n°3,bras take-out,Section n°3
3148,2024-08-28,L23,Four 2,Mauvaise fermeture Eb,Section n°4,fermeture,15.0,import_2024,fermeture,section n°4,fermeture,Section n°4
3149,2024-08-28,L23,Four 2,convoyeur machine,Machine,convoyeur machine,60.0,import_2024,convoyeur machine,machine,convoyeur machine,Machine
3150,2024-08-28,L23,Four 2,Nettoyage rondelee,Machine,rondelle,30.0,import_2024,rondelle,machine,rondelle,Machine
3151,2024-08-29,L23,Four 2,Purger la cuvette,Machine,machine,20.0,import_2024,machine,machine,Machine,Machine
3152,2024-09-04,L23,Four 2,Changement support téte soflage,Section n°1,soflage,30.0,import_2024,soflage,section n°1,soflage,Section n°1
3153,2024-09-05,L23,Four 2,Changement distributeur poincon 4 fois,Section n°4,distributeur,65.0,import_2024,distributeur,section n°4,distributeur,Section n°4
3154,2024-09-06,L23,Four 2,Arret ATC,Machine,ATC,10.0,import_2024,atc,machine,ATC,Machine
3155,2024-09-07,L23,Four 2,Probléme de pecage: changement distripiteur 3 fois,Section n°4,distributeur,65.0,import_2024,distributeur,section n°4,distributeur,Section n°4
3156,2024-09-09,L23,Four 2,Changement bras de transfert,Section n°1,bras de transfert,20.0,import_2024,bras de transfert,section n°1,bras de transfert,Section n°1
3157,2024-09-09,L23,Four 2,Changement bras de transfert,Section n°8,bras de transfert,20.0,import_2024,bras de transfert,section n°8,bras de transfert,Section n°8
3158,2024-09-10,L23,Four 2,Changement bras de transfert,Section n°5,bras de transfert,20.0,import_2024,bras de transfert,section n°5,bras de transfert,Section n°5
3159,2024-09-11,L23,Four 2,Changement moteur ciseaux,mécanisme ciseaux,machine,240.0,import_2024,machine,mécanisme ciseaux,Machine,Mécanisme ciseaux
3160,2024-09-13,L23,Four 2,Changement support compression,Section n°5,compression,40.0,import_2024,compression,section n°5,compression,Section n°5
3161,2024-09-13,L23,Four 2,AEE,Section n°7,AEE,60.0,import_2024,aee,section n°7,AEE,Section n°7
3162,2024-09-14,L23,Four 2,Changement mécaniseme reippeur,Section n°7,rippeur,195.0,import_2024,rippeur,section n°7,rippeur,Section n°7
3163,2024-09-15,L23,Four 2,Changement moteur bras de take-out,Section n°3,take-out,180.0,import_2024,take-out,section n°3,take-out,Section n°3
3164,2024-09-16,L23,Four 2,Vibration pincette,Section n°3,pincette,60.0,import_2024,pincette,section n°3,pincette,Section n°3
3165,2024-09-17,L23,Four 2,AEE,Section n°3,AEE,120.0,import_2024,aee,section n°3,AEE,Section n°3
3166,2024-09-17,L23,Four 2,AEE,Section n°4,AEE,340.0,import_2024,aee,section n°4,AEE,Section n°4
3167,2024-09-17,L23,Four 2,AEE,Section n°5,AEE,400.0,import_2024,aee,section n°5,AEE,Section n°5
3168,2024-09-17,L23,Four 2,AEE,Section n°3,AEE,265.0,import_2024,aee,section n°3,AEE,Section n°3
3169,2024-09-18,L23,Four 2,Bras de transfert,Section n°1,bras de transfert,20.0,import_2024,bras de transfert,section n°1,bras de transfert,Section n°1
3170,2024-09-19,L23,Four 2,AEE,Section n°8,AEE,15.0,import_2024,aee,section n°8,AEE,Section n°8
3171,2024-09-19,L23,Four 2,Changement support compression,Section n°3,compression,30.0,import_2024,compression,section n°3,compression,Section n°3
3172,2024-09-20,L23,Four 2,Changement ciseaux,Machine,mécanisme ciseaux,40.0,import_2024,mécanisme ciseaux,machine,Mécanisme ciseaux,Machine
3173,2024-09-20,L23,Four 2,Changement bras de transfert,Section n°1,bras de transfert,15.0,import_2024,bras de transfert,section n°1,bras de transfert,Section n°1
3174,2024-09-23,L23,Four 2,Changement bras de take-out,Section n°6,bras take-out,25.0,import_2024,bras take-out,section n°6,bras take-out,Section n°6
3175,2024-09-23,L23,Four 2,Changement bras de transfert,Section n°5,bras de transfert,85.0,import_2024,bras de transfert,section n°5,bras de transfert,Section n°5
3176,2024-09-25,L23,Four 2,Mauvaise fonctionnement de bloc ciseaux,Machine,ciseaux,60.0,import_2024,ciseaux,machine,Ciseaux,Machine
3177,2024-09-25,L23,Four 2,changement cartouche poincon,Section n°5,poincon,35.0,import_2024,poincon,section n°5,poincon,Section n°5
3178,2024-09-26,L23,Four 2,Changement bras de tansfert,Section n°1,bras de transfert,30.0,import_2024,bras de transfert,section n°1,bras de transfert,Section n°1
3179,2024-09-27,L23,Four 2,Changement bras de tansfert,Section n°1,bras de transfert,30.0,import_2024,bras de transfert,section n°1,bras de transfert,Section n°1
3180,2024-09-28,L23,Four 2,Changement support compresion,Section n°5,support compression,30.0,import_2024,support compression,section n°5,support compression,Section n°5
3181,2024-09-30,L23,Four 2,Mauvaise fermeture Eb,Section n°8,fermeture Eb,85.0,import_2024,fermeture eb,section n°8,fermeture Eb,Section n°8
3182,2024-09-30,L23,Four 2,Changement des inserts ébaucheurs,Section n°6,insert,30.0,import_2024,insert,section n°6,insert,Section n°6
3183,2024-09-30,L23,Four 2,Changement bras de tansfert,Section n°6,bras de transfert,15.0,import_2024,bras de transfert,section n°6,bras de transfert,Section n°6
3184,2024-09-30,L23,Four 2,Changement des inserts ébaucheurs,Section n°8,insert,30.0,import_2024,insert,section n°8,insert,Section n°8
3185,2024-10-01,L23,Four 2,changement cartouche poincon,Section n°2,poincon,150.0,import_2024,poincon,section n°2,poincon,Section n°2
3186,2024-10-01,L23,Four 2,changement De Distributeur Noyau,Section n°7,distributeur,60.0,import_2024,distributeur,section n°7,distributeur,Section n°7
3187,2024-10-01,L23,Four 2,Manque de pression,machine,machine,10.0,import_2024,machine,machine,Machine,Machine
3188,2024-10-01,L23,Four 2,changement De Distributeur Noyau,Section n°7,distributeur,60.0,import_2024,distributeur,section n°7,distributeur,Section n°7
3189,2024-10-01,L23,Four 2,changement de distributeur,Section n°5,verti-flow,60.0,import_2024,verti-flow,section n°5,verti-flow,Section n°5
3190,2024-10-01,L23,Four 2,Support de Compression,Section n°3,compression,15.0,import_2024,compression,section n°3,compression,Section n°3
3191,2024-10-01,L23,Four 2,manque vertiflow EB,Section n°5,verti-flow,90.0,import_2024,verti-flow,section n°5,verti-flow,Section n°5
3192,2024-10-01,L23,Four 2,Enverage de Scoope,Machine,scoop,10.0,import_2024,scoop,machine,scoop,Machine
3193,2024-10-03,L23,Four 2,Mal Fermeture Finisseur,Section n°3,fermeture,15.0,import_2024,fermeture,section n°3,fermeture,Section n°3
3194,2024-10-03,L23,Four 2,Mauaise Fonc Bras Transfert,Section n°4,bras de transfert,25.0,import_2024,bras de transfert,section n°4,bras de transfert,Section n°4
3195,2024-10-03,L23,Four 2,mauvaise fonctionnemet bras de transfert,Section n°4,bras de transfert,25.0,import_2024,bras de transfert,section n°4,bras de transfert,Section n°4
3196,2024-10-04,L23,Four 2,mauvaise foncionnement bras take out,Section n°2,take-out,20.0,import_2024,take-out,section n°2,take-out,Section n°2
3197,2024-10-04,L23,Four 2,changement de Support de compression,Section n°4,support compression,30.0,import_2024,support compression,section n°4,support compression,Section n°4
3198,2024-10-05,L23,Four 2,manque huil de refroidissement ciseaux,Machine,mécanisme ciseaux,10.0,import_2024,mécanisme ciseaux,machine,Mécanisme ciseaux,Machine
3199,2024-10-06,L23,Four 2,mauvaise fonctionnement Bras de transfert,Section n°5,bras de transfert,35.0,import_2024,bras de transfert,section n°5,bras de transfert,Section n°5
3200,2024-10-06,L23,Four 2,Mauvaise gonflage,Section n°8,gonflage,45.0,import_2024,gonflage,section n°8,gonflage,Section n°8
3201,2024-10-07,L23,Four 2,coincement au niveau de cartouche de poinçon Milieu,Section n°8,cartouche poincon,60.0,import_2024,cartouche poincon,section n°8,cartouche poincon,Section n°8
3202,2024-10-07,L23,Four 2,Manque D'air de Perçage,Section n°4,percage,45.0,import_2024,percage,section n°4,percage,Section n°4
3203,2024-10-07,L23,Four 2,Mauvaise Fonct Bras Transfert,Section n°7,bras de transfert,20.0,import_2024,bras de transfert,section n°7,bras de transfert,Section n°7
3204,2024-10-08,L23,Four 2,Changement Pincettes,Section n°3,pincette,40.0,import_2024,pincette,section n°3,pincette,Section n°3
3205,2024-10-08,L23,Four 2,mauvaise foncionnement bras take out,Section n°3,take-out,30.0,import_2024,take-out,section n°3,take-out,Section n°3
3206,2024-10-08,L23,Four 2,mauvaise fonctionnement Bras de transfert,Section n°4,bras de transfert,10.0,import_2024,bras de transfert,section n°4,bras de transfert,Section n°4
3207,2024-10-13,L23,Four 2,changement bras take-out,Section n°3,take-out,60.0,import_2024,take-out,section n°3,take-out,Section n°3
3208,2024-10-15,L23,Four 2,Mauvaise fonctionnement de support entonnoir,Section n°2,entonnoir,35.0,import_2024,entonnoir,section n°2,entonnoir,Section n°2
3209,2024-10-16,L23,Four 2,Manque de Verti-Flow,Section n°3,verti-flow,30.0,import_2024,verti-flow,section n°3,verti-flow,Section n°3
3210,2024-10-27,L23,Four 2,changement de console,Section n°5,verti-flow,120.0,import_2024,verti-flow,section n°5,verti-flow,Section n°5
3211,2024-10-28,L23,Four 2,changé cartouche de poinçon,Section n°6,cartouche,30.0,import_2024,cartouche,section n°6,cartouche,Section n°6
3212,2024-10-28,L23,Four 2,Changement bras de transfert,Section n°5,bras de transfert,15.0,import_2024,bras de transfert,section n°5,bras de transfert,Section n°5
3213,2024-10-30,L23,Four 2,mauvaise fonctionnement de noyau,Section n°5,Noyau,70.0,import_2024,noyau,section n°5,Noyau,Section n°5
3214,2024-10-30,L23,Four 2,Changement bras take-out,Section n°6,take-out,40.0,import_2024,take-out,section n°6,take-out,Section n°6
3215,2024-10-30,L23,Four 2,mauvaise fonctionnement de noyau,Section n°1,Noyau,30.0,import_2024,noyau,section n°1,Noyau,Section n°1
3216,2024-10-30,L23,Four 2,mauvaise fonctionnement de noyau,Section n°5,Noyau,30.0,import_2024,noyau,section n°5,Noyau,Section n°5
3217,2024-10-30,L23,Four 2,Manque de Verti-Flow,Section n°6,verti-flow,60.0,import_2024,verti-flow,section n°6,verti-flow,Section n°6
3218,2024-10-31,L23,Four 2,manque vis rechange de serrage nick-ring,Section n°2,nick-ring,100.0,import_2024,nick-ring,section n°2,nick-ring,Section n°2
3219,2024-10-31,L23,Four 2,Mauvaise Fonct Bras Transfert,Section n°2,bras de transfert,10.0,import_2024,bras de transfert,section n°2,bras de transfert,Section n°2
3220,2024-10-31,L23,Four 2,Mauvaise Fonct Bras Transfert,Section n°5,bras de transfert,20.0,import_2024,bras de transfert,section n°5,bras de transfert,Section n°5
3221,2024-11-01,L23,Four 2,enverrage de section,Section n°1,enverrage,45.0,import_2024,enverrage,section n°1,enverrage,Section n°1
3222,2024-11-01,L23,Four 2,enverrage de section,Section n°3,enverrage,70.0,import_2024,enverrage,section n°3,enverrage,Section n°3
3223,2024-11-01,L23,Four 2,enverrage de section,Section n°7,enverrage,55.0,import_2024,enverrage,section n°7,enverrage,Section n°7
3224,2024-11-01,L23,Four 2,Coincement bras de transfert,Section n°2,bras de transfert,210.0,import_2024,bras de transfert,section n°2,bras de transfert,Section n°2
3225,2024-11-02,L23,Four 2,Mauvaise fonctionnemet bras Take_out,Section n°2,take-out,90.0,import_2024,take-out,section n°2,take-out,Section n°2
3226,2024-11-02,L23,Four 2,Mauvaise fonctionnemet bras Take_out,Section n°3,take-out,90.0,import_2024,take-out,section n°3,take-out,Section n°3
3227,2024-11-02,L23,Four 2,Manque de Verti-Flow,Section n°8,verti-flow,60.0,import_2024,verti-flow,section n°8,verti-flow,Section n°8
3228,2024-11-02,L23,Four 2,Mauvaise fonctionnemet bras Take_out,Section n°2,take-out,80.0,import_2024,take-out,section n°2,take-out,Section n°2
3229,2024-11-02,L23,Four 2,Mauvaise Fonct Bras Transfert,Section n°5,bras de transfert,20.0,import_2024,bras de transfert,section n°5,bras de transfert,Section n°5
3230,2024-11-03,L23,Four 2,Changement rippeur,Section n°3,rippeur,10.0,import_2024,rippeur,section n°3,rippeur,Section n°3
3231,2024-11-03,L23,Four 2,Mauvaise Fonct Bras Transfert,Section n°2,bras de transfert,20.0,import_2024,bras de transfert,section n°2,bras de transfert,Section n°2
3232,2024-11-03,L23,Four 2,Arret machine a cause mauvaise fonctionnement d'ejecteur scoope,scoop,scoop,45.0,import_2024,scoop,scoop,scoop,scoop
3233,2024-11-04,L23,Four 2,Coincement au niveau montée support entonnoir,Section n°5,support entonnoir,80.0,import_2024,support entonnoir,section n°5,support entonnoir,Section n°5
3234,2024-11-05,L23,Four 2,Changement mécanisme rippeur,Section n°8,rippeur,60.0,import_2024,rippeur,section n°8,rippeur,Section n°8
3235,2024-11-06,L23,Four 2,Mauvaise Fonct Bras Transfert,Section n°1,bras de transfert,10.0,import_2024,bras de transfert,section n°1,bras de transfert,Section n°1
3236,2024-11-06,L23,Four 2,Mauvaise Fonct Bras Transfert,Section n°3,bras de transfert,10.0,import_2024,bras de transfert,section n°3,bras de transfert,Section n°3
3237,2024-11-06,L23,Four 2,Mauvaise Fonct Bras Transfert,Section n°4,bras de transfert,10.0,import_2024,bras de transfert,section n°4,bras de transfert,Section n°4
3238,2024-11-07,L23,Four 2,Arret mise a l'arche,Mise a l'arche,Mise a l'arche,4.0,import_2024,mise a l'arche,mise a l'arche,Mise a l'arche,Mise a l'arche
3239,2024-11-09,L23,Four 2,Enverrage scoop,scoop,scoop,15.0,import_2024,scoop,scoop,scoop,scoop
3240,2024-11-10,L23,Four 2,Vibration pincette,Section n°3,pincette,160.0,import_2024,pincette,section n°3,pincette,Section n°3
3241,2024-11-10,L23,Four 2,Vibration pincette,Section n°3,pincette,45.0,import_2024,pincette,section n°3,pincette,Section n°3
3242,2024-11-10,L23,Four 2,Mauvaise Fonct Bras Transfert,Section n°4,bras de transfert,35.0,import_2024,bras de transfert,section n°4,bras de transfert,Section n°4
3243,2024-11-10,L23,Four 2,changement cartouche poincon,Section n°2,cartouche poincon,25.0,import_2024,cartouche poincon,section n°2,cartouche poincon,Section n°2
3244,2024-11-10,L23,Four 2,changement bras transfert,Section n°4,bras de tranfert,15.0,import_2024,bras de tranfert,section n°4,bras de tranfert,Section n°4
3245,2024-11-18,L23,Four 2,Mise a niveau bras transfert,Section n°6,bras de transfert,35.0,import_2024,bras de transfert,section n°6,bras de transfert,Section n°6
3246,2024-11-18,L23,Four 2,changement bras transfert,Section n°1,bras de tranfert,15.0,import_2024,bras de tranfert,section n°1,bras de tranfert,Section n°1
3247,2024-11-19,L23,Four 2,changement bras transfert,Section n°5,bras de tranfert,15.0,import_2024,bras de tranfert,section n°5,bras de tranfert,Section n°5
3248,2024-11-20,L23,Four 2,Mauvaise fonctionnement de plongeur,Machine,plongeur,15.0,import_2024,plongeur,machine,plongeur,Machine
3249,2024-11-20,L23,Four 2,Arret tapis d'arche AEE,tapis d'arche,tapis d'arche,10.0,import_2024,tapis d'arche,tapis d'arche,Tapis d'arche,Tapis d'arche
3250,2024-11-21,L23,Four 2,Coincement tapis de convoyeur arche,convoyeur arche,convoyeur arche,30.0,import_2024,convoyeur arche,convoyeur arche,convoyeur arche,convoyeur arche
3251,2024-11-23,L23,Four 2,changement bras take-out,Section n°4,take-out,30.0,import_2024,take-out,section n°4,take-out,Section n°4
3252,2024-11-27,L23,Four 2,Changement médiane,Section n°1,médiane,25.0,import_2024,médiane,section n°1,médiane,Section n°1
3253,2024-11-27,L23,Four 2,Vis de support de copression Endommagé,Section n°5,compression,30.0,import_2024,compression,section n°5,compression,Section n°5
3254,2024-11-27,L23,Four 2,Manque MDB,Section n°2,MDB,20.0,import_2024,mdb,section n°2,MDB,Section n°2
3255,2024-11-29,L23,Four 2,Changement bras take-out,Section n°6,take-out,45.0,import_2024,take-out,section n°6,take-out,Section n°6
3256,2024-11-30,L23,Four 2,Changement flexible de refroidissement scoop,scoop,scoop,20.0,import_2024,scoop,scoop,scoop,scoop
3257,2024-12-01,L23,Four 2,Changement support de compression 2 fois,Section n°7,support de compression,20.0,import_2024,support de compression,section n°7,support de compression,Section n°7
3258,2024-12-01,L23,Four 2,Manque de compression,Section n°3,compression,25.0,import_2024,compression,section n°3,compression,Section n°3
3259,2024-12-04,L23,Four 2,Mauvaise fonctionnement bloc ciseaux,mécanisme ciseaux,mécanisme ciseaux,105.0,import_2024,mécanisme ciseaux,mécanisme ciseaux,Mécanisme ciseaux,Mécanisme ciseaux
3260,2024-12-04,L23,Four 2,Mauvaise fonctionnement bloc ciseaux,mécanisme ciseaux,mécanisme ciseaux,100.0,import_2024,mécanisme ciseaux,mécanisme ciseaux,Mécanisme ciseaux,Mécanisme ciseaux
